Name,Location,Sales Revenue (M),Industry,State
"Corteva, Inc.","Indianapolis, Indiana


                    United States",,Biochem/Fertilizers,Indiana
"Keystone Cooperative, Inc.","Hagerstown, Indiana


                    United States",,Biochem/Fertilizers,Indiana
"Keystone Cooperative, Inc.","Frankfort, Indiana


                    United States",,Biochem/Fertilizers,Indiana
"NACHURS ALPINE SOLUTIONS, LLC","Corydon, Indiana


                    United States",,Biochem/Fertilizers,Indiana
"ROGERS GROUP, INC.","Vincennes, Indiana


                    United States",,Biochem/Fertilizers,Indiana
"Keystone Cooperative, Inc.","Fountaintown, Indiana


                    United States",,Biochem/Fertilizers,Indiana
"SUPERIOR AG RESOURCES COOPERATIVE, INC.","Owensville, Indiana


                    United States",,Biochem/Fertilizers,Indiana
AGBEST COOPERATIVE INCORPORATED,"Gaston, Indiana


                    United States",,Biochem/Fertilizers,Indiana
"ANDERSONS AGRICULTURE GROUP, L.P","Galveston, Indiana


                    United States",,Biochem/Fertilizers,Indiana
"Keystone Cooperative, Inc.","Michigantown, Indiana


                    United States",,Biochem/Fertilizers,Indiana
"GREENCYCLE, INC","Noblesville, Indiana


                    United States",,Biochem/Fertilizers,Indiana
"KOCH INDUSTRIES, INC.","Huntington, Indiana


                    United States",,Biochem/Fertilizers,Indiana
"FARMER AUTOMATIC OF AMERICA, INC.","Rochester, Indiana


                    United States",,Biochem/Fertilizers,Indiana
The Scotts Miracle-Gro Company,"Reynolds, Indiana


                    United States",,Biochem/Fertilizers,Indiana
"ANDERSONS AGRICULTURE GROUP, L.P","Logansport, Indiana


                    United States",,Biochem/Fertilizers,Indiana
"HELENA AGRI-ENTERPRISES, LLC","Huntington, Indiana


                    United States",,Biochem/Fertilizers,Indiana
"EIDP, Inc.","Indianapolis, Indiana


                    United States",16908,Biochem/Fertilizers,Indiana
"Corteva, Inc.","Indianapolis, Indiana


                    United States",16908,Biochem/Fertilizers,Indiana
"Keystone Cooperative, Inc.","Indianapolis, Indiana


                    United States",487.68,Biochem/Fertilizers,Indiana
Sepro Corporation,"Carmel, Indiana


                    United States",69.23,Biochem/Fertilizers,Indiana
V Global Holdings LLC,"Indianapolis, Indiana


                    United States",48.31,Biochem/Fertilizers,Indiana
Mycogen Corporation,"Indianapolis, Indiana


                    United States",40.36,Biochem/Fertilizers,Indiana
"Kova Fertilizer, Inc.","Greensburg, Indiana


                    United States",22.84,Biochem/Fertilizers,Indiana
"Hello Nature USA, Inc.","Anderson, Indiana


                    United States",14,Biochem/Fertilizers,Indiana
Clunette Elevator Co Inc,"Leesburg, Indiana


                    United States",9.79,Biochem/Fertilizers,Indiana
Eli Lilly International Corporation,"Indianapolis, Indiana


                    United States",9.2,Biochem/Fertilizers,Indiana
Knox Fertilizer Company Inc,"Knox, Indiana


                    United States",8.64,Biochem/Fertilizers,Indiana
Roy Umbarger And Sons Inc,"Franklin, Indiana


                    United States",7.08,Biochem/Fertilizers,Indiana
"Landec Ag, Inc.","Oxford, Indiana


                    United States",4.77,Biochem/Fertilizers,Indiana
"Laughery Valley Ag Co-op, Inc.","Osgood, Indiana


                    United States",4.68,Biochem/Fertilizers,Indiana
Anderson's Fertilizer Service Inc,"Romney, Indiana


                    United States",3.88,Biochem/Fertilizers,Indiana
"Frank Miller & Sons, Incorporated","Mokena, Illinois


                    United States",3.26,Biochem/Fertilizers,Indiana
Dintec Agrichemicals,"Indianapolis, Indiana


                    United States",1.8,Biochem/Fertilizers,Indiana
Corteva Agriscience LLC,"Indianapolis, Indiana


                    United States",1.39,Biochem/Fertilizers,Indiana
"Agriselect Evansville, LLC","Evansville, Indiana


                    United States",1.3,Biochem/Fertilizers,Indiana
BUNDY BROS AND SONS INC,"Medora, Indiana


                    United States",0.98,Biochem/Fertilizers,Indiana
"MonoFoilUSA, LLC","Elwood, Indiana


                    United States",0.96,Biochem/Fertilizers,Indiana
Wilson Fertilizer & Grain Inc,"Rochester, Indiana


                    United States",0.85,Biochem/Fertilizers,Indiana
Dow Elanco Sciences,"Indianapolis, Indiana


                    United States",0.8,Biochem/Fertilizers,Indiana
"SOUTHERN INDIANA CHEMICAL, INC.","Washington, Indiana


                    United States",0.51,Biochem/Fertilizers,Indiana
DOW AGROSCIENCE,"West Lafayette, Indiana


                    United States",0.51,Biochem/Fertilizers,Indiana
OLYMPUS MANAGEMENT LLC,"Noblesville, Indiana


                    United States",0.48,Biochem/Fertilizers,Indiana
OSTLER ENTERPRISES INC.,"Frankfort, Indiana


                    United States",0.47,Biochem/Fertilizers,Indiana
DUPONT COMMONS LLC,"Fort Wayne, Indiana


                    United States",0.4,Biochem/Fertilizers,Indiana
"Terremax Farms, LLC","Terre Haute, Indiana


                    United States",0.37,Biochem/Fertilizers,Indiana
DOW AGROSCIENCES,"West Lafayette, Indiana


                    United States",0.25,Biochem/Fertilizers,Indiana
Creative Landscape & Compost Company Inc,"Noblesville, Indiana


                    United States",0.23,Biochem/Fertilizers,Indiana
"INSIGNUM AGTECH, LLC","Whitestown, Indiana


                    United States",0.2,Biochem/Fertilizers,Indiana
DUPONT AND TONKEL PARTNERS LLC,"Fort Wayne, Indiana


                    United States",0.19,Biochem/Fertilizers,Indiana
MONSANTO WHITESTOWN SEED,"Whitestown, Indiana


                    United States",0.16,Biochem/Fertilizers,Indiana
Northwest Farm Fertilizers Inc,"Westville, Indiana


                    United States",0.1,Biochem/Fertilizers,Indiana
ELVIN L NUEST SALES AND SERVIC,"Francesville, Indiana


                    United States",0.08,Biochem/Fertilizers,Indiana
"MD/LF, Incorporated","New Castle, Indiana


                    United States",0.07,Biochem/Fertilizers,Indiana
"Earthcare, LLC","Evansville, Indiana


                    United States",0.07,Biochem/Fertilizers,Indiana
"KEP CHEM, INC.","Logansport, Indiana


                    United States",0.07,Biochem/Fertilizers,Indiana
"MILES FARM SUPPLY, LLC","Boonville, Indiana


                    United States",,Biochem/Fertilizers,Indiana
MONSANTO COMPANY,"Reynolds, Indiana


                    United States",,Biochem/Fertilizers,Indiana
DOW AGROSCIENCES LLC,"Indianapolis, Indiana


                    United States",,Biochem/Fertilizers,Indiana
"SPAWN MATE, INC.","New Albany, Indiana


                    United States",,Biochem/Fertilizers,Indiana
"UNITED TURF ALLIANCE, LLC","Fishers, Indiana


                    United States",,Biochem/Fertilizers,Indiana
MONSANTO COMPANY,"Union Mills, Indiana


                    United States",,Biochem/Fertilizers,Indiana
MONSANTO COMPANY,"Evansville, Indiana


                    United States",,Biochem/Fertilizers,Indiana
DOW AGROSCIENCES LLC,"Carmel, Indiana


                    United States",,Biochem/Fertilizers,Indiana
"Bayer Great Lakes Production Co., LLC","Windfall, Indiana


                    United States",,Biochem/Fertilizers,Indiana
MONSANTO COMPANY,"Lafayette, Indiana


                    United States",,Biochem/Fertilizers,Indiana
PRIME SOURCE LLC,"Evansville, Indiana


                    United States",,Biochem/Fertilizers,Indiana
MONSANTO COMPANY,"Waterman, Illinois


                    United States",,Biochem/Fertilizers,Illinois
"SUN AG, INC.","Hudson, Illinois


                    United States",,Biochem/Fertilizers,Illinois
"SOUTH CENTRAL FS, INC.","Toledo, Illinois


                    United States",,Biochem/Fertilizers,Illinois
"St. Louis Composting, Inc.","Belleville, Illinois


                    United States",,Biochem/Fertilizers,Illinois
HYPONEX CORPORATION,"Morrison, Illinois


                    United States",,Biochem/Fertilizers,Illinois
AMSOIL INC.,"Itasca, Illinois


                    United States",,Biochem/Fertilizers,Illinois
The Scotts Company LLC,"Channahon, Illinois


                    United States",,Biochem/Fertilizers,Illinois
The Scotts Company LLC,"Buffalo Grove, Illinois


                    United States",,Biochem/Fertilizers,Illinois
FMC CORPORATION,"Wyoming, Illinois


                    United States",,Biochem/Fertilizers,Illinois
CORTEVA AGRISCIENCE LLC,"El Paso, Illinois


                    United States",,Biochem/Fertilizers,Illinois
"South Central FS, Inc.","Watson, Illinois


                    United States",,Biochem/Fertilizers,Illinois
Prayon Inc.,"Herrin, Illinois


                    United States",,Biochem/Fertilizers,Illinois
"BRANDT CONSOLIDATED, INC.","Farmer City, Illinois


                    United States",,Biochem/Fertilizers,Illinois
WEST CENTRAL FS INC,"Little York, Illinois


                    United States",,Biochem/Fertilizers,Illinois
PIATT COUNTY SERVICE CO (INC),"Mansfield, Illinois


                    United States",,Biochem/Fertilizers,Illinois
ALLERTON SUPPLY COMPANY,"Homer, Illinois


                    United States",,Biochem/Fertilizers,Illinois
NUFARM AMERICAS INC.,"Chicago Heights, Illinois


                    United States",,Biochem/Fertilizers,Illinois
WEST CENTRAL FS INC,"Wataga, Illinois


                    United States",,Biochem/Fertilizers,Illinois
"HARBACH, GILLAN & NIXON, INC.","Maroa, Illinois


                    United States",,Biochem/Fertilizers,Illinois
SUNRISE AG SERVICE COMPANY,"Kilbourne, Illinois


                    United States",,Biochem/Fertilizers,Illinois
"BRANDT CONSOLIDATED, INC.","Auburn, Illinois


                    United States",,Biochem/Fertilizers,Illinois
"EVERGREEN FS, INC","Cullom, Illinois


                    United States",,Biochem/Fertilizers,Illinois
"GATEWAY FS, INC.","Venedy, Illinois


                    United States",,Biochem/Fertilizers,Illinois
"Innophos, Inc.","Chicago Heights, Illinois


                    United States",,Biochem/Fertilizers,Illinois
"Claire-sprayway, Inc.","Downers Grove, Illinois


                    United States",,Biochem/Fertilizers,Illinois
"INNOPHOS, INC.","Chicago, Illinois


                    United States",,Biochem/Fertilizers,Illinois
VALENT U.S.A. LLC,"Seymour, Illinois


                    United States",,Biochem/Fertilizers,Illinois
VAN DIEST SUPPLY COMPANY,"Freeport, Illinois


                    United States",,Biochem/Fertilizers,Illinois
"BRANDT CONSOLIDATED, INC.","Lexington, Illinois


                    United States",,Biochem/Fertilizers,Illinois
PIATT COUNTY SERVICE CO (INC),"Bement, Illinois


                    United States",,Biochem/Fertilizers,Illinois
"PRAIRIELAND FS, INC.","Astoria, Illinois


                    United States",,Biochem/Fertilizers,Illinois
"Bio AG Management, LLC","Augusta, Illinois


                    United States",0.48,Biochem/Fertilizers,Illinois
"SANFORD CHEMICAL CO., INC.","Elk Grove Village, Illinois


                    United States",0.47,Biochem/Fertilizers,Illinois
"Pro-tek Products, Inc.","Wheaton, Illinois


                    United States",0.47,Biochem/Fertilizers,Illinois
Michel Fertilizer & Equipment,"Mount Vernon, Illinois


                    United States",0.44,Biochem/Fertilizers,Illinois
Miller's Fertilizer & Feed,"Cowden, Illinois


                    United States",0.4,Biochem/Fertilizers,Illinois
"Clarke Aquatic Services, Inc.","Saint Charles, Illinois


                    United States",0.38,Biochem/Fertilizers,Illinois
Miller Fertilizer Inc,"Casey, Illinois


                    United States",0.35,Biochem/Fertilizers,Illinois
"CF Industries Energy Ventures, LLC","Deerfield, Illinois


                    United States",0.3,Biochem/Fertilizers,Illinois
"HAYDEN'S MILL, INC.","Omaha, Illinois


                    United States",0.29,Biochem/Fertilizers,Illinois
ANGEL BUCK CORPORATION,"Bunker Hill, Illinois


                    United States",0.26,Biochem/Fertilizers,Illinois
Rainbow Champaign LLC,"Willowbrook, Illinois


                    United States",0.26,Biochem/Fertilizers,Illinois
"FARMERS MANUFACTURING COMPANY, INC.","Dorsey, Illinois


                    United States",0.26,Biochem/Fertilizers,Illinois
"MIDWEST MULCH & COMPOST, INC.","Maryville, Illinois


                    United States",0.25,Biochem/Fertilizers,Illinois
"Agriscience, Inc.","Peoria, Illinois


                    United States",0.25,Biochem/Fertilizers,Illinois
RDL Marketing Inc.,"Chicago, Illinois


                    United States",0.25,Biochem/Fertilizers,Illinois
"GREEN ORGANICS, INC.","Carol Stream, Illinois


                    United States",0.25,Biochem/Fertilizers,Illinois
TWO RIVERS AG LLC,"Saint Charles, Missouri


                    United States",0.2,Biochem/Fertilizers,Illinois
"Biogreen Organics, Inc.","Round Lake, Illinois


                    United States",0.18,Biochem/Fertilizers,Illinois
TRI-EGG DISTRIBUTORS,"Farina, Illinois


                    United States",0.17,Biochem/Fertilizers,Illinois
"Prairie AG Services, Inc.","Blandinsville, Illinois


                    United States",0.14,Biochem/Fertilizers,Illinois
SHARDA INC,"Schaumburg, Illinois


                    United States",0.13,Biochem/Fertilizers,Illinois
BETTER EARTH PREMIUM COMPOST,"Peoria, Illinois


                    United States",0.12,Biochem/Fertilizers,Illinois
VALENT USA CORP.,"Mahomet, Illinois


                    United States",0.11,Biochem/Fertilizers,Illinois
Rentech Energy MidWest Corp,"East Dubuque, Illinois


                    United States",0.11,Biochem/Fertilizers,Illinois
"Green Earth Technologies, Inc.","Palatine, Illinois


                    United States",0.09,Biochem/Fertilizers,Illinois
DREXEL CHEMICAL CO,"Mahomet, Illinois


                    United States",0.09,Biochem/Fertilizers,Illinois
ALPHA AG INC,"Pleasant Plains, Illinois


                    United States",0.09,Biochem/Fertilizers,Illinois
Jacksonjackson Pest Control LLC,"University Park, Illinois


                    United States",0.08,Biochem/Fertilizers,Illinois
DUPONT CROP PROTECTION,"West Brooklyn, Illinois


                    United States",0.08,Biochem/Fertilizers,Illinois
MANURE INC.,"Xenia, Illinois


                    United States",0.07,Biochem/Fertilizers,Illinois
PRESTIGE PEST SOLUTIONS LLC,"Chicago, Illinois


                    United States",0.07,Biochem/Fertilizers,Illinois
BRIAN DUPONT,"Plainfield, Illinois


                    United States",0.07,Biochem/Fertilizers,Illinois
Taggart's Ag Supply,"Greenup, Illinois


                    United States",0.07,Biochem/Fertilizers,Illinois
US GREENWORKS LLC,"Crete, Illinois


                    United States",0.06,Biochem/Fertilizers,Illinois
Eco Distribution Co.,"Chicago, Illinois


                    United States",0.05,Biochem/Fertilizers,Illinois
COLES COUNTY LANDFILL AND COMPOST DISPOAL SITE,"Charleston, Illinois


                    United States",0.02,Biochem/Fertilizers,Illinois
BAYER CROPSCIENCE LP,"White Heath, Illinois


                    United States",,Biochem/Fertilizers,Illinois
"LESCO, INC.","Springfield, Illinois


                    United States",,Biochem/Fertilizers,Illinois
MONSANTO COMPANY,"Jerseyville, Illinois


                    United States",,Biochem/Fertilizers,Illinois
CORTEVA AGRISCIENCE LLC,"Quincy, Illinois


                    United States",,Biochem/Fertilizers,Illinois
"CLEAN HARBORS ES INDUSTRIAL SERVICES, INC.","Cicero, Illinois


                    United States",,Biochem/Fertilizers,Illinois
Wabash Valley Service Co Inc,"Olney, Illinois


                    United States",,Biochem/Fertilizers,Illinois
SOIL CHEMICAL CORPORATION,"Decatur, Illinois


                    United States",,Biochem/Fertilizers,Illinois
MONSANTO COMPANY,"Centralia, Illinois


                    United States",,Biochem/Fertilizers,Illinois
GATEWAY F. S. INC,"Fults, Illinois


                    United States",,Biochem/Fertilizers,Illinois
"DU PONT DELAWARE, INC.","Itasca, Illinois


                    United States",,Biochem/Fertilizers,Illinois
RENTECH DEVELOPMENT CORPORATION,"East Dubuque, Illinois


                    United States",,Biochem/Fertilizers,Illinois
LEBANON SEABOARD CORPORATION,"Danville, Illinois


                    United States",,Biochem/Fertilizers,Illinois
ARCHER-DANIELS-MIDLAND COMPANY,"Altamont, Illinois


                    United States",,Biochem/Fertilizers,Illinois
OCCIDENTAL CHEMICAL CORPORATION,"Chicago, Illinois


                    United States",,Biochem/Fertilizers,Illinois
"CF Industries Holdings, Inc.","Northbrook, Illinois


                    United States",5936,Biochem/Fertilizers,Illinois
"CF Industries, Inc.","Northbrook, Illinois


                    United States",958.6,Biochem/Fertilizers,Illinois
"PCS Phosphate Company, Inc.","Northbrook, Illinois


                    United States",753.61,Biochem/Fertilizers,Illinois
"CF INDUSTRIES NITROGEN, LLC","Northbrook, Illinois


                    United States",488.45,Biochem/Fertilizers,Illinois
Nufarm Americas Inc.,"Alsip, Illinois


                    United States",429.05,Biochem/Fertilizers,Illinois
"Brandt Consolidated, Inc.","Springfield, Illinois


                    United States",320.53,Biochem/Fertilizers,Illinois
"Brandt, Inc.","Springfield, Illinois


                    United States",320.53,Biochem/Fertilizers,Illinois
VALENT BIOSCIENCES LLC,"Libertyville, Illinois


                    United States",168.53,Biochem/Fertilizers,Illinois
"PCS Nitrogen, Inc.","Deerfield, Illinois


                    United States",93.3,Biochem/Fertilizers,Illinois
"Clarke Mosquito Control Products, Inc.","Saint Charles, Illinois


                    United States",40.33,Biochem/Fertilizers,Illinois
Chase Products Co.,"Broadview, Illinois


                    United States",33.18,Biochem/Fertilizers,Illinois
Potash Corporation Of Saskatchewan (Florida) Inc.,"Northbrook, Illinois


                    United States",29.59,Biochem/Fertilizers,Illinois
Terra Nitrogen GP Inc.,"Deerfield, Illinois


                    United States",24.18,Biochem/Fertilizers,Illinois
"Maplehurst Farms, Inc.","Rochelle, Illinois


                    United States",22.69,Biochem/Fertilizers,Illinois
"Kreider Services, Incorporated","Dixon, Illinois


                    United States",18.58,Biochem/Fertilizers,Illinois
"Terra Nitrogen Company, L.P.","Deerfield, Illinois


                    United States",16.17,Biochem/Fertilizers,Illinois
"PCS Nitrogen Fertilizer Operations, Inc.","Northbrook, Illinois


                    United States",15.61,Biochem/Fertilizers,Illinois
"Harbach, Gillan & Nixon, Inc.","Clinton, Illinois


                    United States",10.04,Biochem/Fertilizers,Illinois
Agrofresh Inc.,"Chicago, Illinois


                    United States",9.32,Biochem/Fertilizers,Illinois
Midwest Integrated Companies LLC,"Gilberts, Illinois


                    United States",8.23,Biochem/Fertilizers,Illinois
"WASTENOT, INC.","Chicago, Illinois


                    United States",8.19,Biochem/Fertilizers,Illinois
The Smithereen Company,"Niles, Illinois


                    United States",5,Biochem/Fertilizers,Illinois
"Tri-County Chemical, Inc.","Eldorado, Illinois


                    United States",4.69,Biochem/Fertilizers,Illinois
Trainor AG Products LLC,"Anna, Illinois


                    United States",4.39,Biochem/Fertilizers,Illinois
"East Dubuque Nitrogen Fertilizers, LLC","East Dubuque, Illinois


                    United States",4.3,Biochem/Fertilizers,Illinois
"Sem Minerals, L.P.","Quincy, Illinois


                    United States",3.99,Biochem/Fertilizers,Illinois
Country Stone Inc,"Milan, Illinois


                    United States",3.4,Biochem/Fertilizers,Illinois
"Frank Miller & Sons, Incorporated","Mokena, Illinois


                    United States",3.26,Biochem/Fertilizers,Illinois
"CF Industries Distribution Facilities, LLC","Deerfield, Illinois


                    United States",2.81,Biochem/Fertilizers,Illinois
"PCS Nitrogen Fertilizer, L.P.","Deerfield, Illinois


                    United States",2.58,Biochem/Fertilizers,Illinois
Phosphate Resource Partners Limited Partnership,"Lake Forest, Illinois


                    United States",2.4,Biochem/Fertilizers,Illinois
E N P Inc,"Mendota, Illinois


                    United States",1.28,Biochem/Fertilizers,Illinois
The Smithereen Company Del,"Niles, Illinois


                    United States",1.26,Biochem/Fertilizers,Illinois
"AG Farmacy, LLC","Erie, Illinois


                    United States",1.15,Biochem/Fertilizers,Illinois
Sul4r-Plus Illinois LLC,"Marissa, Illinois


                    United States",1.04,Biochem/Fertilizers,Illinois
DUPONT,"Gibson City, Illinois


                    United States",0.99,Biochem/Fertilizers,Illinois
"EARNEST AGRICULTURE, INC.","Rantoul, Illinois


                    United States",0.91,Biochem/Fertilizers,Illinois
Cocoa Corporation,"Chicago, Illinois


                    United States",0.87,Biochem/Fertilizers,Illinois
Pcs Nitrogen Trinidad Corp,"Northbrook, Illinois


                    United States",0.85,Biochem/Fertilizers,Illinois
Rainbow Agrosciences LLC,"Willowbrook, Illinois


                    United States",0.8,Biochem/Fertilizers,Illinois
"Harbach, Nixon & Willson Inc","Clinton, Illinois


                    United States",0.78,Biochem/Fertilizers,Illinois
"Pearl Valley Organix, Inc","Pearl City, Illinois


                    United States",0.67,Biochem/Fertilizers,Illinois
"The Clarke Group, Inc","Saint Charles, Illinois


                    United States",0.61,Biochem/Fertilizers,Illinois
"Pro AG., Inc.","Kankakee, Illinois


                    United States",0.6,Biochem/Fertilizers,Illinois
Marquis Procap System LLC,"Hennepin, Illinois


                    United States",0.56,Biochem/Fertilizers,Illinois
"ANP, Inc.","Moline, Illinois


                    United States",0.52,Biochem/Fertilizers,Illinois
"Feed Earth Now, LLC","Skokie, Illinois


                    United States",0.51,Biochem/Fertilizers,Illinois
Fertilizer Packaging Plus Inc.,"Chicago, Illinois


                    United States",0.51,Biochem/Fertilizers,Illinois
Randolph Agricultural Services Inc,"Heyworth, Illinois


                    United States",0.49,Biochem/Fertilizers,Illinois
"Cronus Chemicals, LLC","Chicago, Illinois


                    United States",0.48,Biochem/Fertilizers,Illinois
"Harris, Edward","Des Moines, Iowa


                    United States",0.07,Biochem/Fertilizers,Iowa
Kenneth Bontrager,"Chariton, Iowa


                    United States",0.06,Biochem/Fertilizers,Iowa
"Vrba, Jeff","Clarinda, Iowa


                    United States",0.06,Biochem/Fertilizers,Iowa
"UPPER IOWA ORGANICS, L.L.C.","Decorah, Iowa


                    United States",0.06,Biochem/Fertilizers,Iowa
MONSANTO COMPANY,"Muscatine, Iowa


                    United States",,Biochem/Fertilizers,Iowa
"TWIN STATE, INC.","Durant, Iowa


                    United States",,Biochem/Fertilizers,Iowa
"GROWMARK, INC.","Vinton, Iowa


                    United States",,Biochem/Fertilizers,Iowa
"SYNGENTA CROP PROTECTION, LLC","West Des Moines, Iowa


                    United States",,Biochem/Fertilizers,Iowa
MONSANTO COMPANY,"Williamsburg, Iowa


                    United States",,Biochem/Fertilizers,Iowa
TWO RIVERS COOPERATIVE,"Otley, Iowa


                    United States",,Biochem/Fertilizers,Iowa
"Bayer Iowa Production Co., LLC","Grinnell, Iowa


                    United States",,Biochem/Fertilizers,Iowa
"TERRA NITROGEN COMPANY, L.P.","Sergeant Bluff, Iowa


                    United States",,Biochem/Fertilizers,Iowa
"Cargill, Incorporated","Fort Dodge, Iowa


                    United States",,Biochem/Fertilizers,Iowa
"GROWMARK, INC.","Osage, Iowa


                    United States",,Biochem/Fertilizers,Iowa
A TO Z DRYING,"Osage, Iowa


                    United States",,Biochem/Fertilizers,Iowa
"NEW HORIZON FS, INC.","Mechanicsville, Iowa


                    United States",,Biochem/Fertilizers,Iowa
"TAYGOLD COOPERATIVE, INC","Lenox, Iowa


                    United States",,Biochem/Fertilizers,Iowa
VAN DIEST SUPPLY COMPANY,"Boone, Iowa


                    United States",,Biochem/Fertilizers,Iowa
VALENT BIOSCIENCES LLC,"Osage, Iowa


                    United States",,Biochem/Fertilizers,Iowa
MONSANTO COMPANY,"Wall Lake, Iowa


                    United States",,Biochem/Fertilizers,Iowa
"CF Industries, Inc.","Sergeant Bluff, Iowa


                    United States",,Biochem/Fertilizers,Iowa
"Bayer Iowa Production Co., LLC","Boone, Iowa


                    United States",,Biochem/Fertilizers,Iowa
"NUTRIEN AG SOLUTIONS, INC.","Eldon, Iowa


                    United States",,Biochem/Fertilizers,Iowa
MONSANTO COMPANY,"Storm Lake, Iowa


                    United States",,Biochem/Fertilizers,Iowa
Corteva Agriscience LLC,"Marshalltown, Iowa


                    United States",,Biochem/Fertilizers,Iowa
MONSANTO COMPANY,"Oskaloosa, Iowa


                    United States",,Biochem/Fertilizers,Iowa
"Growmark FS, LLC","Hartley, Iowa


                    United States",,Biochem/Fertilizers,Iowa
"RETURN, LLC","Northwood, Iowa


                    United States",,Biochem/Fertilizers,Iowa
PRAIRIE AG COOPERATIVE,"Winfield, Iowa


                    United States",,Biochem/Fertilizers,Iowa
"MERSCHMAN FERTILIZER, LLC.","Fort Madison, Iowa


                    United States",,Biochem/Fertilizers,Iowa
NORTHEAST IOWA COOPERATIVE,"Arlington, Iowa


                    United States",,Biochem/Fertilizers,Iowa
"TWIN STATE, INC.","Clear Lake, Iowa


                    United States",,Biochem/Fertilizers,Iowa
AGState Cooperative,"Linn Grove, Iowa


                    United States",,Biochem/Fertilizers,Iowa
TAMA BENTON COOPERATIVE CO,"Vinton, Iowa


                    United States",,Biochem/Fertilizers,Iowa
"HELENA INDUSTRIES, LLC","Des Moines, Iowa


                    United States",,Biochem/Fertilizers,Iowa
"New Co-Operative, Inc.","Sloan, Iowa


                    United States",,Biochem/Fertilizers,Iowa
Gold-Eagle Cooperative,"Eagle Grove, Iowa


                    United States",,Biochem/Fertilizers,Iowa
"CLOOS AND SONS, INC.","Bellevue, Iowa


                    United States",,Biochem/Fertilizers,Iowa
"CHEM-TECH, LTD.","Pleasantville, Iowa


                    United States",,Biochem/Fertilizers,Iowa
The Scotts Company LLC,"Fort Madison, Iowa


                    United States",,Biochem/Fertilizers,Iowa
AGRILIANCE LLC,"Hawarden, Iowa


                    United States",,Biochem/Fertilizers,Iowa
"GROWMARK, INC.","Hazleton, Iowa


                    United States",,Biochem/Fertilizers,Iowa
MONSANTO COMPANY,"Huxley, Iowa


                    United States",,Biochem/Fertilizers,Iowa
"PELLETT PETROLEUM COMPANY, INC.","Atlantic, Iowa


                    United States",,Biochem/Fertilizers,Iowa
"NACHURS ALPINE SOLUTIONS, LLC","Red Oak, Iowa


                    United States",,Biochem/Fertilizers,Iowa
MONSANTO COMPANY,"Ankeny, Iowa


                    United States",,Biochem/Fertilizers,Iowa
MONSANTO COMPANY,"Beaman, Iowa


                    United States",,Biochem/Fertilizers,Iowa
Terra Industries Inc.,"Sioux City, Iowa


                    United States",493,Biochem/Fertilizers,Iowa
"ALBAUGH, LLC","Ankeny, Iowa


                    United States",152.46,Biochem/Fertilizers,Iowa
"Twin State, Inc.","Davenport, Iowa


                    United States",146.57,Biochem/Fertilizers,Iowa
"Koch Fertilizer Wever, LLC","Wever, Iowa


                    United States",54.29,Biochem/Fertilizers,Iowa
Van Diest Supply Company,"Webster City, Iowa


                    United States",48.53,Biochem/Fertilizers,Iowa
DAI Company Ltd.,"Ankeny, Iowa


                    United States",46.3,Biochem/Fertilizers,Iowa
Nexus Cooperative,"Northwood, Iowa


                    United States",25.38,Biochem/Fertilizers,Iowa
"Chem-Tech, Ltd.","Pleasantville, Iowa


                    United States",12.37,Biochem/Fertilizers,Iowa
"A TO Z DRYING, INC.","Osage, Iowa


                    United States",11.08,Biochem/Fertilizers,Iowa
Green Valley Chemical Corporation,"Creston, Iowa


                    United States",7.22,Biochem/Fertilizers,Iowa
"NATURAL FERTILIZER PRODUCTS, INC.","Woodbine, Iowa


                    United States",5.5,Biochem/Fertilizers,Iowa
"Albaugh International Holdings, LLC","Ankeny, Iowa


                    United States",4.13,Biochem/Fertilizers,Iowa
"AGHUB MIDWEST, L.L.C.","Menlo, Iowa


                    United States",2.69,Biochem/Fertilizers,Iowa
"SOIL TECHNOLOGIES, CORP.","Fairfield, Iowa


                    United States",2.44,Biochem/Fertilizers,Iowa
Corteva Agriscience LLC,"Indianapolis, Indiana


                    United States",1.39,Biochem/Fertilizers,Iowa
Nutraferma LLC,"Sioux City, Iowa


                    United States",1.23,Biochem/Fertilizers,Iowa
"Ascension Ag, LLC","Nevada, Iowa


                    United States",1.09,Biochem/Fertilizers,Iowa
"FARMERS MILL, INC.","Protivin, Iowa


                    United States",0.93,Biochem/Fertilizers,Iowa
Simply Soothing Inc.,"Cedar Rapids, Iowa


                    United States",0.81,Biochem/Fertilizers,Iowa
OPTIMIZED AG LLC,"Elk Horn, Iowa


                    United States",0.66,Biochem/Fertilizers,Iowa
"Greenspire Global, Inc.","Des Moines, Iowa


                    United States",0.59,Biochem/Fertilizers,Iowa
NUTRIEN,"Early, Iowa


                    United States",0.5,Biochem/Fertilizers,Iowa
Iowa Fertilizer Company,"Wever, Iowa


                    United States",0.49,Biochem/Fertilizers,Iowa
"CEDAR CHEMICAL, INC.","Larrabee, Iowa


                    United States",0.46,Biochem/Fertilizers,Iowa
"B.L.Z., Inc.","Clive, Iowa


                    United States",0.42,Biochem/Fertilizers,Iowa
East Central Iowa Coop,"Jesup, Iowa


                    United States",0.42,Biochem/Fertilizers,Iowa
"NEWKIRK AG SUPPLY, INC","Hospers, Iowa


                    United States",0.34,Biochem/Fertilizers,Iowa
C S I Chemical Corporation,"Bondurant, Iowa


                    United States",0.28,Biochem/Fertilizers,Iowa
Schippers America LLC,"Bettendorf, Iowa


                    United States",0.27,Biochem/Fertilizers,Iowa
"CENTRAL STATES LAB, L.L.C.","Ankeny, Iowa


                    United States",0.25,Biochem/Fertilizers,Iowa
"Innovative Crop Solutions, Inc.","Iowa Falls, Iowa


                    United States",0.24,Biochem/Fertilizers,Iowa
"BURGARDT, JAY","Britt, Iowa


                    United States",0.23,Biochem/Fertilizers,Iowa
Beautiful Land Products Inc,"West Branch, Iowa


                    United States",0.22,Biochem/Fertilizers,Iowa
BLP 123 LLC,"West Branch, Iowa


                    United States",0.22,Biochem/Fertilizers,Iowa
"Nature's Plant Food, Inc.","Des Moines, Iowa


                    United States",0.22,Biochem/Fertilizers,Iowa
"Patterson Seed, Ltd.","Osage, Iowa


                    United States",0.16,Biochem/Fertilizers,Iowa
Steenhoek Environmental LLC,"Ames, Iowa


                    United States",0.16,Biochem/Fertilizers,Iowa
"R & T COMPOST, INC.","Rock Valley, Iowa


                    United States",0.12,Biochem/Fertilizers,Iowa
CALLAWAY CHAD SHOP LINE,"Conrad, Iowa


                    United States",0.11,Biochem/Fertilizers,Iowa
K & B GRAPHIX LLC,"Runnells, Iowa


                    United States",0.1,Biochem/Fertilizers,Iowa
"Arnold, Chad","Ogden, Iowa


                    United States",0.09,Biochem/Fertilizers,Iowa
Hertland Cooperative,"Colo, Iowa


                    United States",0.09,Biochem/Fertilizers,Iowa
DOW ARGO SCIENCES,"Akron, Iowa


                    United States",0.09,Biochem/Fertilizers,Iowa
CPS,"Danbury, Iowa


                    United States",0.09,Biochem/Fertilizers,Iowa
"ULTRA COMPOST, INC.","New Vienna, Iowa


                    United States",0.08,Biochem/Fertilizers,Iowa
MAT AG-FIBER L.L.C.,"Harlan, Iowa


                    United States",0.08,Biochem/Fertilizers,Iowa
"Energy Blue, Inc.","Pella, Iowa


                    United States",0.08,Biochem/Fertilizers,Iowa
"Protector Brands, LLC","Cedar Rapids, Iowa


                    United States",0.07,Biochem/Fertilizers,Iowa
"PROTECT SYSTEMS, LLC","Davenport, Iowa


                    United States",0.07,Biochem/Fertilizers,Iowa
"CUSTOM FEEDS, INC.","Muscatine, Iowa


                    United States",0.07,Biochem/Fertilizers,Iowa
"MIDWEST POULTRY SERVICES, L.P.","North Manchester, Indiana


                    United States",,Poultry,Indiana
Natural Family Farms LLC,"Nappanee, Indiana


                    United States",,Poultry,Indiana
"Knies Family Farms, LLC","Dubois, Indiana


                    United States",,Poultry,Indiana
Riverview Farms Inc,"Washington, Indiana


                    United States",,Poultry,Indiana
"MAPLE LEAF, INC.","North Manchester, Indiana


                    United States",,Poultry,Indiana
"HY-LINE NORTH AMERICA, LLC","Warren, Indiana


                    United States",,Poultry,Indiana
STONE POULTRY FARMS LLC,"Salem, Indiana


                    United States",0.09,Poultry,Indiana
LA PALOMA FARM,"Georgetown, Indiana


                    United States",0.09,Poultry,Indiana
HIATT PORK AND POULTRY,"Rochester, Indiana


                    United States",0.09,Poultry,Indiana
Fowerbaugh Farms,"Huntington, Indiana


                    United States",0.09,Poultry,Indiana
HILL-TOP TURKEY FARM LLC,"Winchester, Indiana


                    United States",0.09,Poultry,Indiana
"550 NORTH TURKEY FARM, LLC","Montgomery, Indiana


                    United States",0.08,Poultry,Indiana
CREIGHTON BROTHERS INC,"Warsaw, Indiana


                    United States",0.08,Poultry,Indiana
"Maddox, Charles","Hartford City, Indiana


                    United States",0.08,Poultry,Indiana
"Reutman, Charles","Ferdinand, Indiana


                    United States",0.08,Poultry,Indiana
MAIER PHEASANT FARM LLC,"Bremen, Indiana


                    United States",0.08,Poultry,Indiana
"LICHLYTER BROS., INC.","Velpen, Indiana


                    United States",0.08,Poultry,Indiana
"WILCOX, GARY","Urbana, Indiana


                    United States",0.08,Poultry,Indiana
R G POULTRY LLC,"Corydon, Indiana


                    United States",0.08,Poultry,Indiana
"Scrambled Acres, Inc.","Roanoke, Indiana


                    United States",0.08,Poultry,Indiana
"DAVID E. KNEPP & SONS, LLC","Montgomery, Indiana


                    United States",0.08,Poultry,Indiana
Haysville Mill Inc,"Jasper, Indiana


                    United States",0.08,Poultry,Indiana
"TURKEY LAKE, LLC","Jasper, Indiana


                    United States",0.08,Poultry,Indiana
Punchs Poultry,"Woodburn, Indiana


                    United States",0.08,Poultry,Indiana
Walton Turkey Farm,"Linton, Indiana


                    United States",0.07,Poultry,Indiana
DENNIS R MILLER,"Churubusco, Indiana


                    United States",0.07,Poultry,Indiana
"Hohl, Alex","Chrisney, Indiana


                    United States",0.07,Poultry,Indiana
"ROBERT M. HART ENTERPRISES, INC.","Berne, Indiana


                    United States",0.07,Poultry,Indiana
SOUTHSIDE TURKEY FARMS,"Montgomery, Indiana


                    United States",0.07,Poultry,Indiana
"Wagner, Roman","Saint Anthony, Indiana


                    United States",0.07,Poultry,Indiana
Kellerman Turkey Farms Inc,"Romney, Indiana


                    United States",0.07,Poultry,Indiana
County Line Gobbler LLC,"Loogootee, Indiana


                    United States",0.07,Poultry,Indiana
S & G POULTRY FARM,"Monroe, Indiana


                    United States",0.06,Poultry,Indiana
"GOBBLE RIDGE, LLC","Birdseye, Indiana


                    United States",0.06,Poultry,Indiana
AMOS MILLER,"Lagrange, Indiana


                    United States",0.06,Poultry,Indiana
Fiechter Eggs,"Decatur, Indiana


                    United States",0.06,Poultry,Indiana
RLB Turkey Farms LLC,"Union City, Indiana


                    United States",0.06,Poultry,Indiana
BENHAM AIRPORT-73 IN,"Lyons, Indiana


                    United States",0.06,Poultry,Indiana
JUSTIN YODER TURKEY FARM LLC,"Washington, Indiana


                    United States",0.06,Poultry,Indiana
"Farmer Brad, LLC","Greens Fork, Indiana


                    United States",0.06,Poultry,Indiana
"Hess, Tim","Fowler, Indiana


                    United States",0.05,Poultry,Indiana
TIPTOP TURKEY FARM,"Dubois, Indiana


                    United States",0.05,Poultry,Indiana
HORNBERGER'S QUAIL FARM LLC,"Sunman, Indiana


                    United States",0.05,Poultry,Indiana
INNOVATIVE POULTRY NUTRITION LLC,"Edinburgh, Indiana


                    United States",0.05,Poultry,Indiana
BORNTREGER FARMS,"Millersburg, Indiana


                    United States",0.05,Poultry,Indiana
"S & J POULTRY, L.L.C.","Portland, Indiana


                    United States",0.04,Poultry,Indiana
"Begle, Paul Werner","Dale, Indiana


                    United States",0.04,Poultry,Indiana
"Zeigenbein, Eddie Lee","Salem, Indiana


                    United States",0.04,Poultry,Indiana
"BACKYARD BLASTS, L.L.C.","Boonville, Indiana


                    United States",0.04,Poultry,Indiana
"Kalb, Steven L","Dubois, Indiana


                    United States",0.04,Poultry,Indiana
"Bartley Farms, LLC","Otwell, Indiana


                    United States",0.04,Poultry,Indiana
"SCHROERING FARMS, LLC","Jasper, Indiana


                    United States",0.04,Poultry,Indiana
GOUGH FARMS LLC,"Ridgeville, Indiana


                    United States",0.03,Poultry,Indiana
"Kouns, Kevin B","Winchester, Indiana


                    United States",0.03,Poultry,Indiana
EGGBROOK,"Fort Wayne, Indiana


                    United States",0.03,Poultry,Indiana
ROSE ACRE FARMS INC,"Francesville, Indiana


                    United States",,Poultry,Indiana
"G&K HASENOUR FARMS, LLC","Jasper, Indiana


                    United States",0.21,Poultry,Indiana
"FROMME FARMS, LLC","Ferdinand, Indiana


                    United States",0.2,Poultry,Indiana
"Weisheit Family Farms, LLC","Jasper, Indiana


                    United States",0.2,Poultry,Indiana
VANDERKLEED FARMS,"Lafayette, Indiana


                    United States",0.18,Poultry,Indiana
"The Land Doctor, LLC","Bruceville, Indiana


                    United States",0.18,Poultry,Indiana
ROSANNA WAGLER LLC,"Montgomery, Indiana


                    United States",0.17,Poultry,Indiana
WITTMER TURKEY FARMS LLC,"Odon, Indiana


                    United States",0.17,Poultry,Indiana
WAIT FARMS,"Columbia City, Indiana


                    United States",0.17,Poultry,Indiana
Lindauer Dairy & Poultry LLC,"Ferdinand, Indiana


                    United States",0.17,Poultry,Indiana
"Bontreger, Jonas","Goshen, Indiana


                    United States",0.17,Poultry,Indiana
"Dusty Road Farms, LLC","Loogootee, Indiana


                    United States",0.17,Poultry,Indiana
"PLANO, BRENDA","Mitchell, Indiana


                    United States",0.17,Poultry,Indiana
The Lads Corporation,"Jasper, Indiana


                    United States",0.17,Poultry,Indiana
Kingma Christmas Trees,"Demotte, Indiana


                    United States",0.16,Poultry,Indiana
"Journay, Rex","Bryant, Indiana


                    United States",0.16,Poultry,Indiana
TROUTMAN FARMS,"Shoals, Indiana


                    United States",0.15,Poultry,Indiana
"Gerber, Kent Inc","Bluffton, Indiana


                    United States",0.15,Poultry,Indiana
TEMPLE WAYNE S,"Pekin, Indiana


                    United States",0.15,Poultry,Indiana
"Churchman, John W. and Kimberly R.","Pekin, Indiana


                    United States",0.15,Poultry,Indiana
"Lottes, Robert","Loogootee, Indiana


                    United States",0.15,Poultry,Indiana
Salt Creek Harvest LLC,"Valparaiso, Indiana


                    United States",0.15,Poultry,Indiana
Newcomer Farm,"North Judson, Indiana


                    United States",0.14,Poultry,Indiana
"Knepp, David E & Sons","Washington, Indiana


                    United States",0.14,Poultry,Indiana
"Peters, Eugene","Ferdinand, Indiana


                    United States",0.14,Poultry,Indiana
"Rosenberger, Wayne and Van","Columbia City, Indiana


                    United States",0.14,Poultry,Indiana
Volz Eggs Inc,"Sunman, Indiana


                    United States",0.14,Poultry,Indiana
DC POULTRY INC.,"Celestine, Indiana


                    United States",0.14,Poultry,Indiana
Woodview Acres,"New Paris, Indiana


                    United States",0.14,Poultry,Indiana
"BARGA, GARY","Union City, Indiana


                    United States",0.14,Poultry,Indiana
"G & S HOOVER FARMS, INC.","Washington, Indiana


                    United States",0.13,Poultry,Indiana
Bachman Farms,"Jasper, Indiana


                    United States",0.12,Poultry,Indiana
B & B Farm LP,"Geneva, Indiana


                    United States",0.12,Poultry,Indiana
LAKE SIDE FARM,"Velpen, Indiana


                    United States",0.12,Poultry,Indiana
Fruechte Turkey Farms LLC,"Decatur, Indiana


                    United States",0.12,Poultry,Indiana
"Humbert, Daniel","Jasper, Indiana


                    United States",0.12,Poultry,Indiana
"SCHICKEL, PETER J. and Joan T.","Lanesville, Indiana


                    United States",0.11,Poultry,Indiana
"Dawes, Wendel & Son","Urbana, Indiana


                    United States",0.11,Poultry,Indiana
"PRAHDAN FARM, INC.","Wheatland, Indiana


                    United States",0.11,Poultry,Indiana
OSCAR KNIES FARMS,"Celestine, Indiana


                    United States",0.11,Poultry,Indiana
"Begle, Curtis W","Ferdinand, Indiana


                    United States",0.11,Poultry,Indiana
"Morning Star Farms, LLC","Oakland City, Indiana


                    United States",0.11,Poultry,Indiana
Renner Farm,"Jasper, Indiana


                    United States",0.1,Poultry,Indiana
"HUMPHREY, STEVEN E","Salem, Indiana


                    United States",0.1,Poultry,Indiana
KNEPP TURKEY 1,"Montgomery, Indiana


                    United States",0.1,Poultry,Indiana
H H T TURKEY BARN,"Odon, Indiana


                    United States",0.1,Poultry,Indiana
"Little By Little Farm, LLC","Brownsburg, Indiana


                    United States",0.1,Poultry,Indiana
CLAYRIDGE FARM,"Lewis, Indiana


                    United States",0.1,Poultry,Indiana
Geese Wranglers LLC,"Greenwood, Indiana


                    United States",0.1,Poultry,Indiana
2morrow's Farm LLC,"Saint Paul, Indiana


                    United States",0.1,Poultry,Indiana
Kris Buechler Farms,"Celestine, Indiana


                    United States",0.1,Poultry,Indiana
Rose Acre Farms Inc,"Seymour, Indiana


                    United States",297.78,Poultry,Indiana
"MAPLE LEAF, INC.","Leesburg, Indiana


                    United States",218.89,Poultry,Indiana
"Maple Leaf Farms, Inc.","Milford, Indiana


                    United States",88.08,Poultry,Indiana
Pine Manor Inc,"Orland, Indiana


                    United States",22.22,Poultry,Indiana
RIVERVIEW FARMS INC,"Orleans, Indiana


                    United States",4.62,Poultry,Indiana
Creighton Brothers LLC,"Warsaw, Indiana


                    United States",4.05,Poultry,Indiana
"MINNICH POULTRY, LLC.","Portland, Indiana


                    United States",2.77,Poultry,Indiana
Ferguson Farms Inc,"Leesburg, Indiana


                    United States",1.9,Poultry,Indiana
"Dutch Country Packaging, LLC","Middlebury, Indiana


                    United States",1.8,Poultry,Indiana
"Berne Hi-Way Hatchery, Inc.","Berne, Indiana


                    United States",1.35,Poultry,Indiana
"Layers, Inc.","Dubois, Indiana


                    United States",1.19,Poultry,Indiana
"Wabash Valley Foods, LLC","Dubois, Indiana


                    United States",1.06,Poultry,Indiana
"REXING QUALITY EGGS, LLC","Evansville, Indiana


                    United States",1.05,Poultry,Indiana
Overdorf Phil Farms Inc,"Tipton, Indiana


                    United States",0.88,Poultry,Indiana
"Mid-states Specialty Eggs of Middlebury, LLC","Middlebury, Indiana


                    United States",0.76,Poultry,Indiana
SPONSELLER BROTHERS INC,"Warsaw, Indiana


                    United States",0.56,Poultry,Indiana
Natural Family Farms LLC,"Middlebury, Indiana


                    United States",0.51,Poultry,Indiana
Douglas L Hagemeier,"Bruceville, Indiana


                    United States",0.49,Poultry,Indiana
"WAGNER TURKEY FARM, INC.","Saint Meinrad, Indiana


                    United States",0.49,Poultry,Indiana
"MCPHEETERS, CHARLES","Salem, Indiana


                    United States",0.48,Poultry,Indiana
SULLIVAN S POULTRY INC,"Pekin, Indiana


                    United States",0.46,Poultry,Indiana
"J STAR FARMS, LLC","Portland, Indiana


                    United States",0.43,Poultry,Indiana
"Schaefer, Kent","Ferdinand, Indiana


                    United States",0.38,Poultry,Indiana
"Mifflin Valley Farm, LLC","Schnellville, Indiana


                    United States",0.37,Poultry,Indiana
Veale Creek AG LLC,"Montgomery, Indiana


                    United States",0.35,Poultry,Indiana
PINE MANOR INC,"Goshen, Indiana


                    United States",0.34,Poultry,Indiana
Crystal Farms Inc,"Dubois, Indiana


                    United States",0.3,Poultry,Indiana
EIPC LLC,"Warsaw, Indiana


                    United States",0.3,Poultry,Indiana
"Wilson, R & L Family Farms Inc","Montgomery, Indiana


                    United States",0.28,Poultry,Indiana
LUEKEN TURKEY FARMS,"Ferdinand, Indiana


                    United States",0.28,Poultry,Indiana
"A. & J. EATON TURKEY FARM, LLC.","Plainville, Indiana


                    United States",0.27,Poultry,Indiana
KNEPP AND SONS TURKEY FARMS  LLC,"Montgomery, Indiana


                    United States",0.26,Poultry,Indiana
"ALL STAR GAME BIRDS, LLC","Loogootee, Indiana


                    United States",0.26,Poultry,Indiana
"KEITH MASSEY JR. EXCAVATING, INC.","Dubois, Indiana


                    United States",0.25,Poultry,Indiana
"KFG FARM, LLC","Salem, Indiana


                    United States",0.25,Poultry,Indiana
"Knies Family Farms, LLC","Celestine, Indiana


                    United States",0.25,Poultry,Indiana
DUCK IT FARM LLC,"Cromwell, Indiana


                    United States",0.24,Poultry,Indiana
SHOCKNEY & SON INC,"Union City, Indiana


                    United States",0.24,Poultry,Indiana
TRI-HARD FARMS INC,"Bluffton, Indiana


                    United States",0.24,Poultry,Indiana
"Graber, Abraham L","Loogootee, Indiana


                    United States",0.24,Poultry,Indiana
Hilltop Turkeys LLC,"Vincennes, Indiana


                    United States",0.24,Poultry,Indiana
"Richard Family Farms, Inc.","Saint Croix, Indiana


                    United States",0.23,Poultry,Indiana
"Shenandoah Partners, L.P.","Indianapolis, Indiana


                    United States",0.23,Poultry,Indiana
Seger Farms,"Jasper, Indiana


                    United States",0.23,Poultry,Indiana
"McKee, James","Attica, Indiana


                    United States",0.23,Poultry,Indiana
BONIFER TURKEY FARMS INC,"Velpen, Indiana


                    United States",0.22,Poultry,Indiana
"HARTZELL FARMS, INC.","Portland, Indiana


                    United States",0.22,Poultry,Indiana
Matheis Poultry,"Jasper, Indiana


                    United States",0.22,Poultry,Indiana
"P & R FARMS, LLC.","Saint Anthony, Indiana


                    United States",0.22,Poultry,Indiana
"Welp's Grain & Livestock, LLC","Saint Anthony, Indiana


                    United States",0.21,Poultry,Indiana
JCG Farms Of Alabama LLC,"Park Ridge, Illinois


                    United States",2.49,Poultry,Illinois
The Hatchery Chicago,"Chicago, Illinois


                    United States",1.68,Poultry,Illinois
Mussman Back Acres Inc,"Grant Park, Illinois


                    United States",0.7,Poultry,Illinois
"MIKE YORDY & SONS, INC.","Morton, Illinois


                    United States",0.69,Poultry,Illinois
Xecute Nutrition LLC,"Chicago, Illinois


                    United States",0.47,Poultry,Illinois
Bail Co Properties LLC,"Mascoutah, Illinois


                    United States",0.47,Poultry,Illinois
"RUSTIC ROAD FARM, LLC","Elburn, Illinois


                    United States",0.46,Poultry,Illinois
"Kellenberger Game Farm, Inc","Elgin, Illinois


                    United States",0.4,Poultry,Illinois
"Hen Haven, LLC","Chicago, Illinois


                    United States",0.38,Poultry,Illinois
T JS FREE RANGE POULTRY,"Piper City, Illinois


                    United States",0.3,Poultry,Illinois
Yordy Turkey Farm,"Morton, Illinois


                    United States",0.28,Poultry,Illinois
Da Shuga Shack LLC,"Chicago, Illinois


                    United States",0.27,Poultry,Illinois
"TURKEY HILL FARM, LLC","Lebanon, Illinois


                    United States",0.25,Poultry,Illinois
"Burns, Charles","Saint Francisville, Illinois


                    United States",0.25,Poultry,Illinois
GAGES POULTRY PLUS,"Dawson, Illinois


                    United States",0.25,Poultry,Illinois
FERMIN'S POULTRY INC.,"Chicago, Illinois


                    United States",0.25,Poultry,Illinois
"Rourke, Steven","Lexington, Illinois


                    United States",0.24,Poultry,Illinois
WING HO,"Chicago, Illinois


                    United States",0.23,Poultry,Illinois
"D&M SHALEV, INC.","Strawn, Illinois


                    United States",0.23,Poultry,Illinois
"WHISTLING WINGS, INC.","Hanover, Illinois


                    United States",0.23,Poultry,Illinois
"HODEL TURKEY FARM, INC.","Roanoke, Illinois


                    United States",0.18,Poultry,Illinois
"JTL TURKEY FARM, L.L.C.","Oblong, Illinois


                    United States",0.16,Poultry,Illinois
ZUBER TURKEY FARM,"Olney, Illinois


                    United States",0.15,Poultry,Illinois
Sinn Brothers Turkey Farm,"Tremont, Illinois


                    United States",0.15,Poultry,Illinois
Double B Poultry,"Hoyleton, Illinois


                    United States",0.12,Poultry,Illinois
DUCK FAMILY FARMS,"Cary, Illinois


                    United States",0.12,Poultry,Illinois
"HOPEWELL VIEWS HUNTING CLUB, INC.","Rockport, Illinois


                    United States",0.1,Poultry,Illinois
"PLANZ, RONALD H","Pearl City, Illinois


                    United States",0.1,Poultry,Illinois
"Eckiss, Richard","Olney, Illinois


                    United States",0.08,Poultry,Illinois
BUTTER DUCK FARMS,"Bolingbrook, Illinois


                    United States",0.07,Poultry,Illinois
OUTBACK POULTRY,"Sumner, Illinois


                    United States",0.07,Poultry,Illinois
PLANK POULTRY,"Lovington, Illinois


                    United States",0.07,Poultry,Illinois
Shady Maple Layers,"Tampico, Illinois


                    United States",0.07,Poultry,Illinois
Bussmann's Turkey Farm,"Gillespie, Illinois


                    United States",0.06,Poultry,Illinois
MID WEST POULTRY MID W. STRAUUS,"Loda, Illinois


                    United States",0.05,Poultry,Illinois
PHEASANT RIDGE FARMS OF URBANA LLC,"Urbana, Illinois


                    United States",0.05,Poultry,Illinois
"Zwilling, Donald","Olney, Illinois


                    United States",0.05,Poultry,Illinois
Farallon Inc.,"Lynwood, Illinois


                    United States",0.04,Poultry,Illinois
"Allgyer Jr, Leroy","Whittington, Illinois


                    United States",0.04,Poultry,Illinois
JUST TURKEY HEALTHY FARMS LLC,"Chicago, Illinois


                    United States",0.04,Poultry,Illinois
BRUMMEL POULTRY PROCESSING,"Rock Falls, Illinois


                    United States",0.04,Poultry,Illinois
WHISPERING PINES POULTRY,"Tampico, Illinois


                    United States",0.04,Poultry,Illinois
Raccoon Creek Farm LLC,"Lawrenceville, Illinois


                    United States",0.04,Poultry,Illinois
"CANTEEN LAKE DUCK CLUB, INC.","Bunker Hill, Illinois


                    United States",0.04,Poultry,Illinois
BERKOWSKI FAMILY FARM LLC,"Kirkland, Illinois


                    United States",0.04,Poultry,Illinois
"Layers, Inc.","Farina, Illinois


                    United States",,Poultry,Illinois
Illinois Department of Natural Resources,"Mount Vernon, Illinois


                    United States",,Poultry,Illinois
"Michael Foods, Inc.","Norwalk, Iowa


                    United States",,Poultry,Iowa
ROSE ACRE FARMS INC,"Winterset, Iowa


                    United States",,Poultry,Iowa
ROSE ACRE FARMS INC,"Guthrie Center, Iowa


                    United States",,Poultry,Iowa
"SPARBOE FARMS, INC.","Britt, Iowa


                    United States",,Poultry,Iowa
"SPARBOE FARMS, INC.","Kalona, Iowa


                    United States",,Poultry,Iowa
"UHL TURKEY FARMS, INC.","Sioux City, Iowa


                    United States",0.09,Poultry,Iowa
"Mohr, Gary","Fonda, Iowa


                    United States",0.08,Poultry,Iowa
"Achen, Robert","Wayland, Iowa


                    United States",0.08,Poultry,Iowa
"Radintz Farm, LLC","Albert City, Iowa


                    United States",0.08,Poultry,Iowa
"FLYING F FARMS, LLC","Kalona, Iowa


                    United States",0.08,Poultry,Iowa
"Cedar Creek Livestock, L.L.C.","Fonda, Iowa


                    United States",0.08,Poultry,Iowa
GUINEA FARM LLC,"New Vienna, Iowa


                    United States",0.08,Poultry,Iowa
"TURKEY CREEK FARM, LLC","Solon, Iowa


                    United States",0.08,Poultry,Iowa
NEW HAVEN POULTRY LLC,"Cedar Rapids, Iowa


                    United States",0.07,Poultry,Iowa
SCHLECHT HATCHERY,"Miles, Iowa


                    United States",0.07,Poultry,Iowa
"Malloy Gamebirds, LLC","State Center, Iowa


                    United States",0.07,Poultry,Iowa
"PHEASANT FIELD FARMS AND LODGE, INC.","Clearfield, Iowa


                    United States",0.07,Poultry,Iowa
COUNTRYSIDE POULTRY,"Ladora, Iowa


                    United States",0.07,Poultry,Iowa
"EKB POULTRY, LLC","Sioux Center, Iowa


                    United States",0.07,Poultry,Iowa
"Glienke, Kirk","Alta, Iowa


                    United States",0.07,Poultry,Iowa
"WHITE WING POULTRY, L.L.C.","Mason City, Iowa


                    United States",0.07,Poultry,Iowa
The Cline Farm LLC,"West Liberty, Iowa


                    United States",0.07,Poultry,Iowa
MILLER TURKEY FARMS,"Kalona, Iowa


                    United States",0.06,Poultry,Iowa
"Olthoff, Bart","Stanhope, Iowa


                    United States",0.06,Poultry,Iowa
LANSINK TURKEY FARM INC.,"Odebolt, Iowa


                    United States",0.06,Poultry,Iowa
"BOSHART, PHIL","Wayland, Iowa


                    United States",0.06,Poultry,Iowa
OAK HILL HATCHERY,"Menlo, Iowa


                    United States",0.06,Poultry,Iowa
JANL TURKEY FARM,"Alta, Iowa


                    United States",0.06,Poultry,Iowa
RJ Farms,"Woodward, Iowa


                    United States",0.06,Poultry,Iowa
COUNTY LINE HATCHERY,"Coggon, Iowa


                    United States",0.06,Poultry,Iowa
"Haahr, Joyce A","Newell, Iowa


                    United States",0.06,Poultry,Iowa
"Gustafson, Neil","Aurelia, Iowa


                    United States",0.06,Poultry,Iowa
"COUNTRY ROAD POULTRY, LLC","Sully, Iowa


                    United States",0.05,Poultry,Iowa
TIMBERVIEW POULTRY,"Kalona, Iowa


                    United States",0.05,Poultry,Iowa
Turkey River Farm LLC,"Elkport, Iowa


                    United States",0.05,Poultry,Iowa
"Country Gardens, LLC","Grimes, Iowa


                    United States",0.05,Poultry,Iowa
"Zimmerman, Vernon","Elma, Iowa


                    United States",0.05,Poultry,Iowa
HOECK RALPH N,"Clermont, Iowa


                    United States",0.05,Poultry,Iowa
"Sellers, Larry","Scranton, Iowa


                    United States",0.05,Poultry,Iowa
"Garbers, Ron","Keystone, Iowa


                    United States",0.04,Poultry,Iowa
AZM INTERNATIONAL LLC,"Jewell, Iowa


                    United States",0.04,Poultry,Iowa
"Widmer, Jared Michael","Washington, Iowa


                    United States",0.04,Poultry,Iowa
"Daufeldt, Bradley Clarence","West Liberty, Iowa


                    United States",0.03,Poultry,Iowa
"Valo Biomedia North America, LLC","Dallas Center, Iowa


                    United States",,Poultry,Iowa
CENTURION POULTRY INCORPORATED,"Clarion, Iowa


                    United States",,Poultry,Iowa
CENTER FRESH EGG FARM L.L.P.,"Sioux Center, Iowa


                    United States",,Poultry,Iowa
CENTURION POULTRY INCORPORATED,"Goldfield, Iowa


                    United States",,Poultry,Iowa
AG Processing Inc a Cooperative,"Algona, Iowa


                    United States",,Poultry,Iowa
"R. & H. ENTERPRISES, INC.","Wellman, Iowa


                    United States",,Poultry,Iowa
"Hy-line North America, LLC","Wilton, Iowa


                    United States",,Poultry,Iowa
HY-LINE INTERNATIONAL,"Dallas Center, Iowa


                    United States",,Poultry,Iowa
"HY-LINE NORTH AMERICA, LLC","Spencer, Iowa


                    United States",,Poultry,Iowa
"HY-LINE NORTH AMERICA, LLC","Dallas Center, Iowa


                    United States",,Poultry,Iowa
"VALO BIOMEDIA NORTH AMERICA, LLC","Redfield, Iowa


                    United States",,Poultry,Iowa
"MICHAEL FOODS, INC.","Dows, Iowa


                    United States",,Poultry,Iowa
EAST VALLEY POULTRY LLC,"Logan, Iowa


                    United States",0.2,Poultry,Iowa
"North Iowa Produce, Inc.","Stacyville, Iowa


                    United States",0.19,Poultry,Iowa
Mugge & Mugge Farm And Poultry Inc,"Greenville, Iowa


                    United States",0.18,Poultry,Iowa
"WEBB'S FEED, INC.","Rockwell City, Iowa


                    United States",0.18,Poultry,Iowa
Ewing Featherbirds Inc,"Waterville, Iowa


                    United States",0.17,Poultry,Iowa
Oakdale Farm Inc,"Sioux Rapids, Iowa


                    United States",0.17,Poultry,Iowa
SHORT BROS,"Winthrop, Iowa


                    United States",0.17,Poultry,Iowa
"R. & H. ENTERPRISES, INC.","Kalona, Iowa


                    United States",0.16,Poultry,Iowa
"NUTMEG AVE. EGG FARM, INC.","Kalona, Iowa


                    United States",0.16,Poultry,Iowa
"Roth, Benjie","Wayland, Iowa


                    United States",0.16,Poultry,Iowa
"WELP VENTURE, INC.","Bancroft, Iowa


                    United States",0.16,Poultry,Iowa
"HERRIG BROTHERS, INC.","Albert City, Iowa


                    United States",0.16,Poultry,Iowa
"McConnell's Irish Acres, LLC","Decorah, Iowa


                    United States",0.16,Poultry,Iowa
"DOLL, MARK A","Onslow, Iowa


                    United States",0.15,Poultry,Iowa
K 3 CO.,"Walcott, Iowa


                    United States",0.15,Poultry,Iowa
"DEVIG, ERIC & MICHELLE","Marshalltown, Iowa


                    United States",0.15,Poultry,Iowa
"Yoder And Sons, Inc.","Wayland, Iowa


                    United States",0.15,Poultry,Iowa
"Ehlers, Daniel P","Albert City, Iowa


                    United States",0.14,Poultry,Iowa
"KINKADE TURKEY FARMS, INC.","Laurens, Iowa


                    United States",0.14,Poultry,Iowa
"JOHNSON,ROBERT A","Albert City, Iowa


                    United States",0.14,Poultry,Iowa
"SONKSEN FARMS, L.L.C.","Stratford, Iowa


                    United States",0.14,Poultry,Iowa
"mai, dean c. farm","Elma, Iowa


                    United States",0.13,Poultry,Iowa
"GM COMPANY, LLC","Dows, Iowa


                    United States",0.13,Poultry,Iowa
"Verburg, Bradley's Farm","Sheldon, Iowa


                    United States",0.13,Poultry,Iowa
"QUANDAHL POULTRY, L.L.C.","Decorah, Iowa


                    United States",0.13,Poultry,Iowa
"WILLER, MIKE","Lawton, Iowa


                    United States",0.13,Poultry,Iowa
"KUETHE TURKEY FARMS, INC.","Sumner, Iowa


                    United States",0.12,Poultry,Iowa
"B & D POULTRY, INC.","Sheldon, Iowa


                    United States",0.12,Poultry,Iowa
"TROYER, KEITH","Kalona, Iowa


                    United States",0.12,Poultry,Iowa
"Olberding, Vernon","Spencer, Iowa


                    United States",0.12,Poultry,Iowa
"WONDER ACRES, INC.","Waterloo, Iowa


                    United States",0.12,Poultry,Iowa
"HEITSHUSEN, JAMES","South Amana, Iowa


                    United States",0.11,Poultry,Iowa
"ROBERT T. HAMILTON, INC.","Ankeny, Iowa


                    United States",0.11,Poultry,Iowa
"CHRISTENSON, MIKE","Newell, Iowa


                    United States",0.11,Poultry,Iowa
L K S Turkeys,"Winfield, Iowa


                    United States",0.11,Poultry,Iowa
"Vetter, Larry","Manson, Iowa


                    United States",0.11,Poultry,Iowa
"HILL, TODD","Ellsworth, Iowa


                    United States",0.11,Poultry,Iowa
VALLEY VIEW POULTRY,"Bloomfield, Iowa


                    United States",0.11,Poultry,Iowa
"BUCK CREEK TURKEY, INC.","Sumner, Iowa


                    United States",0.1,Poultry,Iowa
"Helfter, Tony Farms","Osage, Iowa


                    United States",0.1,Poultry,Iowa
Dale Kruse,"Fort Atkinson, Iowa


                    United States",0.1,Poultry,Iowa
"Schlee, Tony Allan","Elgin, Iowa


                    United States",0.1,Poultry,Iowa
"Graber, Dwight Farms Inc","Crawfordsville, Iowa


                    United States",0.1,Poultry,Iowa
Joe C Svoboda,"Toledo, Iowa


                    United States",0.1,Poultry,Iowa
"Lenz, Alfred","Palmer, Iowa


                    United States",0.1,Poultry,Iowa
"GORDON AG, LLC","Creston, Iowa


                    United States",0.1,Poultry,Iowa
"BKT POULTRY, INC.","Boyden, Iowa


                    United States",0.09,Poultry,Iowa
"Pifer, Fred","Adel, Iowa


                    United States",0.09,Poultry,Iowa
"J & G POULTRY, INC.","Mason City, Iowa


                    United States",0.09,Poultry,Iowa
"SMOKIN' BARRELS PHEASANT HUNT & LODGE, L.L.C.","Laurens, Iowa


                    United States",0.09,Poultry,Iowa
"Hy-line North America, LLC","West Des Moines, Iowa


                    United States",39.64,Poultry,Iowa
"Sunrise Farms, Inc.","Harris, Iowa


                    United States",24.18,Poultry,Iowa
Center Fresh Egg Farm L.L.P.,"Sioux Center, Iowa


                    United States",14.63,Poultry,Iowa
Hy-Line International,"West Des Moines, Iowa


                    United States",8.12,Poultry,Iowa
"VALO BioMedia North America, LLC","Adel, Iowa


                    United States",4.96,Poultry,Iowa
"MURRAY MCMURRAY HATCHERY, INC.","Webster City, Iowa


                    United States",2.72,Poultry,Iowa
"International Poultry Breeders Hatcheries, Inc.","Bancroft, Iowa


                    United States",2.52,Poultry,Iowa
"Centrum Valley Farms, LLP","Clarion, Iowa


                    United States",2,Poultry,Iowa
"Hillandale Farms, LLC","West Union, Iowa


                    United States",1.93,Poultry,Iowa
"Sonstegard Farms - Sioux County, LLC","Sheldon, Iowa


                    United States",1.07,Poultry,Iowa
"Farmers Hen House Group, Inc.","Kalona, Iowa


                    United States",1.05,Poultry,Iowa
"Valley Of The Moon Commercial Poults, Inc.","Osceola, Iowa


                    United States",0.72,Poultry,Iowa
"LARSON TURKEY FARMS, INC.","Ellsworth, Iowa


                    United States",0.7,Poultry,Iowa
"MARVIN AND COLLEEN ANDERSON PULLETS, INC.","Sioux Rapids, Iowa


                    United States",0.5,Poultry,Iowa
"Heuss Distributing, Inc.","Audubon, Iowa


                    United States",0.5,Poultry,Iowa
"E & W Poultry Farm, Inc.","Rock Valley, Iowa


                    United States",0.49,Poultry,Iowa
BELLCOCK TURKEY FARMS,"Sac City, Iowa


                    United States",0.49,Poultry,Iowa
"K & M TURKEY FARM, L.L.C.","Newell, Iowa


                    United States",0.48,Poultry,Iowa
"Iowa Cagefree, LLLP","Johnston, Iowa


                    United States",0.43,Poultry,Iowa
"Byl, Dan And Elizabeth Inc","Maurice, Iowa


                    United States",0.43,Poultry,Iowa
"D Daufeldt Farms, Inc.","West Liberty, Iowa


                    United States",0.43,Poultry,Iowa
"CIRCLE HILL FARMS, LTD.","Ellsworth, Iowa


                    United States",0.41,Poultry,Iowa
Jewell Enterprizes Incorporated,"Decorah, Iowa


                    United States",0.4,Poultry,Iowa
Deb El Iowa Operating LLC,"New Hampton, Iowa


                    United States",0.38,Poultry,Iowa
"Hen Haven, LLC","Chicago, Illinois


                    United States",0.38,Poultry,Iowa
"Schmidt, Jarred","Emmetsburg, Iowa


                    United States",0.38,Poultry,Iowa
"ELLSWORTH TURKEY, L.C.","Ellsworth, Iowa


                    United States",0.36,Poultry,Iowa
"J.T. ACHEN FARMS, INC.","Wayland, Iowa


                    United States",0.36,Poultry,Iowa
"CREATIVE AGRICULTURE, INC.","Lansing, Iowa


                    United States",0.33,Poultry,Iowa
RIVERLAND POULTRY INC,"Kalona, Iowa


                    United States",0.31,Poultry,Iowa
"B.E.K. POULTRY, L.L.C.","Sioux Center, Iowa


                    United States",0.27,Poultry,Iowa
"BRANDON AXDAHL POULTRY, INC.","Sioux Rapids, Iowa


                    United States",0.27,Poultry,Iowa
"New Horizons Cooperative, Inc","Britt, Iowa


                    United States",0.26,Poultry,Iowa
"CLINE, INC.","West Liberty, Iowa


                    United States",0.26,Poultry,Iowa
"Early Morning Harvest, LLC","Panora, Iowa


                    United States",0.25,Poultry,Iowa
"WEBER ACRES, LTD.","Ayrshire, Iowa


                    United States",0.24,Poultry,Iowa
"CP POULTRY FARMS, INC.","Linn Grove, Iowa


                    United States",0.24,Poultry,Iowa
Heying Firms Inc,"West Union, Iowa


                    United States",0.24,Poultry,Iowa
DECORAH HATCHERY LLC,"Decorah, Iowa


                    United States",0.24,Poultry,Iowa
"Hill Turkey, L.C.","Ellsworth, Iowa


                    United States",0.24,Poultry,Iowa
"Ham And Eggs, L.L.C.","Iowa Falls, Iowa


                    United States",0.24,Poultry,Iowa
"Dolan Farms, L.L.C.","Muscatine, Iowa


                    United States",0.23,Poultry,Iowa
"LARSON, STEVEN J","Ellsworth, Iowa


                    United States",0.22,Poultry,Iowa
"WHIPELL TURKEY FARM, INC.","Lake City, Iowa


                    United States",0.22,Poultry,Iowa
"DIETRICK TURKEYS, INC.","Cedar Falls, Iowa


                    United States",0.21,Poultry,Iowa
GUTHRIE CENTER EGG FARM,"Guthrie Center, Iowa


                    United States",0.21,Poultry,Iowa
"Dooyema & Sons, Inc","Sioux Center, Iowa


                    United States",0.2,Poultry,Iowa
"Nugent Nuggets, LLC","Iowa Falls, Iowa


                    United States",0.2,Poultry,Iowa
"WTG, INC.","Story City, Iowa


                    United States",0.2,Poultry,Iowa
"DOORENBOS POULTRY, INC.","Boyden, Iowa


                    United States",0.2,Poultry,Iowa
"McCarthy, Dennis","Bancroft, Iowa


                    United States",0.11,Swine,Iowa
"FLAK, Duane","Decorah, Iowa


                    United States",0.11,Swine,Iowa
"Droll, Jim Farm","Clarence, Iowa


                    United States",0.11,Swine,Iowa
"Sherrard, Robert","Saint Ansgar, Iowa


                    United States",0.11,Swine,Iowa
"Myers, Bill","Everly, Iowa


                    United States",0.11,Swine,Iowa
"Dallman, Kurt","Garner, Iowa


                    United States",0.11,Swine,Iowa
"WEBER, IRVIN","Jesup, Iowa


                    United States",0.11,Swine,Iowa
"Mclaren, J F & Vivian","Farragut, Iowa


                    United States",0.11,Swine,Iowa
"M. W. MYERS, INC.","Beaman, Iowa


                    United States",0.11,Swine,Iowa
"TEIG, Paul","Roland, Iowa


                    United States",0.11,Swine,Iowa
"GRINGS, Brett","Wilton, Iowa


                    United States",0.11,Swine,Iowa
Son-D-36 Inc.,"Harris, Iowa


                    United States",0.11,Swine,Iowa
"Smith, Danny Farms","Keosauqua, Iowa


                    United States",0.11,Swine,Iowa
"ROBERT T. HAMILTON, INC.","Ankeny, Iowa


                    United States",0.11,Swine,Iowa
"LESAN, Marty","Kellerton, Iowa


                    United States",0.11,Swine,Iowa
"Beichley, Randall","Gladbrook, Iowa


                    United States",0.11,Swine,Iowa
"Westercamp, Max","Bonaparte, Iowa


                    United States",0.11,Swine,Iowa
"HOGLE FARMS, INC.","Conrad, Iowa


                    United States",0.11,Swine,Iowa
"HOCKEMEYER FARM, INC.","Grundy Center, Iowa


                    United States",0.11,Swine,Iowa
"DAWLEY, Andy","New Sharon, Iowa


                    United States",0.11,Swine,Iowa
"Rouse, Gary","Spirit Lake, Iowa


                    United States",0.11,Swine,Iowa
"FARMER, Brian E","Orchard, Iowa


                    United States",0.11,Swine,Iowa
"Hageman, William","Ossian, Iowa


                    United States",0.11,Swine,Iowa
"De'Graaf, Jeffery J","Alton, Iowa


                    United States",0.11,Swine,Iowa
"SCHNEIDER, John F","Lone Tree, Iowa


                    United States",0.11,Swine,Iowa
"Krikke, Lavera & Gary","Sanborn, Iowa


                    United States",0.11,Swine,Iowa
OAK PORK INC,"Titonka, Iowa


                    United States",0.11,Swine,Iowa
"RIEDER FARMS, INC.","Guernsey, Iowa


                    United States",0.11,Swine,Iowa
"B & B Sandhill Swine, Inc.","Olin, Iowa


                    United States",0.11,Swine,Iowa
"Dirksen, George","Le Mars, Iowa


                    United States",0.11,Swine,Iowa
"REFSELL, DEAN","Wallingford, Iowa


                    United States",0.11,Swine,Iowa
"GLASER, DALE","Ionia, Iowa


                    United States",0.11,Swine,Iowa
"STEVENSON, Jim Farm","Williamsburg, Iowa


                    United States",0.11,Swine,Iowa
"G. & I., INC.","Osage, Iowa


                    United States",0.11,Swine,Iowa
"Schroder, Robert","Sibley, Iowa


                    United States",0.11,Swine,Iowa
"M.G. AG, INC.","Oskaloosa, Iowa


                    United States",0.11,Swine,Iowa
"SOUTH RIDGE SWINE FINISHERS, L.L.C.","Williamsburg, Iowa


                    United States",0.11,Swine,Iowa
"Wittrock, Dan","Hamlin, Iowa


                    United States",0.11,Swine,Iowa
"KUECKER, JIM","Cylinder, Iowa


                    United States",0.11,Swine,Iowa
"HEEMSTRA, DENNIS L & LORI A","Primghar, Iowa


                    United States",0.11,Swine,Iowa
"Weiss, Stanley","Ladora, Iowa


                    United States",0.11,Swine,Iowa
JOLLY Acres,"Pleasantville, Iowa


                    United States",0.11,Swine,Iowa
"WOOD, JOHN","Lansing, Iowa


                    United States",0.11,Swine,Iowa
"Thoma, Matt","Independence, Iowa


                    United States",0.11,Swine,Iowa
Hillcrest Farms,"Guthrie Center, Iowa


                    United States",0.11,Swine,Iowa
"GEISTKEMPER, Joe","Earlville, Iowa


                    United States",0.11,Swine,Iowa
"BOCKENSTEDT, Curt farm","Strawberry Point, Iowa


                    United States",0.11,Swine,Iowa
"Holsteen, David","Burlington, Iowa


                    United States",0.11,Swine,Iowa
"MAAS, STEWART","Marengo, Iowa


                    United States",0.11,Swine,Iowa
"Willenbring, Brian","Farley, Iowa


                    United States",0.11,Swine,Iowa
TJB CORPORATION,"Charles City, Iowa


                    United States",0.12,Swine,Iowa
"PETERSEN, MICHAEL","Le Mars, Iowa


                    United States",0.12,Swine,Iowa
"WONDER ACRES, INC.","Waterloo, Iowa


                    United States",0.12,Swine,Iowa
"Naig, Terry","Cylinder, Iowa


                    United States",0.12,Swine,Iowa
"Pearson, Dennis","Hartley, Iowa


                    United States",0.12,Swine,Iowa
"Kuhn, Steve","Festina, Iowa


                    United States",0.12,Swine,Iowa
"B. D. DUWA FARMS, INC.","Washington, Iowa


                    United States",0.12,Swine,Iowa
"GARNET, INC.","Center Junction, Iowa


                    United States",0.12,Swine,Iowa
"Kampman, Grant","Aplington, Iowa


                    United States",0.12,Swine,Iowa
5-K PORK LLC,"Sioux Center, Iowa


                    United States",0.12,Swine,Iowa
"WEHLING FARMS, INC.","Anamosa, Iowa


                    United States",0.12,Swine,Iowa
"CROCK, DAVE","Tipton, Iowa


                    United States",0.12,Swine,Iowa
"Martin, Bruce","Hancock, Iowa


                    United States",0.12,Swine,Iowa
"M & M GREENLINE, LTD.","Hospers, Iowa


                    United States",0.12,Swine,Iowa
Northern Swine Genetics,"Northwood, Iowa


                    United States",0.12,Swine,Iowa
Gary Ellensohn,"Le Mars, Iowa


                    United States",0.12,Swine,Iowa
"BEAR CREEK VALLEY, INC.","Earlville, Iowa


                    United States",0.12,Swine,Iowa
"BAR D FARMS, LTD.","Marshalltown, Iowa


                    United States",0.12,Swine,Iowa
"SEL HAHN, INC.","Keota, Iowa


                    United States",0.12,Swine,Iowa
RUHLAND FARMS LTD.,"Le Mars, Iowa


                    United States",0.12,Swine,Iowa
"Zwart, Glen","Ireton, Iowa


                    United States",0.12,Swine,Iowa
"Johnson, Gerald","West Point, Iowa


                    United States",0.12,Swine,Iowa
"SCHNEPF, LOREN & SANDRA","Le Mars, Iowa


                    United States",0.12,Swine,Iowa
"Hoogendoorn, Gene","Hawarden, Iowa


                    United States",0.12,Swine,Iowa
"LINDMARK, DOUGLAS","Stratford, Iowa


                    United States",0.12,Swine,Iowa
"Edwards, Roger","Columbus Junction, Iowa


                    United States",0.12,Swine,Iowa
"RBS FEEDERS, LLC","Hawarden, Iowa


                    United States",0.12,Swine,Iowa
"AHRENHOLTZ,WILLIAM","Defiance, Iowa


                    United States",0.12,Swine,Iowa
"Seidl, Steve","Coon Rapids, Iowa


                    United States",0.12,Swine,Iowa
"Rouse, Terry","Curlew, Iowa


                    United States",0.12,Swine,Iowa
"HUCKA, DOUGLAS","Lake City, Iowa


                    United States",0.12,Swine,Iowa
"Mowrer, Bryan","Guthrie Center, Iowa


                    United States",0.12,Swine,Iowa
VanZante Farms,"Grinnell, Iowa


                    United States",0.12,Swine,Iowa
"BRASS, TOM","Hampton, Iowa


                    United States",0.12,Swine,Iowa
"TJOSSEM, INC.","Primghar, Iowa


                    United States",0.12,Swine,Iowa
"Brighton Hogs, L.L.C.","Brighton, Iowa


                    United States",0.12,Swine,Iowa
"RLP Farms, Inc.","Le Mars, Iowa


                    United States",0.12,Swine,Iowa
"Wenell, John","Albert City, Iowa


                    United States",0.12,Swine,Iowa
"Wheatley, Steven","Palmer, Iowa


                    United States",0.12,Swine,Iowa
"THE SEAFORTH COMPANY, L.L.C.","Winthrop, Iowa


                    United States",0.12,Swine,Iowa
"Reinders, Gary","Orange City, Iowa


                    United States",0.12,Swine,Iowa
PILOT GROVE FARM INC.,"Independence, Iowa


                    United States",0.11,Swine,Iowa
"Dunbar Farms, An Iowa Limited Partnership","Fairfield, Iowa


                    United States",0.11,Swine,Iowa
"A & L LOUTSCH FARMS, INC.","Remsen, Iowa


                    United States",0.11,Swine,Iowa
"Lowe, ROGER","Estherville, Iowa


                    United States",0.11,Swine,Iowa
"Noteboom, Dan","Archer, Iowa


                    United States",0.11,Swine,Iowa
"Cruise, Edward","Wesley, Iowa


                    United States",0.11,Swine,Iowa
"SILVER CREEK SWINE, LLC","Manchester, Iowa


                    United States",0.11,Swine,Iowa
"Wonsmos, Bruce","Thornton, Iowa


                    United States",0.11,Swine,Iowa
"Schmale, Monty","Meservey, Iowa


                    United States",0.11,Swine,Iowa
"INDIGO FAMILY FARMS, INC.","Clear Lake, Iowa


                    United States",0.12,Swine,Iowa
"Krueger, Jeffery","Walnut, Iowa


                    United States",0.12,Swine,Iowa
"AUGUSTINE & SONS, INCORPORATED","Rose Hill, Iowa


                    United States",0.12,Swine,Iowa
"PINE HEIGHTS FARMS, INC.","Wellman, Iowa


                    United States",0.12,Swine,Iowa
"TROYER, KEITH","Kalona, Iowa


                    United States",0.12,Swine,Iowa
"E & W FARMS, INC.","Larchwood, Iowa


                    United States",0.12,Swine,Iowa
"JACKSON, KENNETH","College Springs, Iowa


                    United States",0.12,Swine,Iowa
"Lane, Leland","Preston, Iowa


                    United States",0.12,Swine,Iowa
"PLAINVIEW, INC.","Keota, Iowa


                    United States",0.12,Swine,Iowa
"GEROT, GEORGE","Riverside, Iowa


                    United States",0.12,Swine,Iowa
"PIGTAIL PORK, L.L.C.","Lone Rock, Iowa


                    United States",0.12,Swine,Iowa
"MAHER, MARTIN","Imogene, Iowa


                    United States",0.12,Swine,Iowa
Gary Carpenter,"Waverly, Iowa


                    United States",0.12,Swine,Iowa
Murray Farms Ltd,"Storm Lake, Iowa


                    United States",0.12,Swine,Iowa
Lazy K Inc,"Defiance, Iowa


                    United States",0.12,Swine,Iowa
"KEITH BROWN FARMS, INC.","Merrill, Iowa


                    United States",0.12,Swine,Iowa
"Schnitzler, James","Decorah, Iowa


                    United States",0.12,Swine,Iowa
"LITWILLER RIDGE, INC.","Parnell, Iowa


                    United States",0.12,Swine,Iowa
"MACKEY FARMS, INC.","Ely, Iowa


                    United States",0.12,Swine,Iowa
"Evan, Robert","Odebolt, Iowa


                    United States",0.12,Swine,Iowa
KRUSE FARM,"George, Iowa


                    United States",0.12,Swine,Iowa
"IDE FARMS, INC.","Shannon City, Iowa


                    United States",0.12,Swine,Iowa
GRAIN & HOG FARMERS,"Jefferson, Iowa


                    United States",0.12,Swine,Iowa
"Hoefer, William","Garnavillo, Iowa


                    United States",0.12,Swine,Iowa
76 LTD.,"Keota, Iowa


                    United States",0.12,Swine,Iowa
"TERRACE HILL FARMS, INC.","Lester, Iowa


                    United States",0.12,Swine,Iowa
Hackman Farms,"Festina, Iowa


                    United States",0.12,Swine,Iowa
"Wolf, Shaun W","Remsen, Iowa


                    United States",0.12,Swine,Iowa
"NEES, JOE","Breda, Iowa


                    United States",0.12,Swine,Iowa
"Hansen, Brock","Wyoming, Iowa


                    United States",0.12,Swine,Iowa
"REESINK, GEORGE","Muscatine, Iowa


                    United States",0.12,Swine,Iowa
"SCHWICKERATH, CLETUS","New Hampton, Iowa


                    United States",0.12,Swine,Iowa
"Besler, Robert","Worthington, Iowa


                    United States",0.12,Swine,Iowa
"Bildstein, James","Dyersville, Iowa


                    United States",0.12,Swine,Iowa
"Mosher, Randy","Callender, Iowa


                    United States",0.12,Swine,Iowa
"Harder, Paul","Hancock, Iowa


                    United States",0.12,Swine,Iowa
"Payton, Gary","Thornton, Iowa


                    United States",0.12,Swine,Iowa
"HARDER, JEFF","Walnut, Iowa


                    United States",0.12,Swine,Iowa
"McCarty, Jerry","Donnellson, Iowa


                    United States",0.12,Swine,Iowa
Lown's Truck Farm,"North English, Iowa


                    United States",0.12,Swine,Iowa
"Parcell, Robert","Winfield, Iowa


                    United States",0.12,Swine,Iowa
"GREINER, STEVE","Sigourney, Iowa


                    United States",0.12,Swine,Iowa
"HILLENGA, EDWIN","Wesley, Iowa


                    United States",0.12,Swine,Iowa
"Smith, Earl Ralph","Riceville, Iowa


                    United States",0.12,Swine,Iowa
"ZITTERGRUN, SHERYL L & MARY E","Monona, Iowa


                    United States",0.12,Swine,Iowa
"Van Den Berghe, Larry","New Liberty, Iowa


                    United States",0.12,Swine,Iowa
"NELSON, JOSEPH","Thornton, Iowa


                    United States",0.12,Swine,Iowa
"Tjelmeland, Dean","Nevada, Iowa


                    United States",0.12,Swine,Iowa
"Koller, Stanley","Donnellson, Iowa


                    United States",0.12,Swine,Iowa
"Ahrendsen, Jacob","Le Mars, Iowa


                    United States",0.12,Swine,Iowa
"ALLAN, RICHARD C","Parkersburg, Iowa


                    United States",0.13,Swine,Iowa
LARSEN FARMS,"State Center, Iowa


                    United States",0.13,Swine,Iowa
"Bauer, Daniel","Carroll, Iowa


                    United States",0.13,Swine,Iowa
"Nagel, B","Little Rock, Iowa


                    United States",0.13,Swine,Iowa
"Warren, Richard","Eldon, Iowa


                    United States",0.13,Swine,Iowa
GARY JOSEPH ADAM,"Bonaparte, Iowa


                    United States",0.13,Swine,Iowa
"NOONAN, WILLARD Farm","Bernard, Iowa


                    United States",0.13,Swine,Iowa
"BOYLE, STEVEN","Danbury, Iowa


                    United States",0.13,Swine,Iowa
"Chipman, Rick","Harlan, Iowa


                    United States",0.13,Swine,Iowa
Jerdon Farms Inc.,"Fertile, Iowa


                    United States",0.13,Swine,Iowa
"SIEREN, JOE","Keota, Iowa


                    United States",0.13,Swine,Iowa
"RAILSBACK, JEFF","Guthrie Center, Iowa


                    United States",0.13,Swine,Iowa
"Bonnstetter, Bruce","West Bend, Iowa


                    United States",0.13,Swine,Iowa
"BOWERS P. & C. FARMS, INC.","Anamosa, Iowa


                    United States",0.13,Swine,Iowa
"WEBER, DAVE","Corwith, Iowa


                    United States",0.13,Swine,Iowa
"HORSTMANN FARMS, L.L.C.","Britt, Iowa


                    United States",0.13,Swine,Iowa
"BAKKER, CHARLES","Dike, Iowa


                    United States",0.13,Swine,Iowa
"ZION FARMS, INC.","Winterset, Iowa


                    United States",0.13,Swine,Iowa
"Klocke, Larry","Manning, Iowa


                    United States",0.13,Swine,Iowa
PAULSEN FARM PARTNERSHIP,"Paullina, Iowa


                    United States",0.13,Swine,Iowa
Leid's Farm,"Osage, Iowa


                    United States",0.13,Swine,Iowa
"Jepsen, Daniel & Phyllis","Miles, Iowa


                    United States",0.13,Swine,Iowa
"Hanson, James","Clarinda, Iowa


                    United States",0.13,Swine,Iowa
"Hain, Reg","Archer, Iowa


                    United States",0.13,Swine,Iowa
"VAN ARKEL STOCK & GRAIN, INC.","Malcom, Iowa


                    United States",0.13,Swine,Iowa
"GREENZWEIG FARMS, INC.","Charles City, Iowa


                    United States",0.13,Swine,Iowa
"Vogel, Bart J","Fairbank, Iowa


                    United States",0.13,Swine,Iowa
"Straub, Tim","Peterson, Iowa


                    United States",0.13,Swine,Iowa
Margery Gubbels,"Panama, Iowa


                    United States",0.13,Swine,Iowa
"Vant Hul, GARY","Rock Rapids, Iowa


                    United States",0.13,Swine,Iowa
HC Feeders Inc,"Lime Springs, Iowa


                    United States",0.13,Swine,Iowa
"DENNY, Bruce","Hartley, Iowa


                    United States",0.13,Swine,Iowa
"GREIMAN FARMS, INC.","Hudson, Iowa


                    United States",0.13,Swine,Iowa
"Damman, Jeff","Melbourne, Iowa


                    United States",0.12,Swine,Iowa
"LUNDQUIST, ROBERT","Corning, Iowa


                    United States",0.12,Swine,Iowa
"Schipper, Lester","Aplington, Iowa


                    United States",0.12,Swine,Iowa
"Carlson, Larry","Vincent, Iowa


                    United States",0.12,Swine,Iowa
"WILSON, GARY","Guthrie Center, Iowa


                    United States",0.12,Swine,Iowa
"R. & L. SEUNTJENS FARMS, INC.","Mapleton, Iowa


                    United States",0.12,Swine,Iowa
"Schwanz, Kenneth","Vail, Iowa


                    United States",0.12,Swine,Iowa
"DRAKE, Ronald","Menlo, Iowa


                    United States",0.12,Swine,Iowa
"STAUDT, DAN","Marble Rock, Iowa


                    United States",0.12,Swine,Iowa
"WHITHAM, Kenneth","Fairfield, Iowa


                    United States",0.12,Swine,Iowa
ROSE PORK FARMS,"Paullina, Iowa


                    United States",0.12,Swine,Iowa
"SLOGE FARM, INC.","Winthrop, Iowa


                    United States",0.12,Swine,Iowa
"Byrnes, Jeff","New Albin, Iowa


                    United States",0.12,Swine,Iowa
"Thorne, Steve","Hartley, Iowa


                    United States",0.12,Swine,Iowa
"Bunda, Bill Seed Farms","Pocahontas, Iowa


                    United States",0.12,Swine,Iowa
"Woodall, Craig","Hartley, Iowa


                    United States",0.12,Swine,Iowa
"Steffen, James","Forest City, Iowa


                    United States",0.12,Swine,Iowa
"Johnson, Randal","Clarksville, Iowa


                    United States",0.13,Swine,Iowa
"Rochleau, Dave","Whittemore, Iowa


                    United States",0.13,Swine,Iowa
"CATLETT FARMS, INCORPORATED","Hopkinton, Iowa


                    United States",0.13,Swine,Iowa
MIDWEST SWINE MANAGEMENT INC,"Coon Rapids, Iowa


                    United States",0.13,Swine,Iowa
"Sandstorm, Kevin","Harcourt, Iowa


                    United States",0.13,Swine,Iowa
"Topf, Lawrence","Salix, Iowa


                    United States",0.13,Swine,Iowa
"B & G Farm, Inc.","Larchwood, Iowa


                    United States",0.13,Swine,Iowa
"Dierickx, Paul","Long Grove, Iowa


                    United States",0.13,Swine,Iowa
"Bomgaars, Dave Farms","Sioux Center, Iowa


                    United States",0.13,Swine,Iowa
5M CO.,"Wellman, Iowa


                    United States",0.13,Swine,Iowa
"HOWE-BACH FARMS, LTD.","Mechanicsville, Iowa


                    United States",0.13,Swine,Iowa
"Glasnapp, Todd & Kay","Ringsted, Iowa


                    United States",0.13,Swine,Iowa
"DLB FARM, INC.","Ottumwa, Iowa


                    United States",0.13,Swine,Iowa
planeview enterprises,"Jefferson, Iowa


                    United States",0.13,Swine,Iowa
"Leusink, Arlin","Sioux Center, Iowa


                    United States",0.13,Swine,Iowa
"GAUDIAN, Darwin","Primghar, Iowa


                    United States",0.13,Swine,Iowa
"Wadle, James","Milo, Iowa


                    United States",0.13,Swine,Iowa
"Enerson, David","Estherville, Iowa


                    United States",0.13,Swine,Iowa
"LINDER, HOWARD & BETTY","Sigourney, Iowa


                    United States",0.13,Swine,Iowa
"KAYSER, James","Independence, Iowa


                    United States",0.13,Swine,Iowa
"DSL FARMS, INC.","Shell Rock, Iowa


                    United States",0.13,Swine,Iowa
HOOTER LANE FARMS INC.,"Lockridge, Iowa


                    United States",0.13,Swine,Iowa
"Ullrich, Dale","Arthur, Iowa


                    United States",0.13,Swine,Iowa
R & J HOG FARM INC,"Hull, Iowa


                    United States",0.13,Swine,Iowa
"TESKE PORK, L.L.C.","Eldora, Iowa


                    United States",0.13,Swine,Iowa
"Bergan, Roger","Ridgeway, Iowa


                    United States",0.13,Swine,Iowa
"Johnson, Everett","Sioux Rapids, Iowa


                    United States",0.13,Swine,Iowa
HANSEN FAMILY FARMS INC.,"Alton, Iowa


                    United States",0.13,Swine,Iowa
"Irlmeier, Timothy","Audubon, Iowa


                    United States",0.13,Swine,Iowa
"Striegel, James L","Delta, Iowa


                    United States",0.13,Swine,Iowa
"FORTIN'S FARMS, INC.","Danville, Iowa


                    United States",0.13,Swine,Iowa
Family Farms Inc,"Clinton, Iowa


                    United States",0.13,Swine,Iowa
"HOLTKAMP, MARVIN","Donnellson, Iowa


                    United States",0.13,Swine,Iowa
Luers & Nebel,"Riverside, Iowa


                    United States",0.13,Swine,Iowa
"Kozishek, Robert","Williamsburg, Iowa


                    United States",0.13,Swine,Iowa
"Zylstra, Stanley","Hull, Iowa


                    United States",0.13,Swine,Iowa
KSB SWINE LLC,"Harlan, Iowa


                    United States",0.13,Swine,Iowa
"Chalepa, Nate","Keota, Iowa


                    United States",0.13,Swine,Iowa
Trausch Fertilizer co,"Carroll, Iowa


                    United States",0.13,Swine,Iowa
Fobian Farms Inc,"West Branch, Iowa


                    United States",0.13,Swine,Iowa
"Sheets, Leon","Ionia, Iowa


                    United States",0.13,Swine,Iowa
"HAMMEL, ROGER & CAROL","Decorah, Iowa


                    United States",0.13,Swine,Iowa
"Paper, John J & Janella","State Center, Iowa


                    United States",0.13,Swine,Iowa
B & W HOG FARM,"Saint Anthony, Iowa


                    United States",0.13,Swine,Iowa
"BRIAN OOLMAN, LLC","Orange City, Iowa


                    United States",0.13,Swine,Iowa
Chmelar Farms Inc,"Washington, Iowa


                    United States",0.13,Swine,Iowa
Lor Max INC,"Mc Gregor, Iowa


                    United States",0.13,Swine,Iowa
STONE PATH INC.,"Carroll, Iowa


                    United States",0.13,Swine,Iowa
RASMUSSEN SEEDS,"Burt, Iowa


                    United States",0.13,Swine,Iowa
"SCHUKNECHT, FRED","Paullina, Iowa


                    United States",0.13,Swine,Iowa
"WULFEKUHLE FARMS, INC.","Dyersville, Iowa


                    United States",0.14,Swine,Iowa
"T/S BRUS FARMS, INC.","Walcott, Iowa


                    United States",0.14,Swine,Iowa
"MARETT FEEDERS, L.L.C.","New Providence, Iowa


                    United States",0.14,Swine,Iowa
"STECKLY, DONALD","Wellman, Iowa


                    United States",0.14,Swine,Iowa
"Kaufmann, Leland","Harlan, Iowa


                    United States",0.14,Swine,Iowa
"SKAGGS, DENNIS","Cherokee, Iowa


                    United States",0.14,Swine,Iowa
"RIDGE VIEW PORK, INC.","Holstein, Iowa


                    United States",0.14,Swine,Iowa
"Brantsen, Brian","Sioux Center, Iowa


                    United States",0.14,Swine,Iowa
"farley, harold l & mary","Perry, Iowa


                    United States",0.14,Swine,Iowa
"Wilson, Lyle","Casey, Iowa


                    United States",0.14,Swine,Iowa
COGDILL TIMOTHY C,"Dunlap, Iowa


                    United States",0.14,Swine,Iowa
"HAWKEYE STAR FARMS, INC.","Dunkerton, Iowa


                    United States",0.14,Swine,Iowa
"Backhaus, Dennis","Westside, Iowa


                    United States",0.14,Swine,Iowa
"Drees, Ronald","Earlville, Iowa


                    United States",0.14,Swine,Iowa
"GREINER, ANTHONY","Keota, Iowa


                    United States",0.14,Swine,Iowa
"R S ENTERPRISES, INC.","Victor, Iowa


                    United States",0.14,Swine,Iowa
Conrad Brothers,"Rose Hill, Iowa


                    United States",0.14,Swine,Iowa
Loutsch Farms,"Le Mars, Iowa


                    United States",0.14,Swine,Iowa
"BUHR, STEVEN","Sumner, Iowa


                    United States",0.14,Swine,Iowa
"Fast, Larry","Nodaway, Iowa


                    United States",0.14,Swine,Iowa
"RIPPERDA, DONALD & JAN  Inc","Larchwood, Iowa


                    United States",0.14,Swine,Iowa
"KOOIKER, Arthur","Sheldon, Iowa


                    United States",0.14,Swine,Iowa
"SENNERT, RANDAL","Storm Lake, Iowa


                    United States",0.14,Swine,Iowa
"GOODENOW, GORDON","Ida Grove, Iowa


                    United States",0.14,Swine,Iowa
"Hoehns, Dude & Steve","Knoxville, Iowa


                    United States",0.14,Swine,Iowa
"Wiarda, Michael Ray","Ackley, Iowa


                    United States",0.14,Swine,Iowa
Stille Farm,"Nashua, Iowa


                    United States",0.14,Swine,Iowa
"VanBeek, Jon & Sharon","Primghar, Iowa


                    United States",0.14,Swine,Iowa
"GRANZOW FARMS, INC.","Alden, Iowa


                    United States",0.14,Swine,Iowa
"Kann, Peter","Garnavillo, Iowa


                    United States",0.14,Swine,Iowa
"Smith, Louis","Waucoma, Iowa


                    United States",0.14,Swine,Iowa
"Fuhrman, Jay","Cleghorn, Iowa


                    United States",0.14,Swine,Iowa
"Geater, Bryon & Kelley","Vinton, Iowa


                    United States",0.14,Swine,Iowa
"Van Regenmorter, Loren","Sioux Center, Iowa


                    United States",0.14,Swine,Iowa
"WEISBROD, Scott","Ringsted, Iowa


                    United States",0.14,Swine,Iowa
"STEEVE, Ralph","Clarinda, Iowa


                    United States",0.14,Swine,Iowa
CLAUDE FAMILY INC.,"Woolstock, Iowa


                    United States",0.14,Swine,Iowa
Pearson Farm,"Mechanicsville, Iowa


                    United States",0.13,Swine,Iowa
R W SWINE LLC,"Garner, Iowa


                    United States",0.13,Swine,Iowa
"GROVES, ROBERT","Atlantic, Iowa


                    United States",0.13,Swine,Iowa
"Leonard, Mike","Logan, Iowa


                    United States",0.13,Swine,Iowa
"Ohrt Farms, Inc.","Reinbeck, Iowa


                    United States",0.13,Swine,Iowa
"Dempster, Cecil","Garnavillo, Iowa


                    United States",0.13,Swine,Iowa
"J & M PIGS, INC.","Sumner, Iowa


                    United States",0.13,Swine,Iowa
"Woltman, Aaron","Cherokee, Iowa


                    United States",0.13,Swine,Iowa
"Welsh, Michael","Williamsburg, Iowa


                    United States",0.13,Swine,Iowa
"Handlos, DAN","Carroll, Iowa


                    United States",0.13,Swine,Iowa
"JCM FARM, INC.","New Sharon, Iowa


                    United States",0.13,Swine,Iowa
"Kellogg, Steven","Morning Sun, Iowa


                    United States",0.13,Swine,Iowa
"SCHILLING FARMS, L.L.C.","Colesburg, Iowa


                    United States",0.13,Swine,Iowa
Glenn Vegte Inc,"Inwood, Iowa


                    United States",0.14,Swine,Iowa
"Kurimski, Dennis","Melrose, Iowa


                    United States",0.14,Swine,Iowa
J R C Farms Inc,"Ringsted, Iowa


                    United States",0.14,Swine,Iowa
"Klemish, Cleon","Adair, Iowa


                    United States",0.14,Swine,Iowa
"Grossman, Don","Carroll, Iowa


                    United States",0.14,Swine,Iowa
"Portz, Dale","Spragueville, Iowa


                    United States",0.14,Swine,Iowa
"Stewart, James","Burnside, Iowa


                    United States",0.14,Swine,Iowa
J&J DALY FARM,"Epworth, Iowa


                    United States",0.14,Swine,Iowa
"Edler, Jon C & Janet E","Melbourne, Iowa


                    United States",0.14,Swine,Iowa
"SHUMAKER, RICHARD","Tipton, Iowa


                    United States",0.14,Swine,Iowa
"Lindsay, Dennis & Barbara","Masonville, Iowa


                    United States",0.14,Swine,Iowa
MEYER ROGER L & DEBORAH J,"Rock Rapids, Iowa


                    United States",0.14,Swine,Iowa
Fordyce Family Farm,"Aurelia, Iowa


                    United States",0.14,Swine,Iowa
"DUBER FARMS, INC.","Lone Tree, Iowa


                    United States",0.14,Swine,Iowa
"Calderwood, David","Traer, Iowa


                    United States",0.14,Swine,Iowa
"Cook, Robert","New Providence, Iowa


                    United States",0.14,Swine,Iowa
G & K Farm,"Oxford, Iowa


                    United States",0.14,Swine,Iowa
"BREMER, KEITH","Ocheyedan, Iowa


                    United States",0.14,Swine,Iowa
"STOUT, MARK & RONDA","Letts, Iowa


                    United States",0.14,Swine,Iowa
"Grant, Gene","Preston, Iowa


                    United States",0.14,Swine,Iowa
"Kromminga, Jeff","Keystone, Iowa


                    United States",0.14,Swine,Iowa
KNIPPER FARMS INC.,"Monticello, Iowa


                    United States",0.14,Swine,Iowa
"Wagner, Tom","Primghar, Iowa


                    United States",0.14,Swine,Iowa
Lain Farm,"Mystic, Iowa


                    United States",0.14,Swine,Iowa
JARRARD FARM CORP.,"Washington, Iowa


                    United States",0.14,Swine,Iowa
"Eickman, Glen","Manning, Iowa


                    United States",0.14,Swine,Iowa
"Manternach, Norbert","Monticello, Iowa


                    United States",0.14,Swine,Iowa
"NOSTROM, JAMES R","Humboldt, Iowa


                    United States",0.14,Swine,Iowa
"DJ KEEHNER FARMS, INC.","Monona, Iowa


                    United States",0.14,Swine,Iowa
PRACTICAL PIG CORP.,"Davenport, Iowa


                    United States",0.14,Swine,Iowa
"Zieman, David","Meservey, Iowa


                    United States",0.14,Swine,Iowa
"VAN MAAREN, ROBERT","Monroe, Iowa


                    United States",0.14,Swine,Iowa
"DALE SCHLARMANN, INC.","Worthington, Iowa


                    United States",0.14,Swine,Iowa
"Decker, George","Waukon, Iowa


                    United States",0.14,Swine,Iowa
"EASTMAN HOMESTEAD, INC.","Rembrandt, Iowa


                    United States",0.14,Swine,Iowa
"WILKENS FARMS, INC.","Gowrie, Iowa


                    United States",0.14,Swine,Iowa
"KLOCKE, EDDIE","Templeton, Iowa


                    United States",0.14,Swine,Iowa
"Debuhr,Velda","Rockford, Iowa


                    United States",0.14,Swine,Iowa
"RENAUD, STAN","Pella, Iowa


                    United States",0.14,Swine,Iowa
DECKER FARM ACCOUNT,"Bernard, Iowa


                    United States",0.14,Swine,Iowa
"FLOY, THOMAS","Thornton, Iowa


                    United States",0.14,Swine,Iowa
"Binning, Brad","Grand River, Iowa


                    United States",0.14,Swine,Iowa
"FOELSKE,ERIC W","Waverly, Iowa


                    United States",0.14,Swine,Iowa
"Huinker, Jeffery Charles","Postville, Iowa


                    United States",0.14,Swine,Iowa
"Vohs, Jeffrey","Holstein, Iowa


                    United States",0.14,Swine,Iowa
"PLESEK, Allan","Brooklyn, Iowa


                    United States",0.14,Swine,Iowa
"Tapper, Scott","Webster City, Iowa


                    United States",0.14,Swine,Iowa
"PORK CHOP FARMS, LTD.","Lu Verne, Iowa


                    United States",0.14,Swine,Iowa
"Brown, Duane G","Ladora, Iowa


                    United States",0.14,Swine,Iowa
LUDWIG BROS,"Fort Atkinson, Iowa


                    United States",0.14,Swine,Iowa
"BRINNING, M SHANE","Keota, Iowa


                    United States",0.15,Swine,Iowa
"BROOKE, Lee","Clarinda, Iowa


                    United States",0.15,Swine,Iowa
"Nielsen, Danny","Camanche, Iowa


                    United States",0.15,Swine,Iowa
LINDQUIST & Lindquist,"Albert City, Iowa


                    United States",0.15,Swine,Iowa
"BUTZ FARMS, INC.","Clear Lake, Iowa


                    United States",0.15,Swine,Iowa
"PARKER, NORMAN","Mapleton, Iowa


                    United States",0.15,Swine,Iowa
"Lowenberg, Kurt","Hedrick, Iowa


                    United States",0.15,Swine,Iowa
"MCTA PORK, INC.","Mediapolis, Iowa


                    United States",0.15,Swine,Iowa
"Gieselman, Wayne","Morning Sun, Iowa


                    United States",0.15,Swine,Iowa
"Waldschmidt, Mike","Iowa City, Iowa


                    United States",0.15,Swine,Iowa
"CIRCLE T FARMS, INC.","Columbus Junction, Iowa


                    United States",0.15,Swine,Iowa
Beenken Livestock,"Britt, Iowa


                    United States",0.15,Swine,Iowa
"Folkman Farm, Daren","Marengo, Iowa


                    United States",0.15,Swine,Iowa
"SMITH, GARY D","Van Meter, Iowa


                    United States",0.15,Swine,Iowa
MARK STITZ,"Kanawha, Iowa


                    United States",0.15,Swine,Iowa
Tools & Toys,"Swea City, Iowa


                    United States",0.15,Swine,Iowa
"ASSENMACHER, GARY & SALLY","Bryant, Iowa


                    United States",0.15,Swine,Iowa
"ROUSSELOW BROS. FARMS, INC.","Waterloo, Iowa


                    United States",0.15,Swine,Iowa
"T FLOY FARMS, LLC","Thornton, Iowa


                    United States",0.15,Swine,Iowa
"Allen, James","Clare, Iowa


                    United States",0.15,Swine,Iowa
"Burkle, Gary & Bernard","Dyersville, Iowa


                    United States",0.15,Swine,Iowa
Red Roof Farm,"Templeton, Iowa


                    United States",0.15,Swine,Iowa
"Watts, Wayne Farms","Clarion, Iowa


                    United States",0.15,Swine,Iowa
L. J. FARMS INCORPORATED,"Ringsted, Iowa


                    United States",0.15,Swine,Iowa
"GOODELL, KEVIN","Gilmore City, Iowa


                    United States",0.15,Swine,Iowa
"WIARDA, JEFF","Ackley, Iowa


                    United States",0.15,Swine,Iowa
3w Ltd,"Villisca, Iowa


                    United States",0.15,Swine,Iowa
"BUTLER PORK FARM, INC.","Wapello, Iowa


                    United States",0.15,Swine,Iowa
"Lonnevik, Marvin","Clear Lake, Iowa


                    United States",0.15,Swine,Iowa
"OSTERMANN, DOUG","Buffalo Center, Iowa


                    United States",0.15,Swine,Iowa
Toale Farms Ltd,"Independence, Iowa


                    United States",0.15,Swine,Iowa
"PRAIRIEVIEW HOG FARM, INC.","Keystone, Iowa


                    United States",0.15,Swine,Iowa
"Mattson, Greg","Alta, Iowa


                    United States",0.15,Swine,Iowa
Luke Farm Inc,"Graettinger, Iowa


                    United States",0.15,Swine,Iowa
"LUDWIG, Paul","Farley, Iowa


                    United States",0.15,Swine,Iowa
"Bloemendaal, Allen","Sioux Center, Iowa


                    United States",0.15,Swine,Iowa
"CARSTENS FARMS, LTD.","Adair, Iowa


                    United States",0.15,Swine,Iowa
"WESTHOFF, GARY","Guttenberg, Iowa


                    United States",0.15,Swine,Iowa
"Aistrope, David W","Randolph, Iowa


                    United States",0.15,Swine,Iowa
"HAPPEL, MARK","Sumner, Iowa


                    United States",0.15,Swine,Iowa
LAKE VIEW FEEDERS INC.,"Lake View, Iowa


                    United States",0.15,Swine,Iowa
"Ohms, Neil","Harlan, Iowa


                    United States",0.15,Swine,Iowa
"V5, INC.","Oskaloosa, Iowa


                    United States",0.15,Swine,Iowa
SAWIN ENTERPRISES INC.,"Kensett, Iowa


                    United States",0.15,Swine,Iowa
"Sandersfeld, Merlin","Harris, Iowa


                    United States",0.15,Swine,Iowa
"Jesse, Brent","Storm Lake, Iowa


                    United States",0.15,Swine,Iowa
"Honeysuckle Farms, L.L.C.","Mc Clelland, Iowa


                    United States",0.15,Swine,Iowa
ROSONKE FARM,"New Hampton, Iowa


                    United States",0.15,Swine,Iowa
FREESMEIER CORP.,"Fort Madison, Iowa


                    United States",0.15,Swine,Iowa
"Rath, James","Glidden, Iowa


                    United States",0.15,Swine,Iowa
"BRENNEMAN, MARLIN","Iowa City, Iowa


                    United States",0.16,Swine,Iowa
"Ta-Slaa, Cleo","Orange City, Iowa


                    United States",0.16,Swine,Iowa
"Dunfee, Randy","Murray, Iowa


                    United States",0.16,Swine,Iowa
"Hoffmann, Gary","Worthington, Iowa


                    United States",0.16,Swine,Iowa
"MOSELEY, STEPHEN","Hudson, Iowa


                    United States",0.16,Swine,Iowa
"DE BOER FARMS, INC.","Le Mars, Iowa


                    United States",0.16,Swine,Iowa
"Sweeney, Gene","Osage, Iowa


                    United States",0.16,Swine,Iowa
"RESER FARMS, INC.","Bristow, Iowa


                    United States",0.16,Swine,Iowa
"JENSEN, ARLYN","Neola, Iowa


                    United States",0.16,Swine,Iowa
"LINDSTROM, DAROLD & DONNA","Ida Grove, Iowa


                    United States",0.16,Swine,Iowa
"BURR OAK SWINE, LLP","Argyle, Iowa


                    United States",0.16,Swine,Iowa
Anderson Farms,"Brighton, Iowa


                    United States",0.16,Swine,Iowa
"SMITH, JIM R","Earlham, Iowa


                    United States",0.16,Swine,Iowa
"Gosch, Daniel","Ida Grove, Iowa


                    United States",0.16,Swine,Iowa
"Cook, Jeff","New Providence, Iowa


                    United States",0.16,Swine,Iowa
SANDBULTE TRUCKING CO.,"Sioux Center, Iowa


                    United States",0.16,Swine,Iowa
"L J PORK, INC.","Albert City, Iowa


                    United States",0.16,Swine,Iowa
"Freimuth, Tim","Pomeroy, Iowa


                    United States",0.16,Swine,Iowa
"ORGANIC SWINE COMPANY, INC.","Dyersville, Iowa


                    United States",0.16,Swine,Iowa
MK FARMS2.0 INC.,"Britt, Iowa


                    United States",0.16,Swine,Iowa
"LORMAX, INC.","Monticello, Iowa


                    United States",0.16,Swine,Iowa
"VIRGIL LARSON FARMS, LTD.","Maxwell, Iowa


                    United States",0.16,Swine,Iowa
"SUNSET SOW FARMS, INC.","Bruce, South Dakota


                    United States",0.16,Swine,Iowa
"HILLTOP PORK, INC.","Dyersville, Iowa


                    United States",0.16,Swine,Iowa
JEBS PORK FARM LLC,"Mediapolis, Iowa


                    United States",0.16,Swine,Iowa
"WEBB FAMILY FARMS, INC.","Mitchellville, Iowa


                    United States",0.16,Swine,Iowa
GREEN ACRES FARM CORPORATION,"Fairfield, Iowa


                    United States",0.15,Swine,Iowa
"RONNFELDT, WADE D & WAYNE","Miles, Iowa


                    United States",0.15,Swine,Iowa
"SHUMAKER, JANE","Tipton, Iowa


                    United States",0.15,Swine,Iowa
"Linberg, Gilbert","Villisca, Iowa


                    United States",0.15,Swine,Iowa
"SAND HOG FARMS, L.L.C.","Conesville, Iowa


                    United States",0.15,Swine,Iowa
"DAN & SARAH CHRISTENSEN, INC.","Audubon, Iowa


                    United States",0.15,Swine,Iowa
"Davis, Troy Farm","State Center, Iowa


                    United States",0.15,Swine,Iowa
"Vos, Judson","Sully, Iowa


                    United States",0.15,Swine,Iowa
"Kopriva, James","Cedar Falls, Iowa


                    United States",0.15,Swine,Iowa
"Janssen, Melvine","Emmetsburg, Iowa


                    United States",0.15,Swine,Iowa
"McCartan, Patrick","Havelock, Iowa


                    United States",0.15,Swine,Iowa
"DOLL, MARK A","Onslow, Iowa


                    United States",0.15,Swine,Iowa
J & P Trucking,"Hawarden, Iowa


                    United States",0.15,Swine,Iowa
"FRUNDLE, ROBERT","Montour, Iowa


                    United States",0.15,Swine,Iowa
"POORTINGA FARMS, INC.","Reasnor, Iowa


                    United States",0.15,Swine,Iowa
Twins Lake Farm,"Waterloo, Iowa


                    United States",0.15,Swine,Iowa
BOYER FARMS,"Ringsted, Iowa


                    United States",0.15,Swine,Iowa
"Tuma, Frank","Havelock, Iowa


                    United States",0.15,Swine,Iowa
"Kerkman, William","Newhall, Iowa


                    United States",0.15,Swine,Iowa
"HAMER FARMS, INC.","Traer, Iowa


                    United States",0.15,Swine,Iowa
"LUNDBERG, DAVID","Pilot Mound, Iowa


                    United States",0.15,Swine,Iowa
"Pilkington, Gary","North English, Iowa


                    United States",0.15,Swine,Iowa
"DALE LUDWIG, INC.","Carroll, Iowa


                    United States",0.15,Swine,Iowa
"KEYSTONE SWINE, INC.","Greene, Iowa


                    United States",0.15,Swine,Iowa
"CORNER VIEW FARMS, INC.","Reinbeck, Iowa


                    United States",0.17,Swine,Iowa
"D & H STARK FARMS, LTD.","Riceville, Iowa


                    United States",0.17,Swine,Iowa
"STEINER, Thomas","Oakville, Iowa


                    United States",0.17,Swine,Iowa
BKB FARMS CORP.,"Massena, Iowa


                    United States",0.17,Swine,Iowa
WILSON FARMS LTD,"Fairbank, Iowa


                    United States",0.17,Swine,Iowa
Hempy Farms,"Montour, Iowa


                    United States",0.17,Swine,Iowa
Blackford Farm,"Dows, Iowa


                    United States",0.17,Swine,Iowa
Hawkeye Hogs Inc,"Story City, Iowa


                    United States",0.17,Swine,Iowa
"Ashley, James","Ionia, Iowa


                    United States",0.17,Swine,Iowa
"BERNS, John","Garnavillo, Iowa


                    United States",0.17,Swine,Iowa
"Bartlett, Peter Farm","Iowa Falls, Iowa


                    United States",0.17,Swine,Iowa
"MAY, TONY","Osage, Iowa


                    United States",0.16,Swine,Iowa
"WILLOW VALLEY FARMS, INCORPORATED","Le Mars, Iowa


                    United States",0.16,Swine,Iowa
"SUPERIOR SWINE, L.L.C.","Carroll, Iowa


                    United States",0.16,Swine,Iowa
"CAIN FARMS, INC.","Chariton, Iowa


                    United States",0.16,Swine,Iowa
"Wigans, Mark","Goldfield, Iowa


                    United States",0.16,Swine,Iowa
"HAHN LIVESTOCK, INC.","Keota, Iowa


                    United States",0.16,Swine,Iowa
"Wibholm, John","Williams, Iowa


                    United States",0.16,Swine,Iowa
"NIELSEN, JERRY","Britt, Iowa


                    United States",0.16,Swine,Iowa
"FURNAL, KEVIN D & VALERIE D","Pleasantville, Iowa


                    United States",0.16,Swine,Iowa
"LAMPE FARMS, CO.","Havelock, Iowa


                    United States",0.16,Swine,Iowa
"Pfantz, Joel L & Cristi","Melbourne, Iowa


                    United States",0.16,Swine,Iowa
Hoskins Farms,"Clarinda, Iowa


                    United States",0.16,Swine,Iowa
"IRLBECK, EDWARD P & ROSE","Dedham, Iowa


                    United States",0.16,Swine,Iowa
"J & M HOG, INC.","Sioux Center, Iowa


                    United States",0.16,Swine,Iowa
"SARCHET FARMS, INC","Newell, Iowa


                    United States",0.16,Swine,Iowa
"ASCHBRENNER, INC.","Monticello, Iowa


                    United States",0.16,Swine,Iowa
"DYKSTRA, R","Everly, Iowa


                    United States",0.16,Swine,Iowa
"Osweiler, Jeffrey L","Webster, Iowa


                    United States",0.16,Swine,Iowa
"KOCH FARMS, INC.","Aurora, Iowa


                    United States",0.16,Swine,Iowa
"ZWART, VERLYN","Hawarden, Iowa


                    United States",0.16,Swine,Iowa
B E HOGS,"Sheffield, Iowa


                    United States",0.16,Swine,Iowa
"Kregel, Donald & Sons Inc","Garnavillo, Iowa


                    United States",0.16,Swine,Iowa
Abel Brother Partnership,"Yarmouth, Iowa


                    United States",0.16,Swine,Iowa
D & J Lorch Llc,"Harris, Iowa


                    United States",0.16,Swine,Iowa
"FERRIS PORK, L.L.C.","Iowa Falls, Iowa


                    United States",0.16,Swine,Iowa
"RICHTER FARMS, INC.","Granville, Iowa


                    United States",0.16,Swine,Iowa
"TOP PORK BUILDING, L.C.","Oskaloosa, Iowa


                    United States",0.16,Swine,Iowa
"Nelson, David","Elberon, Iowa


                    United States",0.16,Swine,Iowa
"Sulser, Steve","Mystic, Iowa


                    United States",0.16,Swine,Iowa
"EDGAR T. SNYDER, LTD.","Breda, Iowa


                    United States",0.16,Swine,Iowa
"KENNEBECK FARMS, INC.","Carroll, Iowa


                    United States",0.16,Swine,Iowa
"LYDDON, John","Clearfield, Iowa


                    United States",0.16,Swine,Iowa
"Christofferson, William","Postville, Iowa


                    United States",0.16,Swine,Iowa
"VANDEBERG, ARLINE","Sioux Center, Iowa


                    United States",0.16,Swine,Iowa
"Leonard, Robert","Center Junction, Iowa


                    United States",0.16,Swine,Iowa
"PAULEY, RICK","Earling, Iowa


                    United States",0.16,Swine,Iowa
"Wuebker, Marvin Swine Genetics","Rockwell City, Iowa


                    United States",0.16,Swine,Iowa
"DEUTMEYER, GREG","Edgewood, Iowa


                    United States",0.16,Swine,Iowa
"GROENENBOOM, DOUG FARM","Rose Hill, Iowa


                    United States",0.16,Swine,Iowa
"GREAT OAK FARMS, INC.","Emmetsburg, Iowa


                    United States",0.17,Swine,Iowa
"SWINE BY SUPPLE, LLC","Hopkinton, Iowa


                    United States",0.17,Swine,Iowa
"Anderson, Brian","Elk Horn, Iowa


                    United States",0.17,Swine,Iowa
"Thoma, Thoedore Farm","Jesup, Iowa


                    United States",0.17,Swine,Iowa
"Hill, Craig D & Shirley","Story City, Iowa


                    United States",0.17,Swine,Iowa
SNYDER Farm,"Audubon, Iowa


                    United States",0.17,Swine,Iowa
"SILVER LEAF FARMS, INC.","Kalona, Iowa


                    United States",0.17,Swine,Iowa
"ROBISON PORK, INC.","Brighton, Iowa


                    United States",0.17,Swine,Iowa
"Buhr, John","Garrison, Iowa


                    United States",0.17,Swine,Iowa
RH&K ENTERPRISES,"Dixon, Iowa


                    United States",0.17,Swine,Iowa
BRANDON ROBERT,"Pacific Junction, Iowa


                    United States",0.17,Swine,Iowa
"Hargens, Louie","Schleswig, Iowa


                    United States",0.17,Swine,Iowa
D & E PORK INC,"Thornton, Iowa


                    United States",0.17,Swine,Iowa
"BULL, RICHARD","Palo, Iowa


                    United States",0.17,Swine,Iowa
"PORK BARREL, INC.","Salix, Iowa


                    United States",0.17,Swine,Iowa
Van Gorp Bros,"Sheldon, Iowa


                    United States",0.17,Swine,Iowa
"REIS AG, LTD.","Lime Springs, Iowa


                    United States",0.17,Swine,Iowa
"PASVOGEL & SON, INC.","Wilton, Iowa


                    United States",0.17,Swine,Iowa
"Schaul, Robert Farm","Masonville, Iowa


                    United States",0.17,Swine,Iowa
"Baker, Dennis","Clear Lake, Iowa


                    United States",0.17,Swine,Iowa
"HENDERSON, DAVID","Story City, Iowa


                    United States",0.17,Swine,Iowa
"Halcomb, Greg","Martelle, Iowa


                    United States",0.17,Swine,Iowa
"BURNETT, STEVEN FARM","Atalissa, Iowa


                    United States",0.17,Swine,Iowa
Schwartz Mark,"West Point, Iowa


                    United States",0.17,Swine,Iowa
Niman Ranch Pork Company LLC,"Thornton, Iowa


                    United States",0.17,Swine,Iowa
"Theisen, Ron","Remsen, Iowa


                    United States",0.17,Swine,Iowa
"Koenig, Gale","Castalia, Iowa


                    United States",0.17,Swine,Iowa
"READ FARMS, INC.","Victor, Iowa


                    United States",0.17,Swine,Iowa
"Merit Swine, Inc.","Farmington, Iowa


                    United States",0.17,Swine,Iowa
JACK COOK FARMS INC.,"Sergeant Bluff, Iowa


                    United States",0.17,Swine,Iowa
"HACKFORT, LEON","Carroll, Iowa


                    United States",0.17,Swine,Iowa
"Kruse, RICHARD","Mc Intire, Iowa


                    United States",0.17,Swine,Iowa
"BJUSTROM HOG FARMS, L.L.C.","Mount Ayr, Iowa


                    United States",0.17,Swine,Iowa
"SLEEZER FERTILITY CENTER, L.L.C.","Aurelia, Iowa


                    United States",0.17,Swine,Iowa
Bergstrom Company,"Ogden, Iowa


                    United States",0.17,Swine,Iowa
PEYTON PORK,"Lytton, Iowa


                    United States",0.17,Swine,Iowa
"Reth, Russell","Manchester, Iowa


                    United States",0.17,Swine,Iowa
"Sheehan, Larry","Remsen, Iowa


                    United States",0.17,Swine,Iowa
"HEJLIK, JOHN","Britt, Iowa


                    United States",0.17,Swine,Iowa
"Oetken, Roger","Akron, Iowa


                    United States",0.17,Swine,Iowa
Skiff Bros Farms,"Clinton, Iowa


                    United States",0.17,Swine,Iowa
"Iverson, Leslie","Grinnell, Iowa


                    United States",0.17,Swine,Iowa
"H & H FEEDER CALVES, LLC","Fairbank, Iowa


                    United States",0.17,Swine,Iowa
"Perry, Steve Farm","New Providence, Iowa


                    United States",0.17,Swine,Iowa
"Danner, Richard","Templeton, Iowa


                    United States",0.17,Swine,Iowa
"Kregel Farms, Inc.","Garnavillo, Iowa


                    United States",0.17,Swine,Iowa
"KUIKEN, ARLIN","Orange City, Iowa


                    United States",0.17,Swine,Iowa
King Farms,"Guernsey, Iowa


                    United States",0.17,Swine,Iowa
BEAL FARMS INCORPORATED,"Monticello, Iowa


                    United States",0.17,Swine,Iowa
Maple Grove Pork Co,"Wellman, Iowa


                    United States",0.17,Swine,Iowa
"Pidgeon Family Farms, LLC","Salem, Iowa


                    United States",0.18,Swine,Iowa
SAC HOG FARMS L.L.C.,"Sac City, Iowa


                    United States",0.18,Swine,Iowa
"CBL FARMS, INC.","Winthrop, Iowa


                    United States",0.18,Swine,Iowa
"Galvin, Michael","Galva, Iowa


                    United States",0.18,Swine,Iowa
"SCHNEIDER SWINE, INC.","Le Mars, Iowa


                    United States",0.18,Swine,Iowa
"Slach, Dale R","West Branch, Iowa


                    United States",0.18,Swine,Iowa
"EHLERS FARMS, LTD.","Newell, Iowa


                    United States",0.18,Swine,Iowa
"L.C.G., INC.","Lohrville, Iowa


                    United States",0.18,Swine,Iowa
"CROWLEY FARMS, INC.","Coggon, Iowa


                    United States",0.18,Swine,Iowa
PHELPS FAMILY FARMS LLC,"Lamoni, Iowa


                    United States",0.18,Swine,Iowa
"JECK FARMS, INC.","Audubon, Iowa


                    United States",0.18,Swine,Iowa
"Schreiber, Lynn & Beverly","Fort Dodge, Iowa


                    United States",0.18,Swine,Iowa
"HURDAL, INC.","Clermont, Iowa


                    United States",0.18,Swine,Iowa
The Kaisand Farms Corporation,"Kellogg, Iowa


                    United States",0.18,Swine,Iowa
seuntjens' farm,"Kingsley, Iowa


                    United States",0.18,Swine,Iowa
"Henrichs, Donald","Allison, Iowa


                    United States",0.18,Swine,Iowa
"Rickelman, Warren","Fort Madison, Iowa


                    United States",0.18,Swine,Iowa
M Dale Farms,"Albert City, Iowa


                    United States",0.18,Swine,Iowa
"Lingle, Ramon","Manilla, Iowa


                    United States",0.18,Swine,Iowa
"TODD, STANLEY","Correctionville, Iowa


                    United States",0.18,Swine,Iowa
"TWIN PRAIRIE PORK, L.L.C.","Saint Olaf, Iowa


                    United States",0.18,Swine,Iowa
"Brown, Paul","New Providence, Iowa


                    United States",0.18,Swine,Iowa
"Tiedemann, David","Hull, Iowa


                    United States",0.18,Swine,Iowa
"MONAGHAN FARMS, INC.","Manchester, Iowa


                    United States",0.18,Swine,Iowa
"GROENENDYK, BRUCE","Leighton, Iowa


                    United States",0.18,Swine,Iowa
"Hammen, David","Harper, Iowa


                    United States",0.18,Swine,Iowa
"BRANDT, JEFF","Sumner, Iowa


                    United States",0.18,Swine,Iowa
"WEISER, INC.","Minburn, Iowa


                    United States",0.18,Swine,Iowa
"K-1 CATTLE FEEDERS, LLC","Stacyville, Iowa


                    United States",0.18,Swine,Iowa
"Cruise, Jo & Mary Farms","Monticello, Iowa


                    United States",0.18,Swine,Iowa
"Schneider, Gary","West Bend, Iowa


                    United States",0.18,Swine,Iowa
"UTHE, DOUG","Osage, Iowa


                    United States",0.18,Swine,Iowa
"Bosler, Lowell","Alvord, Iowa


                    United States",0.18,Swine,Iowa
"COOK, DALE","Bernard, Iowa


                    United States",0.18,Swine,Iowa
anniss farms,"Dysart, Iowa


                    United States",0.18,Swine,Iowa
"WASKOW, Dan","Waterloo, Iowa


                    United States",0.18,Swine,Iowa
FAHN KENNETH A & STACY K,"Harlan, Iowa


                    United States",0.18,Swine,Iowa
CLERMONT HILLS FEEDER PIG COMPANY,"Castalia, Iowa


                    United States",0.18,Swine,Iowa
"FRIEDRICKSON FARMS, INC.","Bondurant, Iowa


                    United States",0.18,Swine,Iowa
"Miller, Larry","Dana, Iowa


                    United States",0.18,Swine,Iowa
"GUDENKAUF, Gerald farm","Manchester, Iowa


                    United States",0.18,Swine,Iowa
"Eason, Lyle","Orange City, Iowa


                    United States",0.18,Swine,Iowa
"DIAMOND J, FARMS, INC.","Webb, Iowa


                    United States",0.18,Swine,Iowa
"OPPERMAN AG, LLC","Manning, Iowa


                    United States",0.17,Swine,Iowa
"Dyer, Randy","Salem, Iowa


                    United States",0.17,Swine,Iowa
"RUEHS FARMS, INC.","Plainfield, Iowa


                    United States",0.17,Swine,Iowa
"HATLEN FARMS, INC.","Rembrandt, Iowa


                    United States",0.17,Swine,Iowa
"JCL SWINE, LLC","Hull, Iowa


                    United States",0.17,Swine,Iowa
"HRUSKA, KENNETH","Cresco, Iowa


                    United States",0.17,Swine,Iowa
"D & S SWINE, L.L.C.","Gilmore City, Iowa


                    United States",0.17,Swine,Iowa
"WETU FARMS, INC.","Mesa, Arizona


                    United States",0.2,Swine,Iowa
"E.L.M. FARM, INC.","Hull, Iowa


                    United States",0.2,Swine,Iowa
S and C Pork,"Saint Olaf, Iowa


                    United States",0.2,Swine,Iowa
Silver Pork Inc,"Spencer, Iowa


                    United States",0.19,Swine,Iowa
"OOLMAN PORK, LLC","Orange City, Iowa


                    United States",0.19,Swine,Iowa
HILLSDALE INC.,"Carroll, Iowa


                    United States",0.19,Swine,Iowa
Driver Farms LTD,"Linn Grove, Iowa


                    United States",0.19,Swine,Iowa
"Cronin, Mark","Marcus, Iowa


                    United States",0.19,Swine,Iowa
"Seuntjens, Kurt","Danbury, Iowa


                    United States",0.19,Swine,Iowa
"DAVID HIBBING, LTD.","Paullina, Iowa


                    United States",0.19,Swine,Iowa
"VOHS FARMS, LTD.","Galva, Iowa


                    United States",0.19,Swine,Iowa
"VAN DIEPEN FARMS, INC.","Ocheyedan, Iowa


                    United States",0.19,Swine,Iowa
"CHRISTENSEN BROTHERS, INC.","Goldfield, Iowa


                    United States",0.19,Swine,Iowa
"Bruellman, John","Ottosen, Iowa


                    United States",0.19,Swine,Iowa
Reimer Sows,"Danbury, Iowa


                    United States",0.19,Swine,Iowa
Agrip pork Inc,"Newton, Iowa


                    United States",0.19,Swine,Iowa
Watt Wayne & Sharon,"Cresco, Iowa


                    United States",0.19,Swine,Iowa
"EARLY DAWN FARMS, INC.","Odebolt, Iowa


                    United States",0.19,Swine,Iowa
"GEURINK FARMS, INC.","Walcott, Iowa


                    United States",0.19,Swine,Iowa
"HARRIS, ROBERT","Orient, Iowa


                    United States",0.19,Swine,Iowa
"MARIBO, INC.","Latimer, Iowa


                    United States",0.19,Swine,Iowa
"Nilges, Bruce","Elma, Iowa


                    United States",0.19,Swine,Iowa
"CHRISTENSEN, Jack","Estherville, Iowa


                    United States",0.19,Swine,Iowa
"Claussen, Inc","Grand Mound, Iowa


                    United States",0.19,Swine,Iowa
"GRADY FARMS DAIRY, INC.","Waterloo, Iowa


                    United States",0.19,Swine,Iowa
"Home Of Contented Hogs, Inc.","Sheldon, Iowa


                    United States",0.19,Swine,Iowa
"WINTERHOF, DANIEL","Aurelia, Iowa


                    United States",0.19,Swine,Iowa
"JOHNSTON, NED","Rippey, Iowa


                    United States",0.19,Swine,Iowa
"Art Moss And Sons, Inc.","Hull, Iowa


                    United States",0.19,Swine,Iowa
Applegate Acres Co.,"Oakland, Iowa


                    United States",0.19,Swine,Iowa
Meritz Swine Inc,"Farmington, Iowa


                    United States",0.19,Swine,Iowa
"Schnebbe, Harlan","Williamsburg, Iowa


                    United States",0.19,Swine,Iowa
"AVERY ACRES, INC.","Ottumwa, Iowa


                    United States",0.19,Swine,Iowa
Pennway Sow Farm,"Wapello, Iowa


                    United States",0.19,Swine,Iowa
NAGEL HOG FARM,"Marathon, Iowa


                    United States",0.19,Swine,Iowa
MEYER FARMS LTD,"Mallard, Iowa


                    United States",0.19,Swine,Iowa
buell farm,"Galva, Iowa


                    United States",0.19,Swine,Iowa
"Newell, Dewayne","Callender, Iowa


                    United States",0.19,Swine,Iowa
"NICKELL, MIKE","Allerton, Iowa


                    United States",0.19,Swine,Iowa
"LANGBEIN FARMS, INC.","Sac City, Iowa


                    United States",0.19,Swine,Iowa
"Bieber, Peter & Sons","Waukon, Iowa


                    United States",0.19,Swine,Iowa
"ROUSE, TIMOTHY","Curlew, Iowa


                    United States",0.18,Swine,Iowa
"Anderson, David","Paton, Iowa


                    United States",0.18,Swine,Iowa
"Paustian, Dean","Dixon, Iowa


                    United States",0.18,Swine,Iowa
"Geelan, Dan","Ruthven, Iowa


                    United States",0.18,Swine,Iowa
"OWEN, Jim","Maxwell, Iowa


                    United States",0.18,Swine,Iowa
K L R Pork Inc,"Goldfield, Iowa


                    United States",0.18,Swine,Iowa
"ONeal, Dennis & Amy","Hornick, Iowa


                    United States",0.18,Swine,Iowa
"DOTY FARMS, INC.","Montezuma, Iowa


                    United States",0.18,Swine,Iowa
Hawkeye Sow Centers,"Curlew, Iowa


                    United States",0.18,Swine,Iowa
"LILJEDAHL FARMS, INC.","Essex, Iowa


                    United States",0.21,Swine,Iowa
"Stoakes, Dennis","Traer, Iowa


                    United States",0.21,Swine,Iowa
"BROTHERS,  FOBIAN","Iowa City, Iowa


                    United States",0.21,Swine,Iowa
"Berger, Dennis D & Son Inc","Wellman, Iowa


                    United States",0.21,Swine,Iowa
"HUNDLING, DAVID","Breda, Iowa


                    United States",0.21,Swine,Iowa
"HUSMAN, RANDY","Aurelia, Iowa


                    United States",0.21,Swine,Iowa
COREY AGR. INC. OF LYTTON,"Lytton, Iowa


                    United States",0.21,Swine,Iowa
"RECKER, Roger","Manchester, Iowa


                    United States",0.21,Swine,Iowa
Hackman Brothers,"Fort Atkinson, Iowa


                    United States",0.21,Swine,Iowa
"J B FEEDERS, LLC","Hinton, Iowa


                    United States",0.21,Swine,Iowa
"LAKEVIEW PORK FARMS, INC.","Richland, Iowa


                    United States",0.21,Swine,Iowa
WOEBBEKING ENTERPRISES LTD.,"Gladbrook, Iowa


                    United States",0.21,Swine,Iowa
"LEINEN, Randy","Harlan, Iowa


                    United States",0.21,Swine,Iowa
"Patterson, Mark","Cherokee, Iowa


                    United States",0.21,Swine,Iowa
"G&D PORK, L.L.C.","Sheldon, Iowa


                    United States",0.21,Swine,Iowa
Uhl Farms,"Battle Creek, Iowa


                    United States",0.2,Swine,Iowa
"Gruhn, Brian","Kellogg, Iowa


                    United States",0.2,Swine,Iowa
"MINNESOTA SWINE REPRODUCTION CENTER, P.C.","West Des Moines, Iowa


                    United States",0.2,Swine,Iowa
DEBOER FARMS INC,"Akron, Iowa


                    United States",0.2,Swine,Iowa
"Dooyema & Sons, Inc","Sioux Center, Iowa


                    United States",0.2,Swine,Iowa
Buchholz Dairy Farm,"Waverly, Iowa


                    United States",0.2,Swine,Iowa
Schwarz Brothers,"Long Grove, Iowa


                    United States",0.2,Swine,Iowa
Britton Bros,"Kalona, Iowa


                    United States",0.2,Swine,Iowa
G & S FARMS LTD.,"New Sharon, Iowa


                    United States",0.2,Swine,Iowa
"Haywood, Charles","Union, Iowa


                    United States",0.2,Swine,Iowa
"BEHN, DARWIN","Preston, Iowa


                    United States",0.2,Swine,Iowa
"ISOPIG, LTD.","Kingsley, Iowa


                    United States",0.2,Swine,Iowa
"COUNTRYMAN, JAMES","Moville, Iowa


                    United States",0.2,Swine,Iowa
"S & C FARMS, INC.","Thornton, Iowa


                    United States",0.2,Swine,Iowa
"BYKER FARMS, LTD.","Hawarden, Iowa


                    United States",0.2,Swine,Iowa
"BRINKMAN HOG FARM, L.C.","Greene, Iowa


                    United States",0.2,Swine,Iowa
"JOHANNS FARMS, LTD.","Osage, Iowa


                    United States",0.2,Swine,Iowa
"Newland, Rick","Portsmouth, Iowa


                    United States",0.2,Swine,Iowa
"HOEGER VALLEY FARM, INC.","Dyersville, Iowa


                    United States",0.2,Swine,Iowa
"SEARLE, INC.","Marshalltown, Iowa


                    United States",0.2,Swine,Iowa
SHODEL INC.,"Delhi, Iowa


                    United States",0.2,Swine,Iowa
"RAHE, GARY","Dyersville, Iowa


                    United States",0.2,Swine,Iowa
"ENGELKE, SCOTT","Paullina, Iowa


                    United States",0.2,Swine,Iowa
"Misbach, Stanley & Kathleen","Marengo, Iowa


                    United States",0.2,Swine,Iowa
"MARTIN FEEDERS, L.L.C.","Corydon, Iowa


                    United States",0.2,Swine,Iowa
"Petersen, Kirk","Danbury, Iowa


                    United States",0.2,Swine,Iowa
"JASON THOMANN, INC.","Ainsworth, Iowa


                    United States",0.2,Swine,Iowa
LANGNER FEED PIGS,"Storm Lake, Iowa


                    United States",0.2,Swine,Iowa
"BIRCH CREEK FARMS, INC.","Wellman, Iowa


                    United States",0.2,Swine,Iowa
"Haberl, Gary","Lohrville, Iowa


                    United States",0.2,Swine,Iowa
"ARURA, INC.","Chariton, Iowa


                    United States",0.2,Swine,Iowa
"M & S HOGS, INC.","Primghar, Iowa


                    United States",0.2,Swine,Iowa
"Pech, Michael","Winthrop, Iowa


                    United States",0.2,Swine,Iowa
"Tjossem, Vernon L & De Ann","Sutherland, Iowa


                    United States",0.2,Swine,Iowa
"JMD FARMS, INC.","Sibley, Iowa


                    United States",0.2,Swine,Iowa
Kerrigan Brothers,"Afton, Iowa


                    United States",0.22,Swine,Iowa
"G & W Grain & Livestock, Inc.","Quasqueton, Iowa


                    United States",0.22,Swine,Iowa
"Brehm, Ken","Holy Cross, Iowa


                    United States",0.22,Swine,Iowa
"WETTLESON, ROGER","Postville, Iowa


                    United States",0.22,Swine,Iowa
"Zuetenhorst, Darryl","Hawarden, Iowa


                    United States",0.22,Swine,Iowa
"BORMANN, FRANCIS","Livermore, Iowa


                    United States",0.22,Swine,Iowa
"NEWBY FARMS, INC.","Bondurant, Iowa


                    United States",0.22,Swine,Iowa
Z AND H PORK LLC,"Radcliffe, Iowa


                    United States",0.22,Swine,Iowa
"KELLEY FARMS, INC.","Terril, Iowa


                    United States",0.22,Swine,Iowa
"VANDENBERG FARMS, INC.","Donnellson, Iowa


                    United States",0.22,Swine,Iowa
"Metzger, Marvin","Rock Rapids, Iowa


                    United States",0.22,Swine,Iowa
"BJ SWINE, INC.","Hull, Iowa


                    United States",0.22,Swine,Iowa
"Gansemer, Ron","Sherrill, Iowa


                    United States",0.22,Swine,Iowa
"Rumohr, Dennis","Moville, Iowa


                    United States",0.22,Swine,Iowa
"LYLE G. MOLYNEUX & SONS, INC.","What Cheer, Iowa


                    United States",0.22,Swine,Iowa
"Stalzer, Dean & Cindy","Iowa Falls, Iowa


                    United States",0.22,Swine,Iowa
"RIENSCHE FARMS, INC.","Jesup, Iowa


                    United States",0.22,Swine,Iowa
"HILLSIDE FEEDERS, L.L.C.","Granville, Iowa


                    United States",0.22,Swine,Iowa
RIEDESEL's Farms,"Wheatland, Iowa


                    United States",0.22,Swine,Iowa
"Zimmerman, Dan","Orchard, Iowa


                    United States",0.22,Swine,Iowa
"HANDY FARMS, INC.","Percival, Iowa


                    United States",0.22,Swine,Iowa
"K & A HOG FARMS, L.L.C.","Marcus, Iowa


                    United States",0.22,Swine,Iowa
Weber Dairy,"Delhi, Iowa


                    United States",0.22,Swine,Iowa
"SIEREN PORK, LTD.","Keota, Iowa


                    United States",0.22,Swine,Iowa
"HORIZON PORK, INC.","New Providence, Iowa


                    United States",0.22,Swine,Iowa
"SKUNK RIVER FARMS, INC.","Washington, Iowa


                    United States",0.22,Swine,Iowa
"Stoberl, Randy","Manning, Iowa


                    United States",0.22,Swine,Iowa
"GUTH FARMS, INC.","Klemme, Iowa


                    United States",0.22,Swine,Iowa
"BERGERS, INC.","Wellman, Iowa


                    United States",0.22,Swine,Iowa
"WEBER, Steven","Sigourney, Iowa


                    United States",0.22,Swine,Iowa
"Prosser, Andrew P","Eldora, Iowa


                    United States",0.22,Swine,Iowa
"WESTRUM FARMS, INC.","Stratford, Iowa


                    United States",0.22,Swine,Iowa
"Schwake, Neil","Fayette, Iowa


                    United States",0.21,Swine,Iowa
"EUGENE P. REED, LTD.","Washington, Iowa


                    United States",0.21,Swine,Iowa
"CLARK LIVESTOCK FARMS, INC.","La Porte City, Iowa


                    United States",0.21,Swine,Iowa
"DEICHMANN, IRV","Marcus, Iowa


                    United States",0.21,Swine,Iowa
"Jonga, John","Hawarden, Iowa


                    United States",0.21,Swine,Iowa
"Westphal, Darwin","Aurelia, Iowa


                    United States",0.21,Swine,Iowa
"D.L.B. SWINE, INC.","Rockwell, Iowa


                    United States",0.21,Swine,Iowa
"Martz, Keith","Blue Grass, Iowa


                    United States",0.21,Swine,Iowa
"M.M. PORK #1, INC.","Kanawha, Iowa


                    United States",0.21,Swine,Iowa
"EYSINK, ERNEST","Sully, Iowa


                    United States",0.21,Swine,Iowa
"Hoegh, Dan","Atlantic, Iowa


                    United States",0.21,Swine,Iowa
"Schwandt, Keith","Williams, Iowa


                    United States",0.21,Swine,Iowa
"REINKE, Robert","New Albin, Iowa


                    United States",0.21,Swine,Iowa
Donald Duncalf Incorporated,"Keystone, Iowa


                    United States",0.21,Swine,Iowa
"Jacobs, Daisy","Saint Charles, Iowa


                    United States",0.21,Swine,Iowa
"GRUNDMEYER, Leslie Farm","Aurora, Iowa


                    United States",0.21,Swine,Iowa
"FYNAARDT, JERRY farm","New Sharon, Iowa


                    United States",0.21,Swine,Iowa
Kaldenberg Farms,"Pella, Iowa


                    United States",0.21,Swine,Iowa
"DORNBIER HOGS, INC.","Garner, Iowa


                    United States",0.24,Swine,Iowa
SAND FARMING COMPANY,"Alta, Iowa


                    United States",0.24,Swine,Iowa
3M Weiben Farms,"Clutier, Iowa


                    United States",0.24,Swine,Iowa
"JESKE FARMS, INC.","Eldora, Iowa


                    United States",0.24,Swine,Iowa
Mast Albert & Katie B,"Leon, Iowa


                    United States",0.24,Swine,Iowa
"INWOOD HATCHERY & FEED STORE, INC.","Inwood, Iowa


                    United States",0.23,Swine,Iowa
B And B Hog Farm Inc,"Rolfe, Iowa


                    United States",0.23,Swine,Iowa
K Webb Inc,"Webb, Iowa


                    United States",0.23,Swine,Iowa
"JELKEN FARMS, INC.","Le Mars, Iowa


                    United States",0.23,Swine,Iowa
"PARTNERS IN PORK, L.L.C.","Kent, Iowa


                    United States",0.23,Swine,Iowa
"KEHRLI SWINE, INC.","Winthrop, Iowa


                    United States",0.23,Swine,Iowa
Helland Brothers,"Huxley, Iowa


                    United States",0.23,Swine,Iowa
"BKK ENTERPRISES, INC.","Peosta, Iowa


                    United States",0.23,Swine,Iowa
Maeder Management,"Greenfield, Iowa


                    United States",0.23,Swine,Iowa
GROBER FARMS INC,"Readlyn, Iowa


                    United States",0.23,Swine,Iowa
"LEWIS FARMS, LTD.","Orchard, Iowa


                    United States",0.23,Swine,Iowa
DODGE FEEDERS L.L.C.,"Terril, Iowa


                    United States",0.23,Swine,Iowa
K K Hog Farm,"Klemme, Iowa


                    United States",0.23,Swine,Iowa
"ZOSKE FARMS, INC.","Eldora, Iowa


                    United States",0.23,Swine,Iowa
Marlyn L. Jorgensen & V Ann Jorgensen,"Garrison, Iowa


                    United States",0.23,Swine,Iowa
K-B EGG CO.,"Albert City, Iowa


                    United States",0.23,Swine,Iowa
"Thompson, David","Kanawha, Iowa


                    United States",0.23,Swine,Iowa
"LYNN GROVE, INC.","Pella, Iowa


                    United States",0.23,Swine,Iowa
"MANCO FARMS, INC.","Cascade, Iowa


                    United States",0.23,Swine,Iowa
"Pattee, Gary","Avoca, Iowa


                    United States",0.23,Swine,Iowa
Kohl Family Farm Corporation,"Blairsburg, Iowa


                    United States",0.23,Swine,Iowa
"RR FARMS, L.L.C.","Sioux Center, Iowa


                    United States",0.23,Swine,Iowa
"Turnquist, Steve","Alta, Iowa


                    United States",0.23,Swine,Iowa
"Hausman, Marvin P","Onawa, Iowa


                    United States",0.23,Swine,Iowa
FOLKER FARMS LLC,"Farmington, Iowa


                    United States",0.23,Swine,Iowa
"A & G SWINE ENTERPRISES, INC.","Marcus, Iowa


                    United States",0.23,Swine,Iowa
"MEITNER FAMILY FARMS, A LIMITED PARTNERSHIP","Saint Ansgar, Iowa


                    United States",0.23,Swine,Iowa
Pitz Farms,"Farley, Iowa


                    United States",0.23,Swine,Iowa
"Plagge, Roy E","Latimer, Iowa


                    United States",0.23,Swine,Iowa
"HAR - GLO FARMS, INC.","Anamosa, Iowa


                    United States",0.23,Swine,Iowa
"Penning, Gregory","Granville, Iowa


                    United States",0.23,Swine,Iowa
"Buchholz, Roger","Tripoli, Iowa


                    United States",0.23,Swine,Iowa
"Bagge, Loras","Worthington, Iowa


                    United States",0.23,Swine,Iowa
"Ibes, Velma","Rolfe, Iowa


                    United States",0.23,Swine,Iowa
"WEISSKOPF, DAN L","Victor, Iowa


                    United States",0.23,Swine,Iowa
"WEAVER, DOUGLAS","Calumet, Iowa


                    United States",0.23,Swine,Iowa
"CRANSTON, Donald farm","Deep River, Iowa


                    United States",0.22,Swine,Iowa
"Berger, Steven","Wellman, Iowa


                    United States",0.22,Swine,Iowa
"PLEASANT VALLEY WOODS, INC.","Carroll, Iowa


                    United States",0.22,Swine,Iowa
Bar Jay Inc,"Villisca, Iowa


                    United States",0.22,Swine,Iowa
"KNUTH FARMS, INC.","Cascade, Iowa


                    United States",0.22,Swine,Iowa
"EKSTRAND FARMS, INC.","Pocahontas, Iowa


                    United States",0.22,Swine,Iowa
"FRICK FARM, LTD.","Sibley, Iowa


                    United States",0.22,Swine,Iowa
DON BRANDT/BRANDT FAMILY,"Blakesburg, Iowa


                    United States",0.22,Swine,Iowa
"SOLBERG STOCK FARMS, INC.","Cylinder, Iowa


                    United States",0.22,Swine,Iowa
Van Eaton Farms,"Orient, Iowa


                    United States",0.25,Swine,Iowa
"NORTH FORK FARMS, INC.","Dyersville, Iowa


                    United States",0.25,Swine,Iowa
"PEDERSON, GARY","Lake Mills, Iowa


                    United States",0.25,Swine,Iowa
"FAUST BROS., INC.","Calumet, Iowa


                    United States",0.25,Swine,Iowa
"DAVISON FAMILY FARM, INC.","Garner, Iowa


                    United States",0.25,Swine,Iowa
"Miller, Victor Farm","Oelwein, Iowa


                    United States",0.25,Swine,Iowa
"BROWN, J","Wallingford, Iowa


                    United States",0.25,Swine,Iowa
O'kelly Manufacturing Co,"Diagonal, Iowa


                    United States",0.25,Swine,Iowa
"Dunn, Jay","Merrill, Iowa


                    United States",0.25,Swine,Iowa
"SCHNEIDER & SCHNEIDER PORK FARMS, INC.","Waterloo, Iowa


                    United States",0.25,Swine,Iowa
TriGen Partnership,"Clermont, Iowa


                    United States",0.25,Swine,Iowa
"Schmidt, Russell","Ireton, Iowa


                    United States",0.25,Swine,Iowa
"VAN ZANTE LIVESTOCK, INC.","Eddyville, Iowa


                    United States",0.25,Swine,Iowa
"Kroeger, Louis","Carroll, Iowa


                    United States",0.25,Swine,Iowa
HUMMEL FARMS LTD.,"Allison, Iowa


                    United States",0.25,Swine,Iowa
"Ledger, Gary","Cumming, Iowa


                    United States",0.25,Swine,Iowa
"THOMPSON CHOPS AND CROPS, INC.","Forest City, Iowa


                    United States",0.25,Swine,Iowa
"J R PORK, LLC","Traer, Iowa


                    United States",0.25,Swine,Iowa
"Gaul, Leroy","Dyersville, Iowa


                    United States",0.25,Swine,Iowa
WRIGHT-WAY INC.,"Elma, Iowa


                    United States",0.24,Swine,Iowa
GIBSON & SONS INC,"Scranton, Iowa


                    United States",0.24,Swine,Iowa
"Thomsen, Terry","Hartley, Iowa


                    United States",0.24,Swine,Iowa
"SEMPER FI FARMS, INC.","Paullina, Iowa


                    United States",0.24,Swine,Iowa
"PATTERSON, Klinton","Britt, Iowa


                    United States",0.24,Swine,Iowa
"LEDOR, INC.","Marshalltown, Iowa


                    United States",0.24,Swine,Iowa
"KOLLASCH FARMS, INC.","Emmetsburg, Iowa


                    United States",0.24,Swine,Iowa
"KEHEAN, INC.","Wellman, Iowa


                    United States",0.24,Swine,Iowa
PICKERING FARM,"Van Horne, Iowa


                    United States",0.24,Swine,Iowa
Heying Firms Inc,"West Union, Iowa


                    United States",0.24,Swine,Iowa
"RAUSCH FARMS, INC.","Hartley, Iowa


                    United States",0.24,Swine,Iowa
"HUBER HOGS AND HEADACHES, INC.","Wellman, Iowa


                    United States",0.24,Swine,Iowa
"Hosek, Dennis","Clutier, Iowa


                    United States",0.24,Swine,Iowa
"Summit Farms Pork, LLC","Alden, Iowa


                    United States",0.24,Swine,Iowa
"Joslin, David","Galva, Iowa


                    United States",0.24,Swine,Iowa
VALLEY VIEW FARMS,"Brooklyn, Iowa


                    United States",0.24,Swine,Iowa
ANTHONY Bros Farm,"Holy Cross, Iowa


                    United States",0.24,Swine,Iowa
"Benjegerdes, Karl A.","Mason City, Iowa


                    United States",0.24,Swine,Iowa
"LINCOLN CENTER FARMS, INC.","Walnut, Iowa


                    United States",0.24,Swine,Iowa
"JT ENTERPRISES, LTD.","Carpenter, Iowa


                    United States",0.24,Swine,Iowa
"Dykstra, Keith","Hospers, Iowa


                    United States",0.24,Swine,Iowa
"TEETERS FARMS, INC.","Ogden, Iowa


                    United States",0.24,Swine,Iowa
"Beyer, John Farms","Boyden, Iowa


                    United States",0.24,Swine,Iowa
"Schwarte, Donald","Atlantic, Iowa


                    United States",0.24,Swine,Iowa
Swanson Farms,"Clarinda, Iowa


                    United States",0.24,Swine,Iowa
"Knoll, Bruce","Adel, Iowa


                    United States",0.24,Swine,Iowa
"MEIER FAMILY FARM, INC.","Clarinda, Iowa


                    United States",0.24,Swine,Iowa
"D & D FARMS, INC.","New Hampton, Iowa


                    United States",0.24,Swine,Iowa
"APV FARMS, INC.","Coin, Iowa


                    United States",0.24,Swine,Iowa
Muff Farms Inc,"Garner, Iowa


                    United States",0.24,Swine,Iowa
"JORDAN FARMS, INC.","Mount Vernon, Iowa


                    United States",0.24,Swine,Iowa
"LORCH OA36, INC.","Ocheyedan, Iowa


                    United States",0.3,Swine,Iowa
"HICKS, Robert","Gowrie, Iowa


                    United States",0.3,Swine,Iowa
"PEDERSEN, RANDY","West Branch, Iowa


                    United States",0.3,Swine,Iowa
"NORRIS, Kenneth","Bedford, Iowa


                    United States",0.29,Swine,Iowa
"FRANCOIS, John","Winthrop, Iowa


                    United States",0.29,Swine,Iowa
"TCCC Pork, LLC","Monticello, Iowa


                    United States",0.29,Swine,Iowa
"Four K Farms, Inc.","Red Oak, Iowa


                    United States",0.29,Swine,Iowa
"Ksb Silver, L.L.C.","Harlan, Iowa


                    United States",0.29,Swine,Iowa
"River Edge Farms, LLC","Ventura, Iowa


                    United States",0.28,Swine,Iowa
DAVID TIEFENTHALER,"Auburn, Iowa


                    United States",0.28,Swine,Iowa
"KANENGIETER, AL","Little Rock, Iowa


                    United States",0.28,Swine,Iowa
"ROGERS PORK FARMS OF IOWA, LTD.","Greene, Iowa


                    United States",0.28,Swine,Iowa
"Glienke, Brian","Aurelia, Iowa


                    United States",0.28,Swine,Iowa
"Schmidt, Jerry","West Bend, Iowa


                    United States",0.28,Swine,Iowa
"Twin Oaks, Ltd.","Keota, Iowa


                    United States",0.28,Swine,Iowa
"Calmer, Mark","Manson, Iowa


                    United States",0.27,Swine,Iowa
"R 5, LTD.","Ayrshire, Iowa


                    United States",0.27,Swine,Iowa
"WILLE, DONALD W","Garnavillo, Iowa


                    United States",0.27,Swine,Iowa
Twisted Post Farms LLC,"Fontanelle, Iowa


                    United States",0.27,Swine,Iowa
"BERDO FARMS, INC.","Washington, Iowa


                    United States",0.27,Swine,Iowa
"Sporrer, Paul","Dedham, Iowa


                    United States",0.27,Swine,Iowa
"River Ridge Pork, LLC","Garnavillo, Iowa


                    United States",0.27,Swine,Iowa
"Jackson, Robert L","Van Wert, Iowa


                    United States",0.26,Swine,Iowa
"Janes, Kyle","Alden, Iowa


                    United States",0.26,Swine,Iowa
"Ragaller, Craig","Vail, Iowa


                    United States",0.26,Swine,Iowa
"Ludwig, Thomas","Dysart, Iowa


                    United States",0.26,Swine,Iowa
Bob's Place,"Sibley, Iowa


                    United States",0.26,Swine,Iowa
"CARLSON, RAYMOND","Stratford, Iowa


                    United States",0.26,Swine,Iowa
"VERMEER, BRAD","Sioux Center, Iowa


                    United States",0.26,Swine,Iowa
"Pleggenkuhle, Jeffrey","Waucoma, Iowa


                    United States",0.26,Swine,Iowa
Siebrecht Keith & Gary,"Odebolt, Iowa


                    United States",0.25,Swine,Iowa
"MAURER, CURTIS","Manchester, Iowa


                    United States",0.25,Swine,Iowa
"TIREVOLD, Roger","Armstrong, Iowa


                    United States",0.25,Swine,Iowa
"RAASCH FARMS, LTD.","Odebolt, Iowa


                    United States",0.25,Swine,Iowa
"Oberbroeckling, Mike","Garnavillo, Iowa


                    United States",0.25,Swine,Iowa
"APPO FEEDERS, LLC","Audubon, Iowa


                    United States",0.25,Swine,Iowa
TAMA COUNTY PORK PRODUCERS ASSOCIATION,"Clive, Iowa


                    United States",0.25,Swine,Iowa
Valley View Swine LLC,"Batavia, Iowa


                    United States",0.25,Swine,Iowa
"JACKSON FARMS OF TERRIL, INC.","Terril, Iowa


                    United States",0.25,Swine,Iowa
RUSSELL L FISCHELS,"Independence, Iowa


                    United States",0.25,Swine,Iowa
"Wyatt, Frank L & Sons Corp","Hudson, Iowa


                    United States",0.25,Swine,Iowa
"R.T.B., INC.","Ashton, Iowa


                    United States",0.25,Swine,Iowa
"MIDWEST FARMS, LTD","Roland, Iowa


                    United States",0.25,Swine,Iowa
"FAITH FARMS, INC.","Washington, Iowa


                    United States",0.25,Swine,Iowa
"SHINE, DENNIS","Victor, Iowa


                    United States",0.25,Swine,Iowa
"BLUE HORIZON STOCK FARM, INC.","Corning, Iowa


                    United States",0.25,Swine,Iowa
"Briggs, Robert","Swea City, Iowa


                    United States",0.25,Swine,Iowa
Nelson Farms,"Atlantic, Iowa


                    United States",0.25,Swine,Iowa
C M L FARMS CORP.,"Mount Pleasant, Iowa


                    United States",0.25,Swine,Iowa
ABEL RICK & Linda,"Hedrick, Iowa


                    United States",0.25,Swine,Iowa
"KRUGER, TODD","Sibley, Iowa


                    United States",0.41,Swine,Iowa
"BCS AG, LLP","Alden, Iowa


                    United States",0.41,Swine,Iowa
"J. B. Schott Family Farms, Incorporated","Riverside, Iowa


                    United States",0.4,Swine,Iowa
"Hawkeye AG, LLP","Alden, Iowa


                    United States",0.4,Swine,Iowa
"ENGELBRECHT FARMS, INC.","Eldridge, Iowa


                    United States",0.4,Swine,Iowa
"Defosse, Jeff","Mediapolis, Iowa


                    United States",0.39,Swine,Iowa
Ver Steegh Brothers Farms,"Eddyville, Iowa


                    United States",0.38,Swine,Iowa
"PRAIRIE PORK, INC.","Wellman, Iowa


                    United States",0.38,Swine,Iowa
MORTENSON FARMING,"Cherokee, Iowa


                    United States",0.38,Swine,Iowa
"Knobloch, Cameron","Whittemore, Iowa


                    United States",0.38,Swine,Iowa
"MULLIS, DAVE","Earlville, Iowa


                    United States",0.38,Swine,Iowa
"PORTER FARMS, INC.","Fairfield, Iowa


                    United States",0.38,Swine,Iowa
"Gerleman, Myles","Decorah, Iowa


                    United States",0.38,Swine,Iowa
"KANENGIETER, ALAN","Little Rock, Iowa


                    United States",0.37,Swine,Iowa
"WORRELL, RUSSELL","Smithland, Iowa


                    United States",0.37,Swine,Iowa
"PHEASANT AVENUE FARMS, LTD.","Audubon, Iowa


                    United States",0.37,Swine,Iowa
DAVIS BROS FARMS INC,"Moulton, Iowa


                    United States",0.37,Swine,Iowa
DIAMOND T FARMS CORP.,"Guthrie Center, Iowa


                    United States",0.36,Swine,Iowa
"BANWART, Craig","Ottosen, Iowa


                    United States",0.36,Swine,Iowa
EDLER FAMILY FARMS,"State Center, Iowa


                    United States",0.36,Swine,Iowa
Hansen Farms,"Manning, Iowa


                    United States",0.35,Swine,Iowa
"LIND HILL TOP FARM, INC.","Marathon, Iowa


                    United States",0.35,Swine,Iowa
"Spencer, Jackie L","Bedford, Iowa


                    United States",0.34,Swine,Iowa
"MOMMSEN FARMS, INC.","Goose Lake, Iowa


                    United States",0.34,Swine,Iowa
"Eggert, Jeff","Wyoming, Iowa


                    United States",0.34,Swine,Iowa
M S R Kruse Farms Inc,"George, Iowa


                    United States",0.34,Swine,Iowa
"Kessenich, Mark","Le Mars, Iowa


                    United States",0.34,Swine,Iowa
"Lazy K Pork, LLC","Rock Valley, Iowa


                    United States",0.33,Swine,Iowa
"VAN REGENMORTER PORK, INC.","Sioux Center, Iowa


                    United States",0.33,Swine,Iowa
"CREATIVE AGRICULTURE, INC.","Lansing, Iowa


                    United States",0.33,Swine,Iowa
"Knobloch, Vern","Alvord, Iowa


                    United States",0.33,Swine,Iowa
"Hinkeldey, James","Alta, Iowa


                    United States",0.33,Swine,Iowa
"D & D KLOCKE, INC.","Templeton, Iowa


                    United States",0.33,Swine,Iowa
"HEINZEROTH, INC.","Alden, Iowa


                    United States",0.32,Swine,Iowa
"Dibbet, Jerry Farm","Sioux Center, Iowa


                    United States",0.32,Swine,Iowa
"Hansen, John","Granville, Iowa


                    United States",0.32,Swine,Iowa
"JT FARMS, INC.","Haverhill, Iowa


                    United States",0.32,Swine,Iowa
"Dykstra Farms, Inc.","Hospers, Iowa


                    United States",0.31,Swine,Iowa
"EDMONDS, Dale","Mediapolis, Iowa


                    United States",0.31,Swine,Iowa
"Maasen, John & Sons","Maurice, Iowa


                    United States",0.31,Swine,Iowa
"Collins, Ronald","What Cheer, Iowa


                    United States",0.31,Swine,Iowa
"CROP CARE SERVICES, LLP","Waterloo, Iowa


                    United States",0.31,Swine,Iowa
"SCHOLTEN, INC.","Inwood, Iowa


                    United States",0.31,Swine,Iowa
"DITCH, Kenneth","Center Point, Iowa


                    United States",0.31,Swine,Iowa
"DGL, INC.","Garner, Iowa


                    United States",0.31,Swine,Iowa
"B & B HOG FARMS, INC.","Ottosen, Iowa


                    United States",0.3,Swine,Iowa
"Ample Farms, LLP","Alden, Iowa


                    United States",0.3,Swine,Iowa
"U & H HOGS, LLP","Ollie, Iowa


                    United States",0.3,Swine,Iowa
"Arthur, Richard D","Nora Springs, Iowa


                    United States",0.3,Swine,Iowa
"D & D KLEIN, L.L.C.","Hospers, Iowa


                    United States",0.3,Swine,Iowa
"Summit Farms, L.L.C.","Alden, Iowa


                    United States",13.76,Swine,Iowa
"PF Services, LLC","Osceola, Iowa


                    United States",4.92,Swine,Iowa
"Eichelberger Farms, Inc","Wayland, Iowa


                    United States",4.35,Swine,Iowa
"ISF PRODUCTION, LLLP","West Des Moines, Iowa


                    United States",3.76,Swine,Iowa
"Wilson Agri., Inc.","Prairie City, Iowa


                    United States",2.46,Swine,Iowa
"CRE HOLDINGS, LLLP","Webster City, Iowa


                    United States",2.43,Swine,Iowa
"Brenneman Pork, LLLP","Washington, Iowa


                    United States",2.36,Swine,Iowa
"C And R Pork Farms, Inc.","Ainsworth, Iowa


                    United States",2.25,Swine,Iowa
"Hueneman Farms, L.C.","Garner, Iowa


                    United States",2.23,Swine,Iowa
PIG HILL CO.,"Alvord, Iowa


                    United States",1.22,Swine,Iowa
North Dakota Sow Center LLLP,"Audubon, Iowa


                    United States",1.2,Swine,Iowa
"PORK 360 EAST, INC.","Muscatine, Iowa


                    United States",1.18,Swine,Iowa
"Seaboard Foods Of Iowa, LLC","Iowa Falls, Iowa


                    United States",1.17,Swine,Iowa
EAST VALLEY FARM INC.,"Rock Valley, Iowa


                    United States",1.04,Swine,Iowa
"Passel Farms, LLC","Osceola, Iowa


                    United States",1.01,Swine,Iowa
"Stumpenhorst, Inc.","Stratford, Iowa


                    United States",0.94,Swine,Iowa
"Gourley Brothers, L.C.","Webster City, Iowa


                    United States",0.92,Swine,Iowa
FARNUM STRATEGIES LLC,"Estherville, Iowa


                    United States",0.91,Swine,Iowa
"T A D D , Inc.","Lake City, Iowa


                    United States",0.82,Swine,Iowa
"TOOMSEN LAND AND LIVESTOCK, INC.","Geneva, Iowa


                    United States",0.73,Swine,Iowa
"Gehling, Brent","Manning, Iowa


                    United States",0.72,Swine,Iowa
"BP LAND, INC.","Washington, Iowa


                    United States",0.67,Swine,Iowa
"TOALE FARMS, LTD.","Independence, Iowa


                    United States",0.6,Swine,Iowa
"BERG, L.C.","Ellsworth, Iowa


                    United States",0.59,Swine,Iowa
MCCARTY CUSTOM INC,"Linn Grove, Iowa


                    United States",0.58,Swine,Iowa
Henry Enterprises,"Cedar Falls, Iowa


                    United States",0.55,Swine,Iowa
"Koch, Paul D.","Larchwood, Iowa


                    United States",0.53,Swine,Iowa
"PARK FARMS, INC.","De Witt, Iowa


                    United States",0.5,Swine,Iowa
"DUDDEN FARMS, INC.","Cedar Falls, Iowa


                    United States",0.5,Swine,Iowa
BOOGERD DAIRY INC.,"Hull, Iowa


                    United States",0.5,Swine,Iowa
"Friest Farms, Ltd.","Radcliffe, Iowa


                    United States",0.49,Swine,Iowa
DRSG Partnership,"Cresco, Iowa


                    United States",0.49,Swine,Iowa
"Badje, Jim","Buffalo Center, Iowa


                    United States",0.49,Swine,Iowa
"HEMINGWAY LAND, LTD.","Iowa City, Iowa


                    United States",0.49,Swine,Iowa
"Juhl-Aronson Farm Partnership, L.L.P.","Hudson, Iowa


                    United States",0.49,Swine,Iowa
"Suidae Veterinary Supply & Biologics, Inc.","Algona, Iowa


                    United States",0.49,Swine,Iowa
"LANEHAVEN FARMS, INC.","Waterloo, Iowa


                    United States",0.49,Swine,Iowa
"JRT Focus Farms, Ltd.","Rock Rapids, Iowa


                    United States",0.48,Swine,Iowa
DAN KEITZER LTD.,"Mediapolis, Iowa


                    United States",0.48,Swine,Iowa
"Multi-Rose Jerseys, Inc.","Rock Rapids, Iowa


                    United States",0.48,Swine,Iowa
"Haverhals Farms, Inc.","Hawarden, Iowa


                    United States",0.48,Swine,Iowa
"PigCo Precision Maintenance, LLC","Allison, Iowa


                    United States",0.48,Swine,Iowa
"PORK CHOP HILL FARMS II, INC.","Sherrill, Iowa


                    United States",0.47,Swine,Iowa
"TABLELAND, INC.","Washington, Iowa


                    United States",0.45,Swine,Iowa
"BERG FARMS, INC.","Ellsworth, Iowa


                    United States",0.44,Swine,Iowa
"MEYER STOCK FARMS, INC.","Rock Rapids, Iowa


                    United States",0.44,Swine,Iowa
"BRENTON BROTHERS, INC.","Dallas Center, Iowa


                    United States",0.44,Swine,Iowa
"M.C.M. PORK, L.L.C.","Washington, Iowa


                    United States",0.43,Swine,Iowa
"EAGLE ESTATES, INC.","Britt, Iowa


                    United States",0.42,Swine,Iowa
"H. E. TRETTIN, INC.","Rockford, Iowa


                    United States",0.41,Swine,Iowa
"ARROWSTAR FARMS, LLC","Sandwich, Illinois


                    United States",0.06,Swine,Illinois
"KELSEY, RON FARM","Bone Gap, Illinois


                    United States",0.06,Swine,Illinois
"Grathwohl, John","Mount Pulaski, Illinois


                    United States",0.06,Swine,Illinois
"Broadbent, Kent","Annawan, Illinois


                    United States",0.06,Swine,Illinois
Dennis Jones,"Graymont, Illinois


                    United States",0.06,Swine,Illinois
"POBANZ, ROGER","Geneseo, Illinois


                    United States",0.06,Swine,Illinois
"LUXTON, DONALD","Rochelle, Illinois


                    United States",0.06,Swine,Illinois
"Britt, Donald","Mulberry Grove, Illinois


                    United States",0.06,Swine,Illinois
"LOWE, STEVE FARM","Pleasant Hill, Illinois


                    United States",0.06,Swine,Illinois
"Leka, Michael R","Buffalo, Illinois


                    United States",0.06,Swine,Illinois
"WALK, BRIAN","Sigel, Illinois


                    United States",0.06,Swine,Illinois
YOUNG HOG FARM LIMITED PARTNERSHIP,"Sumner, Illinois


                    United States",0.06,Swine,Illinois
"Adams, Richard","Bonfield, Illinois


                    United States",0.06,Swine,Illinois
GENE NIEMERG LLC,"Dieterich, Illinois


                    United States",0.06,Swine,Illinois
"Schafer, David","Brighton, Illinois


                    United States",0.06,Swine,Illinois
"BALLARD, EDWARD farm","Shelbyville, Illinois


                    United States",0.06,Swine,Illinois
"Held, Willaim","Raymond, Illinois


                    United States",0.06,Swine,Illinois
"Schnoor, Ronald","Easton, Illinois


                    United States",0.06,Swine,Illinois
"Rademacher, Wayne","Fithian, Illinois


                    United States",0.06,Swine,Illinois
"Pierce, De Wayne","Mount Vernon, Illinois


                    United States",0.06,Swine,Illinois
H & M Schnake Farm,"Richview, Illinois


                    United States",0.06,Swine,Illinois
"WILSON, JOSEPH","Winchester, Illinois


                    United States",0.06,Swine,Illinois
"Broers, Elmer","Nokomis, Illinois


                    United States",0.06,Swine,Illinois
"MEESE, JOHN","Oblong, Illinois


                    United States",0.06,Swine,Illinois
"Baumgartner, Eugene","Pearl City, Illinois


                    United States",0.06,Swine,Illinois
Nelson Farm,"Geneseo, Illinois


                    United States",0.05,Swine,Illinois
"Bartman, Lawrence","Galva, Illinois


                    United States",0.05,Swine,Illinois
"DONLEY, KEITH","Quincy, Illinois


                    United States",0.05,Swine,Illinois
"Sharer, Jeff","Little York, Illinois


                    United States",0.05,Swine,Illinois
"Hitchcock, Maurice","Pecatonica, Illinois


                    United States",0.05,Swine,Illinois
"Marshall, Kent Robert","Vermont, Illinois


                    United States",0.05,Swine,Illinois
"Kleeman, Larry","Bunker Hill, Illinois


                    United States",0.05,Swine,Illinois
"Little, Lonnie","Winchester, Illinois


                    United States",0.05,Swine,Illinois
Kent Farms,"Warren, Illinois


                    United States",0.05,Swine,Illinois
"Causeland, Keith","Atkinson, Illinois


                    United States",0.05,Swine,Illinois
"Laufer, Lloyd","Hebron, Illinois


                    United States",0.05,Swine,Illinois
HOGS & HYDRANTS INC.,"Davis, Illinois


                    United States",0.05,Swine,Illinois
"PHELAN, PAUL","Seneca, Illinois


                    United States",0.05,Swine,Illinois
"Capps, Granville","Rockport, Illinois


                    United States",0.05,Swine,Illinois
"PRAIRIE STATE PORK, LLC","Strawn, Illinois


                    United States",0.04,Swine,Illinois
DAVID CARROLL INC.,"Carthage, Illinois


                    United States",0.04,Swine,Illinois
CAIN FAMILY FARMS LLC,"Rio, Illinois


                    United States",0.04,Swine,Illinois
"King, Dick","Atkinson, Illinois


                    United States",0.04,Swine,Illinois
"Rademacher, Kurt","Saint Joseph, Illinois


                    United States",0.04,Swine,Illinois
DAREL CARROLL LTD.,"Carthage, Illinois


                    United States",0.04,Swine,Illinois
Ellwanger Trucking,"Garden Prairie, Illinois


                    United States",0.02,Swine,Illinois
BUNN-O-MATIC CORPORATION,"Pleasant Plains, Illinois


                    United States",,Swine,Illinois
MURPHY-BROWN LLC,"Mount Erie, Illinois


                    United States",,Swine,Illinois
Welkco,"Newton, Illinois


                    United States",,Swine,Illinois
"CHRISTENSEN FARMS & FEEDLOTS, INC.","Kansas, Illinois


                    United States",,Swine,Illinois
"Havens, Robert","Lewistown, Illinois


                    United States",0.08,Swine,Illinois
"Carlson, Steven","Osco, Illinois


                    United States",0.08,Swine,Illinois
"Dietrich, Steven","Mount Morris, Illinois


                    United States",0.08,Swine,Illinois
"O'Brien, Pat","Polo, Illinois


                    United States",0.08,Swine,Illinois
Davis Farm,"Broughton, Illinois


                    United States",0.08,Swine,Illinois
"Cress, Jerry","Nebo, Illinois


                    United States",0.08,Swine,Illinois
"Saddoris, Glenn","Port Byron, Illinois


                    United States",0.08,Swine,Illinois
"Atkinson, Donald","Taylorville, Illinois


                    United States",0.08,Swine,Illinois
"Clark, Gary","Clay City, Illinois


                    United States",0.08,Swine,Illinois
TRIPLE H HOG FARMS,"Alhambra, Illinois


                    United States",0.08,Swine,Illinois
"Builta, Harlan","Ellsworth, Illinois


                    United States",0.08,Swine,Illinois
"Monkemeyer,   Bruce H","Newark, Illinois


                    United States",0.08,Swine,Illinois
Donley Farms,"Mendon, Illinois


                    United States",0.08,Swine,Illinois
"Talty, Raymond","Streator, Illinois


                    United States",0.08,Swine,Illinois
"Mc Grew, David","Good Hope, Illinois


                    United States",0.07,Swine,Illinois
"HARR, BILL","Greenfield, Illinois


                    United States",0.07,Swine,Illinois
"Carlson, Melvin","Princeton, Illinois


                    United States",0.07,Swine,Illinois
"Graham, Jeffrey","Grand Ridge, Illinois


                    United States",0.07,Swine,Illinois
"Smith, Kent","Georgetown, Illinois


                    United States",0.07,Swine,Illinois
"Eden, Lee","Shannon, Illinois


                    United States",0.07,Swine,Illinois
"Downey, John","Aledo, Illinois


                    United States",0.07,Swine,Illinois
"Neal, Evelyn","Mount Pulaski, Illinois


                    United States",0.07,Swine,Illinois
"MATHEW, MARK","La Harpe, Illinois


                    United States",0.07,Swine,Illinois
"Boelens, Albert","Atkinson, Illinois


                    United States",0.07,Swine,Illinois
"KRUEGER, ROY","Hoyleton, Illinois


                    United States",0.07,Swine,Illinois
"Moring, Daryl","Forreston, Illinois


                    United States",0.07,Swine,Illinois
"Habben, Gene","Thomson, Illinois


                    United States",0.07,Swine,Illinois
"Jansen, Howard","Rock Falls, Illinois


                    United States",0.07,Swine,Illinois
RONALD BROWN,"Nashville, Illinois


                    United States",0.07,Swine,Illinois
Schemmer Farms,"Williamsville, Illinois


                    United States",0.07,Swine,Illinois
PAPENBURG FARM,"Waterloo, Illinois


                    United States",0.07,Swine,Illinois
"Quarton, Robert","Palmyra, Illinois


                    United States",0.07,Swine,Illinois
"Anderson, Loren","Thompsonville, Illinois


                    United States",0.07,Swine,Illinois
"ORR, PHIL","Fairbury, Illinois


                    United States",0.07,Swine,Illinois
McCormick Pork Farm,"Le Roy, Illinois


                    United States",0.07,Swine,Illinois
"Williams, Dan","Smithfield, Illinois


                    United States",0.07,Swine,Illinois
"Luebbers, Edwin","Carlyle, Illinois


                    United States",0.07,Swine,Illinois
"GUEBERT, JAMES","Red Bud, Illinois


                    United States",0.07,Swine,Illinois
"Cook, Harlan","Maquon, Illinois


                    United States",0.07,Swine,Illinois
"ELLIOTT, THOMAS","Liberty, Illinois


                    United States",0.07,Swine,Illinois
MAIN FARM,"Woodhull, Illinois


                    United States",0.07,Swine,Illinois
"Olson, Wayne","Geneseo, Illinois


                    United States",0.07,Swine,Illinois
PITCHCO,"Newton, Illinois


                    United States",0.07,Swine,Illinois
BOLOMEY PORK FARM,"Gillespie, Illinois


                    United States",0.07,Swine,Illinois
"Ahrends, Lyle","Chenoa, Illinois


                    United States",0.07,Swine,Illinois
ROAD HOGS,"Centralia, Illinois


                    United States",0.07,Swine,Illinois
"Walker, Leo","Atwood, Illinois


                    United States",0.07,Swine,Illinois
JEFF FRY FARM,"Sorento, Illinois


                    United States",0.07,Swine,Illinois
"Rutherford, Randall","Atkinson, Illinois


                    United States",0.07,Swine,Illinois
POIROT CINDY,"New Baden, Illinois


                    United States",0.07,Swine,Illinois
"BOEHRNSEN, GARY","Martinton, Illinois


                    United States",0.09,Swine,Illinois
"Hingdon,Wesley","Gridley, Illinois


                    United States",0.09,Swine,Illinois
"Grant, Daryl","Kewanee, Illinois


                    United States",0.09,Swine,Illinois
"Kistner, David","Newton, Illinois


                    United States",0.09,Swine,Illinois
"BUSS, GARY","Addieville, Illinois


                    United States",0.09,Swine,Illinois
"Sipka, George","Delavan, Illinois


                    United States",0.09,Swine,Illinois
Garland Springs Farm,"Carthage, Illinois


                    United States",0.09,Swine,Illinois
"Diel Farms, Inc.","Noble, Illinois


                    United States",0.09,Swine,Illinois
"Terstreip, Russell","Hull, Illinois


                    United States",0.09,Swine,Illinois
"Finkes, William","Dow, Illinois


                    United States",0.09,Swine,Illinois
"Duden, Lonnie","Sterling, Illinois


                    United States",0.09,Swine,Illinois
"lindquist, mark","Lynn Center, Illinois


                    United States",0.09,Swine,Illinois
"Wettstein, Larry","Eureka, Illinois


                    United States",0.09,Swine,Illinois
"Hogs 'N Heat, Inc.","Breese, Illinois


                    United States",0.09,Swine,Illinois
"POFFENBERGER, Mark","Rochester, Illinois


                    United States",0.09,Swine,Illinois
"Huelsmann, James","Trenton, Illinois


                    United States",0.09,Swine,Illinois
"Lang, JON","South Beloit, Illinois


                    United States",0.09,Swine,Illinois
"Yerky, James","Atkinson, Illinois


                    United States",0.09,Swine,Illinois
"Carlson, Dale","Galesburg, Illinois


                    United States",0.09,Swine,Illinois
"Rehn,  Richard","Osco, Illinois


                    United States",0.09,Swine,Illinois
"Whitney, Scott","Winnebago, Illinois


                    United States",0.09,Swine,Illinois
"Ramsey, Rocco","Bowen, Illinois


                    United States",0.09,Swine,Illinois
Behrens Donald,"Savanna, Illinois


                    United States",0.08,Swine,Illinois
"Helmink, Joe","Teutopolis, Illinois


                    United States",0.08,Swine,Illinois
"Edwards, Dale","Buffalo, Illinois


                    United States",0.08,Swine,Illinois
"Dunn, John","Gillespie, Illinois


                    United States",0.08,Swine,Illinois
JOHNSON HOG FARM,"Monmouth, Illinois


                    United States",0.08,Swine,Illinois
"Kepner, Hubert","Lena, Illinois


                    United States",0.08,Swine,Illinois
"SIMMS, MICHAEL","Albion, Illinois


                    United States",0.08,Swine,Illinois
"Rieches, Richard","Onarga, Illinois


                    United States",0.08,Swine,Illinois
"NESEMEYER, WAYNE","Freeport, Illinois


                    United States",0.08,Swine,Illinois
"Burgener, Bill","Dundas, Illinois


                    United States",0.08,Swine,Illinois
"Lange, Robert","Thawville, Illinois


                    United States",0.08,Swine,Illinois
"Rolf, Steve","Beardstown, Illinois


                    United States",0.08,Swine,Illinois
"Guinnip, Donald","Marshall, Illinois


                    United States",0.08,Swine,Illinois
"Pansing, Maurice G","Metropolis, Illinois


                    United States",0.08,Swine,Illinois
"Ward, Dean","Frederick, Illinois


                    United States",0.08,Swine,Illinois
"John P. Brown Farms, Inc.","Girard, Illinois


                    United States",0.08,Swine,Illinois
"Bamberg, Jim","Ridott, Illinois


                    United States",0.08,Swine,Illinois
"Maaks, Derald","Lincoln, Illinois


                    United States",0.08,Swine,Illinois
BACON HILL FARM,"Olney, Illinois


                    United States",0.08,Swine,Illinois
"Parker, Robert","Ursa, Illinois


                    United States",0.08,Swine,Illinois
"Bixby, Robert","New Salem, Illinois


                    United States",0.08,Swine,Illinois
"Batty, Bruce","Davis Junction, Illinois


                    United States",0.08,Swine,Illinois
"Schaeffer, Harold Estate","Lebanon, Illinois


                    United States",0.08,Swine,Illinois
Haack Farms,"Montrose, Illinois


                    United States",0.08,Swine,Illinois
"Kirback, Steve","Fieldon, Illinois


                    United States",0.08,Swine,Illinois
"Gainey, Grant","Orion, Illinois


                    United States",0.08,Swine,Illinois
"METZGER FARM, INC.","Mendon, Illinois


                    United States",0.08,Swine,Illinois
"Schrader, Ronald","Freeport, Illinois


                    United States",0.08,Swine,Illinois
Oak Grove Farms,"Bath, Illinois


                    United States",0.1,Swine,Illinois
"Vandeburg, Orrin","Sycamore, Illinois


                    United States",0.1,Swine,Illinois
"MAUL, William","Cissna Park, Illinois


                    United States",0.1,Swine,Illinois
"Borntrager, Floyd","Mattoon, Illinois


                    United States",0.1,Swine,Illinois
"McPheron, Bill","Decatur, Illinois


                    United States",0.1,Swine,Illinois
"Stengel, Michael","Lanark, Illinois


                    United States",0.1,Swine,Illinois
"Sherrick, Mark","Greenup, Illinois


                    United States",0.1,Swine,Illinois
Fombelle Farms,"Atwood, Illinois


                    United States",0.1,Swine,Illinois
"Crumrin, Jack","Martinsville, Illinois


                    United States",0.1,Swine,Illinois
"Seboldt, Mark","Fults, Illinois


                    United States",0.1,Swine,Illinois
"MINSSEN, RICHARD","Prophetstown, Illinois


                    United States",0.1,Swine,Illinois
"H & S Swine, Inc.","Moweaqua, Illinois


                    United States",0.1,Swine,Illinois
"Blank, Ronald","Geneseo, Illinois


                    United States",0.1,Swine,Illinois
"CRAWFORD, Harold","Thawville, Illinois


                    United States",0.1,Swine,Illinois
"Voelker, Don","Waterloo, Illinois


                    United States",0.1,Swine,Illinois
"SEMINARY FARMS, INCORPORATED","Mulberry Grove, Illinois


                    United States",0.1,Swine,Illinois
"WALDINGER, Clarence","Blandinsville, Illinois


                    United States",0.1,Swine,Illinois
"STRUBLE FARM, INC.","Chesterfield, Illinois


                    United States",0.1,Swine,Illinois
Pork Chop Hill,"Polo, Illinois


                    United States",0.1,Swine,Illinois
"Walker, Keith","Armington, Illinois


                    United States",0.1,Swine,Illinois
"Lindauer, Steve","Belleville, Illinois


                    United States",0.1,Swine,Illinois
"Van Dike, Steve","Geneseo, Illinois


                    United States",0.1,Swine,Illinois
Tmco Inc,"Arcola, Illinois


                    United States",0.1,Swine,Illinois
"Murphy, Thomas","Tiskilwa, Illinois


                    United States",0.1,Swine,Illinois
"Kepner, Robert","Lena, Illinois


                    United States",0.1,Swine,Illinois
"MARLEY PORK FARMS, INC.","Nokomis, Illinois


                    United States",0.1,Swine,Illinois
"Edelman, Warren","Fairbury, Illinois


                    United States",0.1,Swine,Illinois
Bell Farms,"Viola, Illinois


                    United States",0.1,Swine,Illinois
"Kocher, Edward","Newton, Illinois


                    United States",0.1,Swine,Illinois
"Harrell, Jay","Stronghurst, Illinois


                    United States",0.1,Swine,Illinois
"Ochs, Fred","Olney, Illinois


                    United States",0.1,Swine,Illinois
"Browning, Keith","West Frankfort, Illinois


                    United States",0.1,Swine,Illinois
"Dawson, David","Stanford, Illinois


                    United States",0.1,Swine,Illinois
"Terstriep, Dan","Liberty, Illinois


                    United States",0.09,Swine,Illinois
"Roe, David","Verona, Illinois


                    United States",0.09,Swine,Illinois
"ILL-MO FARMS, INC.","Elmwood, Illinois


                    United States",0.09,Swine,Illinois
Martin Brothers,"Marengo, Illinois


                    United States",0.09,Swine,Illinois
"DOBER, ED","Arenzville, Illinois


                    United States",0.09,Swine,Illinois
"Duesterhaus, Ronald","Mendon, Illinois


                    United States",0.09,Swine,Illinois
"Hemann, Dennis","Worden, Illinois


                    United States",0.09,Swine,Illinois
"TIPPETT, WILLIAM H","Galena, Illinois


                    United States",0.09,Swine,Illinois
"Green, Robert","Sycamore, Illinois


                    United States",0.09,Swine,Illinois
"WEBEL, STEVE","Baylis, Illinois


                    United States",0.09,Swine,Illinois
"MEYER, BRIAN FARM","Beecher, Illinois


                    United States",0.09,Swine,Illinois
"MKM HOG FARMS, INC.","Liberty, Illinois


                    United States",0.09,Swine,Illinois
"Heckert, Jeff","Addieville, Illinois


                    United States",0.09,Swine,Illinois
"Sheffey, Darrell","Pearl City, Illinois


                    United States",0.09,Swine,Illinois
"WESTERLUND, Marcus","Orion, Illinois


                    United States",0.09,Swine,Illinois
"BUCHOLZ, DAROLD","Saint Augustine, Illinois


                    United States",0.09,Swine,Illinois
"Bialeschki, Doug","Sadorus, Illinois


                    United States",0.09,Swine,Illinois
"Schiltz, Ronald","Kewanee, Illinois


                    United States",0.12,Swine,Illinois
"KLIER, KENT","Newton, Illinois


                    United States",0.12,Swine,Illinois
"Urfer, James","Claremont, Illinois


                    United States",0.12,Swine,Illinois
"Rahmoeller, Jack","Grayville, Illinois


                    United States",0.12,Swine,Illinois
BATAVIA FEEDER BASKETBALL INC,"Batavia, Illinois


                    United States",0.12,Swine,Illinois
Bierman Grain Farm,"Wheeler, Illinois


                    United States",0.12,Swine,Illinois
"Randall, Cornelius S","German Valley, Illinois


                    United States",0.12,Swine,Illinois
"Wilson, Kevin","Leaf River, Illinois


                    United States",0.12,Swine,Illinois
HOPPY SWINE LLC,"Lexington, Illinois


                    United States",0.12,Swine,Illinois
"MC KINNEY, JAMES","Enfield, Illinois


                    United States",0.12,Swine,Illinois
"ALLEN PORK FARMS, INC.","Princeton, Illinois


                    United States",0.12,Swine,Illinois
James R VanDeVelde,"Dahinda, Illinois


                    United States",0.12,Swine,Illinois
"RICHFIELD FARMS, INC.","Plainville, Illinois


                    United States",0.12,Swine,Illinois
PUREGENIS PORK FARM,"Bunker Hill, Illinois


                    United States",0.11,Swine,Illinois
"Dobbels, Lanny","Galva, Illinois


                    United States",0.11,Swine,Illinois
"Kuhn, Art","Genoa, Illinois


                    United States",0.11,Swine,Illinois
"B & B PROBST FARMS, INC.","Wheeler, Illinois


                    United States",0.11,Swine,Illinois
"NELSON, RICHARD J","Mount Morris, Illinois


                    United States",0.11,Swine,Illinois
"Hildenbrand, John","Thawville, Illinois


                    United States",0.11,Swine,Illinois
"Eden, Stephen","Stockton, Illinois


                    United States",0.11,Swine,Illinois
"Rod, Ralph","Princeton, Illinois


                    United States",0.11,Swine,Illinois
"Ochs, Donald J","Newton, Illinois


                    United States",0.11,Swine,Illinois
Walter Farms,"Laura, Illinois


                    United States",0.11,Swine,Illinois
"Nelson, David","Cambridge, Illinois


                    United States",0.11,Swine,Illinois
"FLOOD, Rod","Toledo, Illinois


                    United States",0.11,Swine,Illinois
"Bertelsen, Thomas","Little York, Illinois


                    United States",0.11,Swine,Illinois
"Lievens, Richard","Orion, Illinois


                    United States",0.11,Swine,Illinois
"Rohrer, David","Sheridan, Illinois


                    United States",0.11,Swine,Illinois
"Foster, James","Dundas, Illinois


                    United States",0.11,Swine,Illinois
"Springer, Jeff","Minier, Illinois


                    United States",0.11,Swine,Illinois
"SONDAG, DAN","Valmeyer, Illinois


                    United States",0.11,Swine,Illinois
"Brady, Donald","Neponset, Illinois


                    United States",0.11,Swine,Illinois
"Eckhart, Ralph","New Athens, Illinois


                    United States",0.11,Swine,Illinois
"Heck, Richard","Waterloo, Illinois


                    United States",0.11,Swine,Illinois
"Unkraut, Dave","Effingham, Illinois


                    United States",0.11,Swine,Illinois
"Govig, Jim","Malta, Illinois


                    United States",0.11,Swine,Illinois
"FOLLMER, MIKE","Graymont, Illinois


                    United States",0.11,Swine,Illinois
"Cave, Daryl","Mount Morris, Illinois


                    United States",0.11,Swine,Illinois
"Olsen, Jeffrey","Prophetstown, Illinois


                    United States",0.11,Swine,Illinois
ELLIOTT FARMS,"Montrose, Illinois


                    United States",0.11,Swine,Illinois
"Schafer, Troy","Basco, Illinois


                    United States",0.11,Swine,Illinois
"Harmsen, Walter","Emden, Illinois


                    United States",0.11,Swine,Illinois
"Shafer, Hollis Farm","Astoria, Illinois


                    United States",0.11,Swine,Illinois
"Noe, Ralph Jr","East Peoria, Illinois


                    United States",0.1,Swine,Illinois
"Ziegenhorn, Leland","Illinois City, Illinois


                    United States",0.1,Swine,Illinois
TYLEX FEEDER COMPANY,"Rockford, Illinois


                    United States",0.1,Swine,Illinois
"BIERMAN, KEITH","Dieterich, Illinois


                    United States",0.1,Swine,Illinois
"Hanson, Theodore","Monmouth, Illinois


                    United States",0.1,Swine,Illinois
NORTHDOWN CAFE & TAPROOM FROTH & SWINE LLC,"Chicago, Illinois


                    United States",0.1,Swine,Illinois
"Mueller Farm, William G","Taylor Ridge, Illinois


                    United States",0.1,Swine,Illinois
"Nilsson, John","Geneseo, Illinois


                    United States",0.13,Swine,Illinois
"Smith, Jeff","Princeville, Illinois


                    United States",0.13,Swine,Illinois
"CASSENS FARMS, INC.","Geneseo, Illinois


                    United States",0.13,Swine,Illinois
"Zehr, Curt","Washington, Illinois


                    United States",0.13,Swine,Illinois
Cornwell Brothers Farm,"Mackinaw, Illinois


                    United States",0.13,Swine,Illinois
POOLE FARMS,"Polo, Illinois


                    United States",0.13,Swine,Illinois
"Hutchens, Kenneth","Marshall, Illinois


                    United States",0.13,Swine,Illinois
L R V Farms,"Prophetstown, Illinois


                    United States",0.13,Swine,Illinois
"GUMMERSHEIME, DAVID","East Carondelet, Illinois


                    United States",0.13,Swine,Illinois
"Block Farms, Inc.","Gilson, Illinois


                    United States",0.13,Swine,Illinois
"Little, Jerry Farm","Liberty, Illinois


                    United States",0.13,Swine,Illinois
"Runkle, Eric","Pearl City, Illinois


                    United States",0.13,Swine,Illinois
BEER PORK FARM,"Bartelso, Illinois


                    United States",0.13,Swine,Illinois
"Deuth, John","Polo, Illinois


                    United States",0.13,Swine,Illinois
"Henze, Jerald L","Dakota, Illinois


                    United States",0.13,Swine,Illinois
Fairview Acres Inc,"Emden, Illinois


                    United States",0.13,Swine,Illinois
"Loitz, Paul","Colona, Illinois


                    United States",0.13,Swine,Illinois
"Meier, Mike","Poplar Grove, Illinois


                    United States",0.13,Swine,Illinois
"Weller, Coy","Palmyra, Illinois


                    United States",0.13,Swine,Illinois
DAVID GLASGOW,"Scales Mound, Illinois


                    United States",0.13,Swine,Illinois
Pat & Darin Walk,"Sigel, Illinois


                    United States",0.13,Swine,Illinois
MAYFLOWER FARMS,"Thomson, Illinois


                    United States",0.13,Swine,Illinois
"Turnbaugh, Greg","Mount Carroll, Illinois


                    United States",0.13,Swine,Illinois
Titus' Hog Farm,"Arcola, Illinois


                    United States",0.13,Swine,Illinois
Teresa's Tasty Produce,"Atkinson, Illinois


                    United States",0.13,Swine,Illinois
GARDENLEA JOHNSON FARMS,"Hebron, Illinois


                    United States",0.13,Swine,Illinois
"HARRISON HOG FARMS, INC.","Amboy, Illinois


                    United States",0.13,Swine,Illinois
"Brummer, Eugene","Dieterich, Illinois


                    United States",0.13,Swine,Illinois
My-Te Pork Farm,"Eureka, Illinois


                    United States",0.13,Swine,Illinois
"Duesterhaus, Brian","Quincy, Illinois


                    United States",0.13,Swine,Illinois
"Meier, Harvey","Troy, Illinois


                    United States",0.13,Swine,Illinois
"Burkman, Dennis","Princeton, Illinois


                    United States",0.13,Swine,Illinois
"Smith, Mark","Campbell Hill, Illinois


                    United States",0.13,Swine,Illinois
"Wagenknecht, Otto & Sons Mix Mill","Milledgeville, Illinois


                    United States",0.12,Swine,Illinois
"Lashmett, Larry","Winchester, Illinois


                    United States",0.12,Swine,Illinois
"Livesay, Rick","Geneseo, Illinois


                    United States",0.12,Swine,Illinois
"Olson, Russell","Cambridge, Illinois


                    United States",0.12,Swine,Illinois
Powell's Farms,"Annawan, Illinois


                    United States",0.12,Swine,Illinois
"Teubel, John","Forrest, Illinois


                    United States",0.12,Swine,Illinois
PIERCE FARM,"Stockton, Illinois


                    United States",0.12,Swine,Illinois
"Paydon, William Dean","Plainfield, Illinois


                    United States",0.12,Swine,Illinois
Fay Farms Inc,"Atwood, Illinois


                    United States",0.12,Swine,Illinois
D M B Ltd,"Toulon, Illinois


                    United States",0.12,Swine,Illinois
"Bloome, Joseph","Morrisonville, Illinois


                    United States",0.12,Swine,Illinois
"HILL BROTHERS FARMS, INC","Pleasant Hill, Illinois


                    United States",0.12,Swine,Illinois
GENE WARMBIR LLC,"Clifton, Illinois


                    United States",0.12,Swine,Illinois
"Dykstra, Ed","Thomson, Illinois


                    United States",0.12,Swine,Illinois
"Grube, Dennis","El Paso, Illinois


                    United States",0.12,Swine,Illinois
"MCLAUGHLIN, DONALD","Murphysboro, Illinois


                    United States",0.12,Swine,Illinois
"Woessner, Brad","Shannon, Illinois


                    United States",0.12,Swine,Illinois
Sinn Brothers Turkey Farm,"Tremont, Illinois


                    United States",0.15,Swine,Illinois
"MEAKER FARMS, INC.","Wyoming, Illinois


                    United States",0.15,Swine,Illinois
GOLD NUGGET FARMS,"Mount Carroll, Illinois


                    United States",0.15,Swine,Illinois
"Wys, Ron","Ipava, Illinois


                    United States",0.15,Swine,Illinois
"Bosold, Steve","Osco, Illinois


                    United States",0.15,Swine,Illinois
"DEN-SU PORK,INC.","Greenville, Illinois


                    United States",0.15,Swine,Illinois
Hog Haven Inc,"Loda, Illinois


                    United States",0.15,Swine,Illinois
"Deters, Joseph","Sigel, Illinois


                    United States",0.15,Swine,Illinois
D & B FARMS LLC,"Ursa, Illinois


                    United States",0.15,Swine,Illinois
"Gebben, Mark","Casey, Illinois


                    United States",0.15,Swine,Illinois
Stuenkel Farms,"Monee, Illinois


                    United States",0.15,Swine,Illinois
"Trieb, Robert & Marybelle","Tilden, Illinois


                    United States",0.15,Swine,Illinois
Frank Voss Jr,"Fowler, Illinois


                    United States",0.15,Swine,Illinois
"ARENDS, RONALD","Melvin, Illinois


                    United States",0.14,Swine,Illinois
Cooper Farm Inc,"Mount Pulaski, Illinois


                    United States",0.14,Swine,Illinois
"Moldenhauer, Wayne","San Jose, Illinois


                    United States",0.14,Swine,Illinois
"R & D GENENBACHER FARMS, INC.","Fowler, Illinois


                    United States",0.14,Swine,Illinois
"Haars, Allen","Osco, Illinois


                    United States",0.14,Swine,Illinois
"Bazzell, Steven Farm","Milledgeville, Illinois


                    United States",0.14,Swine,Illinois
"DOUBLE L FARMS, INC.","Forrest, Illinois


                    United States",0.14,Swine,Illinois
Evergreen Lane Farms,"Freeport, Illinois


                    United States",0.14,Swine,Illinois
"Wolf Creek Swine Farms, Inc.","New Canton, Illinois


                    United States",0.14,Swine,Illinois
Coartney Farms,"Ashmore, Illinois


                    United States",0.14,Swine,Illinois
"Hoerner, Shelby","Graymont, Illinois


                    United States",0.14,Swine,Illinois
Weihmeir Farms Inc,"Hopedale, Illinois


                    United States",0.14,Swine,Illinois
"Reid, John","Caledonia, Illinois


                    United States",0.14,Swine,Illinois
"Mushrush, Roger","Sumner, Illinois


                    United States",0.14,Swine,Illinois
QUALITY SWINE FARM,"Hammond, Illinois


                    United States",0.14,Swine,Illinois
"Blout, Darrel & Allen","Ellisville, Illinois


                    United States",0.14,Swine,Illinois
"Mathews, James","Bluffs, Illinois


                    United States",0.14,Swine,Illinois
"Hartstirn, Randall","Canton, Illinois


                    United States",0.14,Swine,Illinois
"Jahn, Donald Farm","Taylor Ridge, Illinois


                    United States",0.14,Swine,Illinois
SIMPSON ROLLING ACRES,"Evansville, Illinois


                    United States",0.14,Swine,Illinois
Jeckel Pork Farm Inc,"Delavan, Illinois


                    United States",0.14,Swine,Illinois
T S C Trucking,"Forrest, Illinois


                    United States",0.14,Swine,Illinois
"Walk, Richard","Sigel, Illinois


                    United States",0.14,Swine,Illinois
"Arnsman, Steven","Mendon, Illinois


                    United States",0.14,Swine,Illinois
Tkf Showpigs,"Chatsworth, Illinois


                    United States",0.14,Swine,Illinois
"Mc Cleary, Robert","Mendon, Illinois


                    United States",0.14,Swine,Illinois
PINE ROAD PORK,"Hoyleton, Illinois


                    United States",0.14,Swine,Illinois
"Hortin, Tom","Albion, Illinois


                    United States",0.14,Swine,Illinois
"Fransen, Kevin","Orion, Illinois


                    United States",0.14,Swine,Illinois
"Quincer, James","Malta, Illinois


                    United States",0.14,Swine,Illinois
"Fehr, Daniel","Roanoke, Illinois


                    United States",0.14,Swine,Illinois
"Goodbred, Larry","Tonica, Illinois


                    United States",0.14,Swine,Illinois
"WYSS FARMS, INC.","Eureka, Illinois


                    United States",0.14,Swine,Illinois
"JK PORK, INC.","Carthage, Illinois


                    United States",0.13,Swine,Illinois
"TRIPLE S PORK, INC.","Chapin, Illinois


                    United States",0.13,Swine,Illinois
BOHLEN PORK FARM,"Fithian, Illinois


                    United States",0.13,Swine,Illinois
MacDonald Farms LLC,"Reynolds, Illinois


                    United States",0.13,Swine,Illinois
Deck's Prairie Enterprises,"Highland, Illinois


                    United States",0.17,Swine,Illinois
VERLADEW FARM COMPANY,"Galva, Illinois


                    United States",0.17,Swine,Illinois
"DEGERENGEL, W & SON","Geneseo, Illinois


                    United States",0.17,Swine,Illinois
"Arndt, Edward","Malta, Illinois


                    United States",0.17,Swine,Illinois
LANDMARK FARM CO.,"Yates City, Illinois


                    United States",0.17,Swine,Illinois
"Hurst, Richard","Dorsey, Illinois


                    United States",0.17,Swine,Illinois
"Ibbotson, Earl","Albion, Illinois


                    United States",0.17,Swine,Illinois
"Gilmour, Tom","Orangeville, Illinois


                    United States",0.17,Swine,Illinois
Dierolf Farms,"Orion, Illinois


                    United States",0.17,Swine,Illinois
"Clodfelter, Ivan L","West Salem, Illinois


                    United States",0.17,Swine,Illinois
"Smith, Charles","Rushville, Illinois


                    United States",0.17,Swine,Illinois
HILLEN HOG FARM,"Batchtown, Illinois


                    United States",0.17,Swine,Illinois
DeVries Farms,"Forreston, Illinois


                    United States",0.16,Swine,Illinois
CHEESEMAN LTD.,"Ashton, Illinois


                    United States",0.16,Swine,Illinois
"Schwartz, Mark","Prairie Du Rocher, Illinois


                    United States",0.16,Swine,Illinois
"Barshinger, Larry Joe","Shabbona, Illinois


                    United States",0.16,Swine,Illinois
Piel Farms,"Red Bud, Illinois


                    United States",0.16,Swine,Illinois
"BANE FAMILY PORK FARM, L.L.C.","Arrowsmith, Illinois


                    United States",0.16,Swine,Illinois
"HOENE, PAUL","Sigel, Illinois


                    United States",0.16,Swine,Illinois
Hocking Farms,"Mount Carmel, Illinois


                    United States",0.16,Swine,Illinois
Ippesen Bros,"Quincy, Illinois


                    United States",0.16,Swine,Illinois
GOTTSCHALK PORK FARM,"Armington, Illinois


                    United States",0.16,Swine,Illinois
"DIEL FARMS, INC.","Noble, Illinois


                    United States",0.16,Swine,Illinois
Crawford Farms,"Reynolds, Illinois


                    United States",0.16,Swine,Illinois
"Uhlman, William","Morton, Illinois


                    United States",0.16,Swine,Illinois
"Maves, Gene","Peotone, Illinois


                    United States",0.16,Swine,Illinois
"Little, Bradley","Tuscola, Illinois


                    United States",0.16,Swine,Illinois
"Bell, Gregory","Viola, Illinois


                    United States",0.16,Swine,Illinois
LOGAN SOW CENTER LLC,"Benton, Illinois


                    United States",0.16,Swine,Illinois
"Vissering, Wendell G","Flanagan, Illinois


                    United States",0.16,Swine,Illinois
Borntrager Farms,"Carrier Mills, Illinois


                    United States",0.16,Swine,Illinois
Thompson Conrad Grain Bins,"Avon, Illinois


                    United States",0.16,Swine,Illinois
"Freyermuth, Kim","Illinois City, Illinois


                    United States",0.16,Swine,Illinois
HAWKINSON BROS. INC.,"Galesburg, Illinois


                    United States",0.16,Swine,Illinois
Stewart Farms,"Vienna, Illinois


                    United States",0.16,Swine,Illinois
"RWT FARM, INC.","Orangeville, Illinois


                    United States",0.16,Swine,Illinois
"Marshall, Larry","Avon, Illinois


                    United States",0.16,Swine,Illinois
Warner Farms,"Mount Vernon, Illinois


                    United States",0.16,Swine,Illinois
BLYTHE Enterprise Inc,"La Harpe, Illinois


                    United States",0.16,Swine,Illinois
"Ammann, Craig","Highland, Illinois


                    United States",0.16,Swine,Illinois
"Klokkenga, Alan","Emden, Illinois


                    United States",0.15,Swine,Illinois
Pleasant Knoll Farm Inc,"Crescent City, Illinois


                    United States",0.15,Swine,Illinois
"CLEAR VIEW PORK FARM, LLC","Morris, Illinois


                    United States",0.15,Swine,Illinois
"ELLIOTT, ROGER","Montrose, Illinois


                    United States",0.15,Swine,Illinois
"ANDRUCH FARMS, LLC","Edinburg, Illinois


                    United States",0.15,Swine,Illinois
"Hapke, Richard","Clayton, Illinois


                    United States",0.15,Swine,Illinois
"Four R Farms, Inc.","Findlay, Illinois


                    United States",0.15,Swine,Illinois
"Boomgarden, Harry","Freeport, Illinois


                    United States",0.15,Swine,Illinois
"Desmith, Kenneth","Atkinson, Illinois


                    United States",0.15,Swine,Illinois
"HAARS, RANDY","Geneseo, Illinois


                    United States",0.15,Swine,Illinois
"Mueller, George Farms Co","Taylor Ridge, Illinois


                    United States",0.2,Swine,Illinois
"FESSER, INC.","Morrisonville, Illinois


                    United States",0.2,Swine,Illinois
"Spengler, Jim","Edinburg, Illinois


                    United States",0.2,Swine,Illinois
"ROSENTRETER BROTHERS, LLC","Gillespie, Illinois


                    United States",0.2,Swine,Illinois
"ROUND BARN FARMS, INC.","Divernon, Illinois


                    United States",0.2,Swine,Illinois
"Lauterbach, C Edward","Clifton, Illinois


                    United States",0.2,Swine,Illinois
"Schlesinger, Ron","Paw Paw, Illinois


                    United States",0.2,Swine,Illinois
"Lange, Paul","Okawville, Illinois


                    United States",0.2,Swine,Illinois
"Ranson, Robert","Kilbourne, Illinois


                    United States",0.2,Swine,Illinois
"Kuntz, Rollyn","Chenoa, Illinois


                    United States",0.2,Swine,Illinois
"Summers, Edwin","Alpha, Illinois


                    United States",0.2,Swine,Illinois
"Bartell, Ed","Thomasboro, Illinois


                    United States",0.2,Swine,Illinois
"SUTTON, ROGER","Norris City, Illinois


                    United States",0.2,Swine,Illinois
Timberview Farms,"Altona, Illinois


                    United States",0.19,Swine,Illinois
Lincolin Trail Farms,"Alton, Illinois


                    United States",0.19,Swine,Illinois
"Blum, Michael and Carol","Polo, Illinois


                    United States",0.19,Swine,Illinois
"Niemerg, Paul C & Leah J","Dieterich, Illinois


                    United States",0.19,Swine,Illinois
G.L.C. OVERTON FARMS INC.,"Mattoon, Illinois


                    United States",0.19,Swine,Illinois
Walker Family Farm Inc,"Niota, Illinois


                    United States",0.19,Swine,Illinois
The Highlands LLC,"Williamsfield, Illinois


                    United States",0.19,Swine,Illinois
"J & S KNOP FARMS, INC.","Percy, Illinois


                    United States",0.19,Swine,Illinois
"Freberg, John","Oneida, Illinois


                    United States",0.19,Swine,Illinois
Yana Grain & Pork,"Sheldon, Illinois


                    United States",0.19,Swine,Illinois
Waldeck Farms,"Farmersville, Illinois


                    United States",0.19,Swine,Illinois
"FULLER FARMS, INC.","Bloomington, Illinois


                    United States",0.19,Swine,Illinois
"Witzig, Roger","Gridley, Illinois


                    United States",0.18,Swine,Illinois
"KLINGLER FARMS, INC.","Noble, Illinois


                    United States",0.18,Swine,Illinois
"Boone, B & R Farm","Paloma, Illinois


                    United States",0.18,Swine,Illinois
"Plenert, Brian","Forrest, Illinois


                    United States",0.18,Swine,Illinois
"NESS, RON & JULIE","Hinckley, Illinois


                    United States",0.18,Swine,Illinois
"Kennard, Charles","Mount Carmel, Illinois


                    United States",0.18,Swine,Illinois
Schafer Farms,"Pana, Illinois


                    United States",0.18,Swine,Illinois
England Farm Inc,"Maquon, Illinois


                    United States",0.18,Swine,Illinois
"Wills, Mark Farms","Coal City, Illinois


                    United States",0.18,Swine,Illinois
"BACON HILL FARM, INC.","Avon, Illinois


                    United States",0.18,Swine,Illinois
PRAIRIE RIDGE LLC,"Pearl, Illinois


                    United States",0.18,Swine,Illinois
Mc Veigh Farms,"Hamilton, Illinois


                    United States",0.18,Swine,Illinois
"SHANNON, CLAUDE","Murphysboro, Illinois


                    United States",0.18,Swine,Illinois
"Anderson, Chuck","Galva, Illinois


                    United States",0.18,Swine,Illinois
"STAKER'S ACRES, INC.","Aledo, Illinois


                    United States",0.18,Swine,Illinois
KOELHER FARMS INC,"Prophetstown, Illinois


                    United States",0.18,Swine,Illinois
"Doty, Larry","Beecher City, Illinois


                    United States",0.17,Swine,Illinois
"Lloyd, Tom","Aledo, Illinois


                    United States",0.17,Swine,Illinois
"M.K.S. FARMS, INC.","New Douglas, Illinois


                    United States",0.17,Swine,Illinois
"Bauman, Kevin","Sesser, Illinois


                    United States",0.17,Swine,Illinois
"Hornbrook, George","Marshall, Illinois


                    United States",0.17,Swine,Illinois
Wykes Brothers Farm,"Yorkville, Illinois


                    United States",0.17,Swine,Illinois
"welbourne, don & mary","Pittsfield, Illinois


                    United States",0.17,Swine,Illinois
"Holkenbrink, Steve","Teutopolis, Illinois


                    United States",0.17,Swine,Illinois
"M & C FARMS, INC.","Warsaw, Illinois


                    United States",0.17,Swine,Illinois
Janssen Farms,"Lanark, Illinois


                    United States",0.24,Swine,Illinois
"Voss, Charles","Carlyle, Illinois


                    United States",0.24,Swine,Illinois
"SUMMY, JEFF","Clayton, Illinois


                    United States",0.24,Swine,Illinois
"King, Phil","Tremont, Illinois


                    United States",0.24,Swine,Illinois
"Plapp, Adrian","Dekalb, Illinois


                    United States",0.24,Swine,Illinois
"Ackerman, Arlyn","Prophetstown, Illinois


                    United States",0.24,Swine,Illinois
"RR Farm, Inc","Morris, Illinois


                    United States",0.24,Swine,Illinois
"MARTEN BROS., INC.","Raymond, Illinois


                    United States",0.24,Swine,Illinois
SWAGLER BROTHERS Farm INC,"Shattuc, Illinois


                    United States",0.23,Swine,Illinois
PUREGENIC PORK FARM,"Bunker Hill, Illinois


                    United States",0.23,Swine,Illinois
"UPHOFF FARMS, INC.","Findlay, Illinois


                    United States",0.23,Swine,Illinois
"MCCLEARY, DONALD","Liberty, Illinois


                    United States",0.23,Swine,Illinois
"FUTURE PORK, LLC","Sycamore, Illinois


                    United States",0.23,Swine,Illinois
"BANNER FARMS, INC.","Shumway, Illinois


                    United States",0.23,Swine,Illinois
"BROOKS, ARNOLD","Prophetstown, Illinois


                    United States",0.23,Swine,Illinois
"SIMPSON, BRIAN","Martinsville, Illinois


                    United States",0.23,Swine,Illinois
"Miller, Eric","Pittsfield, Illinois


                    United States",0.23,Swine,Illinois
"Frakes, Alexander","Carthage, Illinois


                    United States",0.23,Swine,Illinois
BLUE CREEK PORK LLC,"Barry, Illinois


                    United States",0.23,Swine,Illinois
"Eichelberger, Steve And Connie","Dewey, Illinois


                    United States",0.23,Swine,Illinois
"Fisher, Thomas","Royalton, Illinois


                    United States",0.23,Swine,Illinois
JOHN E PFLUM,"Camargo, Illinois


                    United States",0.23,Swine,Illinois
"WERLING-DEGENER, INCORPORATED","Waterloo, Illinois


                    United States",0.23,Swine,Illinois
Paulus Farm Inc,"Lincoln, Illinois


                    United States",0.22,Swine,Illinois
Stitzel Hog Farm,"Shannon, Illinois


                    United States",0.22,Swine,Illinois
"Sanderson, Dan","Clare, Illinois


                    United States",0.22,Swine,Illinois
Colburn Brothers,"Alpha, Illinois


                    United States",0.22,Swine,Illinois
Brinkmann Pork Farm Inc,"Hoyleton, Illinois


                    United States",0.22,Swine,Illinois
Calvin Burroughs & Don Brecher,"Morton, Illinois


                    United States",0.22,Swine,Illinois
Mila Farms Inc,"Morton, Illinois


                    United States",0.22,Swine,Illinois
Mohr Farm,"Pinckneyville, Illinois


                    United States",0.22,Swine,Illinois
Rensing  Hog Farm Inc,"New Douglas, Illinois


                    United States",0.22,Swine,Illinois
"PAUL BORROWMAN FARMS, INC.","Pittsfield, Illinois


                    United States",0.22,Swine,Illinois
Cowser Field & Feedlot,"Bradford, Illinois


                    United States",0.22,Swine,Illinois
BDC Pork Farm,"Elkhart, Illinois


                    United States",0.22,Swine,Illinois
"HORTENSTINE LAND & LIVESTOCK, INC.","Ramsey, Illinois


                    United States",0.22,Swine,Illinois
"Huelsmann, Vernon","Trenton, Illinois


                    United States",0.22,Swine,Illinois
"Ringger Farms, Inc.","Gridley, Illinois


                    United States",0.21,Swine,Illinois
GUSTAVUS BABSON FARMS CO.,"Morris, Illinois


                    United States",0.21,Swine,Illinois
"THE WINDBREAK FARMS, INC.","Gilson, Illinois


                    United States",0.21,Swine,Illinois
"Fuller, Ronald Inc","Palestine, Illinois


                    United States",0.21,Swine,Illinois
"DeMange, Vincent","Saint Jacob, Illinois


                    United States",0.21,Swine,Illinois
"Currier, Preston","Kewanee, Illinois


                    United States",0.21,Swine,Illinois
Taylor Grain & Livestock Farm,"Virginia, Illinois


                    United States",0.21,Swine,Illinois
"Bremmer, Ronald","Pearl City, Illinois


                    United States",0.21,Swine,Illinois
"Fink, Tom","Chadwick, Illinois


                    United States",0.21,Swine,Illinois
"Peter, Stanley","Liberty, Illinois


                    United States",0.21,Swine,Illinois
"Buerster, Joseph","Noble, Illinois


                    United States",0.21,Swine,Illinois
WELKCO,"Marshall, Illinois


                    United States",0.2,Swine,Illinois
"Raschke, John A","Geneseo, Illinois


                    United States",0.2,Swine,Illinois
"Clark, Brad","Kirkwood, Illinois


                    United States",0.31,Swine,Illinois
Kenneth Brummer,"Dieterich, Illinois


                    United States",0.31,Swine,Illinois
Special K Hog Farm,"Chenoa, Illinois


                    United States",0.3,Swine,Illinois
Melvin B. Chandler LLC,"Oquawka, Illinois


                    United States",0.3,Swine,Illinois
"BLYTHE ENTERPRISES, LTD.","La Harpe, Illinois


                    United States",0.29,Swine,Illinois
"DUNKIRK FARMS, INC.","Morrisonville, Illinois


                    United States",0.29,Swine,Illinois
"Ioerger, Lowell","Minonk, Illinois


                    United States",0.29,Swine,Illinois
"BUCHHOLZ PORK, INC.","Malta, Illinois


                    United States",0.28,Swine,Illinois
"Hutchinson, Darrell","Atkinson, Illinois


                    United States",0.28,Swine,Illinois
"SANGAMON PRAIRIE PORK, LLC","Williamsville, Illinois


                    United States",0.28,Swine,Illinois
"Kindred, Wendell","Armington, Illinois


                    United States",0.27,Swine,Illinois
"Debatin, Laverne LLC","Robinson, Illinois


                    United States",0.26,Swine,Illinois
"SCHEETZ FAMILY FARMS, L.L.C.","Niota, Illinois


                    United States",0.26,Swine,Illinois
David Grotefendt Farm Inc,"Edwardsville, Illinois


                    United States",0.26,Swine,Illinois
"SPEISER FARM, INC.","Witt, Illinois


                    United States",0.26,Swine,Illinois
Wilson Farms,"Murrayville, Illinois


                    United States",0.26,Swine,Illinois
Hennenfent Brothers,"Wataga, Illinois


                    United States",0.25,Swine,Illinois
"L & L Hog Farm, Inc.","Mc Leansboro, Illinois


                    United States",0.25,Swine,Illinois
"Flood, Ray","Jewett, Illinois


                    United States",0.25,Swine,Illinois
"Swenson, Claire","Newark, Illinois


                    United States",0.25,Swine,Illinois
"Stribling, Shawn E","Ashland, Illinois


                    United States",0.25,Swine,Illinois
"BONTZ PORK FARM, INC.","Mapleton, Illinois


                    United States",0.25,Swine,Illinois
COCQUIT FARMS,"Geneseo, Illinois


                    United States",0.25,Swine,Illinois
Sipp Farms,"Glasford, Illinois


                    United States",0.25,Swine,Illinois
Prairiedale Farm,"Grand Ridge, Illinois


                    United States",0.25,Swine,Illinois
"Brummer, Mark Farm","Dieterich, Illinois


                    United States",0.25,Swine,Illinois
"MOHR, JAMES","La Harpe, Illinois


                    United States",0.25,Swine,Illinois
"MICENHEIMER BROTHERS, INC.","Taylorville, Illinois


                    United States",0.25,Swine,Illinois
R C M Farms Limited,"Griggsville, Illinois


                    United States",0.25,Swine,Illinois
"Wettstein, Dean","Eureka, Illinois


                    United States",0.25,Swine,Illinois
"Nelson, Philip","Seneca, Illinois


                    United States",0.25,Swine,Illinois
"HARTMAN PORK, INC.","Fairbury, Illinois


                    United States",0.24,Swine,Illinois
Lorton S Inc,"Greenfield, Illinois


                    United States",0.24,Swine,Illinois
Hayden Farms,"Pittsfield, Illinois


                    United States",0.24,Swine,Illinois
"CURRY FAMILY FARMS, INC.","Griggsville, Illinois


                    United States",0.24,Swine,Illinois
"WIEGAND, NATHAN","Roanoke, Illinois


                    United States",0.24,Swine,Illinois
DEDECKER PORK FARM,"Cambridge, Illinois


                    United States",0.24,Swine,Illinois
Ken-O-Kaw Farms Inc,"Windsor, Illinois


                    United States",0.24,Swine,Illinois
"HELMERS PORK & GRAIN, INC.","Steeleville, Illinois


                    United States",0.24,Swine,Illinois
"Homerding, Brian","Minooka, Illinois


                    United States",0.24,Swine,Illinois
L AND H PORK FARM INC,"Carlyle, Illinois


                    United States",0.24,Swine,Illinois
"Peter, Mark","Mendon, Illinois


                    United States",0.24,Swine,Illinois
"Hopkins Jr, Frank","Gilson, Illinois


                    United States",0.24,Swine,Illinois
"Schneider, Paul","Flanagan, Illinois


                    United States",0.24,Swine,Illinois
"Hermes Brothers Farms, Inc","Springfield, Illinois


                    United States",0.24,Swine,Illinois
"Ernst, J & S Farms Inc","Alhambra, Illinois


                    United States",0.24,Swine,Illinois
"Marco,   Jeffrey W","Sandwich, Illinois


                    United States",0.24,Swine,Illinois
Hilleson Farms,"Lee, Illinois


                    United States",0.24,Swine,Illinois
"Meinhart, Daniel","Montrose, Illinois


                    United States",0.24,Swine,Illinois
"Wagenbach, Kevin","Princeville, Illinois


                    United States",0.24,Swine,Illinois
"Wisler, Aaron","Shipshewana, Indiana


                    United States",0.05,Swine,Indiana
"Lash, Edman","Brazil, Indiana


                    United States",0.05,Swine,Indiana
J&P HERITAGE FARM LLC,"Spencer, Indiana


                    United States",0.05,Swine,Indiana
HENDRICKSON FARMS KENT FEED,"Farmland, Indiana


                    United States",0.04,Swine,Indiana
TRES AMIGOS SHOW PIGS LLC,"Rensselaer, Indiana


                    United States",0.04,Swine,Indiana
"Pogue, Brian","Monon, Indiana


                    United States",0.04,Swine,Indiana
"Callaway, Stephen","North Manchester, Indiana


                    United States",0.04,Swine,Indiana
"Fugate, Clay","South Bend, Indiana


                    United States",0.04,Swine,Indiana
"Tonner, Donald J","Rensselaer, Indiana


                    United States",0.04,Swine,Indiana
"TDM FARMS, INC.","Camden, Indiana


                    United States",,Swine,Indiana
"CASE, SEBA","Rosedale, Indiana


                    United States",,Swine,Indiana
"United Animal Health, Inc.","Lebanon, Indiana


                    United States",,Swine,Indiana
"New Fashion Pork, LLP","Switz City, Indiana


                    United States",,Swine,Indiana
"WHITESHIRE/HAMROC, LLC","Albion, Indiana


                    United States",,Swine,Indiana
"Central States Enterprises, LLC","Lake Mary, Florida


                    United States",,Swine,Indiana
MCKILLIP SEEDS INC,"Wabash, Indiana


                    United States",,Swine,Indiana
CREIGHTON BROTHERS LLC,"Rochester, Indiana


                    United States",,Swine,Indiana
"Johnson, Stanley","Bluffton, Indiana


                    United States",0.06,Swine,Indiana
SHADY LANE FARM,"San Pierre, Indiana


                    United States",0.06,Swine,Indiana
"Calhoun, William","Flora, Indiana


                    United States",0.06,Swine,Indiana
"Hansen, R","Holton, Indiana


                    United States",0.06,Swine,Indiana
"Greulich, Daniel","Lamar, Indiana


                    United States",0.06,Swine,Indiana
"ELKHORN FARMS, LLC","Richmond, Indiana


                    United States",0.06,Swine,Indiana
"Cleveland, Gary","Salem, Indiana


                    United States",0.06,Swine,Indiana
"Lindy F, Miller","Terre Haute, Indiana


                    United States",0.06,Swine,Indiana
"Wittmer, Enos","Montgomery, Indiana


                    United States",0.06,Swine,Indiana
"WIRTH, Floyd","Batesville, Indiana


                    United States",0.06,Swine,Indiana
"BERGMAN, RICK","Batesville, Indiana


                    United States",0.06,Swine,Indiana
"Carpenter, Robert","Peru, Indiana


                    United States",0.06,Swine,Indiana
Kerlin Farms,"Silver Lake, Indiana


                    United States",0.06,Swine,Indiana
"Pullen, Carol","Cutler, Indiana


                    United States",0.06,Swine,Indiana
Heet Farm,"Plymouth, Indiana


                    United States",0.06,Swine,Indiana
"Gutgsell, Larry","Saint Anthony, Indiana


                    United States",0.06,Swine,Indiana
Okeefe Ralph,"Kouts, Indiana


                    United States",0.06,Swine,Indiana
BIG SHERM'S FEEDERS,"Anderson, Indiana


                    United States",0.06,Swine,Indiana
"Koester, Robert Farm","Seymour, Indiana


                    United States",0.06,Swine,Indiana
COLE JAMIE,"Frankton, Indiana


                    United States",0.06,Swine,Indiana
"SUNRISE OPPORTUNITIES, INC.","New Palestine, Indiana


                    United States",0.06,Swine,Indiana
GENERATION SWINE LLC,"Silver Lake, Indiana


                    United States",0.06,Swine,Indiana
"Auer, Todd","Columbia City, Indiana


                    United States",0.06,Swine,Indiana
"Shenefield, Richard","Huntington, Indiana


                    United States",0.06,Swine,Indiana
"Bucher, Dale","Wanatah, Indiana


                    United States",0.06,Swine,Indiana
WHERE PIGS FLY - A DIVINE SHOPPE,"Indianapolis, Indiana


                    United States",0.06,Swine,Indiana
Paschen James E & Marilyn G,"Monticello, Indiana


                    United States",0.06,Swine,Indiana
"CRAWFORD, J","Bath, Indiana


                    United States",0.06,Swine,Indiana
"Leising, Jean A Farm","Oldenburg, Indiana


                    United States",0.05,Swine,Indiana
"YAGER, FRANCIS","Rushville, Indiana


                    United States",0.05,Swine,Indiana
"Flory, David","Frankfort, Indiana


                    United States",0.05,Swine,Indiana
"Hess, Tim","Fowler, Indiana


                    United States",0.05,Swine,Indiana
GERALD BRUNS FARMS INC,"Brookville, Indiana


                    United States",0.05,Swine,Indiana
"Blank, Roger","Corydon, Indiana


                    United States",0.05,Swine,Indiana
"Beyke, John","Jasper, Indiana


                    United States",0.05,Swine,Indiana
"LONG, GENE","Cicero, Indiana


                    United States",0.05,Swine,Indiana
"ORSCHELL, HENRY","Connersville, Indiana


                    United States",0.05,Swine,Indiana
"McIlerath, Jeff","Flora, Indiana


                    United States",0.05,Swine,Indiana
FEEDER CENTRAL,"Greenwood, Indiana


                    United States",0.05,Swine,Indiana
"MILLER, RANDALL","Nappanee, Indiana


                    United States",0.05,Swine,Indiana
"Graff, John","Michigan City, Indiana


                    United States",0.05,Swine,Indiana
"Weber, Samuel","Francisco, Indiana


                    United States",0.05,Swine,Indiana
"Lampert, Eugene","Jasper, Indiana


                    United States",0.05,Swine,Indiana
"KRAIG HOMAN, LLC","Portland, Indiana


                    United States",0.05,Swine,Indiana
"Schaefer, Sharon","Saint Meinrad, Indiana


                    United States",0.05,Swine,Indiana
"Hineline, Gregory","Chesterton, Indiana


                    United States",0.05,Swine,Indiana
CHRISTOPHER SOMMERS,"Lucerne, Indiana


                    United States",0.05,Swine,Indiana
JEFFREY LIZZI,"Bremen, Indiana


                    United States",0.05,Swine,Indiana
PRAIRIE PURE PORK,"Huntington, Indiana


                    United States",0.05,Swine,Indiana
"Layton, Norman","Westport, Indiana


                    United States",0.05,Swine,Indiana
"JIM HAUNERT FARMS, INC.","Rushville, Indiana


                    United States",0.08,Swine,Indiana
"LAUDEMAN, MARC","Bremen, Indiana


                    United States",0.08,Swine,Indiana
"Benedict, Robert","Nappanee, Indiana


                    United States",0.08,Swine,Indiana
"Kiesel, Andy","Fort Branch, Indiana


                    United States",0.08,Swine,Indiana
Eicher Engine,"Loogootee, Indiana


                    United States",0.08,Swine,Indiana
"Hartman, Rudy","Wakarusa, Indiana


                    United States",0.08,Swine,Indiana
"STEINFORT, D","Batesville, Indiana


                    United States",0.08,Swine,Indiana
"Sandefur, Burl","Edinburgh, Indiana


                    United States",0.08,Swine,Indiana
"Willy, Steven","Star City, Indiana


                    United States",0.08,Swine,Indiana
"JOHN EDWARD TRAPP FARMS, LLC.","Flora, Indiana


                    United States",0.08,Swine,Indiana
"McCune, Dwight","Markle, Indiana


                    United States",0.07,Swine,Indiana
"Norman, John","Crawfordsville, Indiana


                    United States",0.07,Swine,Indiana
"Beard, Marty","Frankfort, Indiana


                    United States",0.07,Swine,Indiana
"Thomas, Don","Richmond, Indiana


                    United States",0.07,Swine,Indiana
"FRY, RALPH","Roachdale, Indiana


                    United States",0.07,Swine,Indiana
"Farlow, Kim","Milroy, Indiana


                    United States",0.07,Swine,Indiana
"Gogel, James","Saint Meinrad, Indiana


                    United States",0.07,Swine,Indiana
"DENNING, RANDY","Ferdinand, Indiana


                    United States",0.07,Swine,Indiana
"Good, Wilmer & Suzanne","Mulberry, Indiana


                    United States",0.07,Swine,Indiana
"Hanebutt, Paul","Danville, Indiana


                    United States",0.07,Swine,Indiana
"Mosby, Jerry","Troy, Indiana


                    United States",0.07,Swine,Indiana
"KLINGWORTH, WAYNE","Oldenburg, Indiana


                    United States",0.07,Swine,Indiana
"Lentz, William","Columbus, Indiana


                    United States",0.07,Swine,Indiana
"O Connor, Louis","Montgomery, Indiana


                    United States",0.07,Swine,Indiana
ALL ABOUT SWINE LLC,"Oldenburg, Indiana


                    United States",0.07,Swine,Indiana
"dickey, rick dale & candyce elaine","Alexandria, Indiana


                    United States",0.07,Swine,Indiana
"Gingerich, Orval & Sharon","Kokomo, Indiana


                    United States",0.07,Swine,Indiana
Ault Farms,"Bluffton, Indiana


                    United States",0.07,Swine,Indiana
"Shirley, Lloyd","Knox, Indiana


                    United States",0.07,Swine,Indiana
S W W farms,"Poland, Indiana


                    United States",0.07,Swine,Indiana
"Kemp, Darrell","Loogootee, Indiana


                    United States",0.07,Swine,Indiana
"CRUMBACHER, HARRY","New Harmony, Indiana


                    United States",0.07,Swine,Indiana
"HARRINGTON, MIKE","Rensselaer, Indiana


                    United States",0.07,Swine,Indiana
BB HOG FARM,"Monticello, Indiana


                    United States",0.07,Swine,Indiana
"Chamberlain, Lee","Losantville, Indiana


                    United States",0.07,Swine,Indiana
"Price, William","Kimmell, Indiana


                    United States",0.07,Swine,Indiana
BROWN BROS & SON INC,"Borden, Indiana


                    United States",0.07,Swine,Indiana
"HALL, DOUGLAS","Rushville, Indiana


                    United States",0.07,Swine,Indiana
"FOLTZ, Robert","Bourbon, Indiana


                    United States",0.07,Swine,Indiana
"Getts, Richard","Hamilton, Indiana


                    United States",0.07,Swine,Indiana
"Verseman, William","Saint Paul, Indiana


                    United States",0.07,Swine,Indiana
"Tragesser, Vincent","Tipton, Indiana


                    United States",0.07,Swine,Indiana
CHARLES WALTERS,"Indianapolis, Indiana


                    United States",0.07,Swine,Indiana
"Hunt, Kenneth","Lynnville, Indiana


                    United States",0.06,Swine,Indiana
STROUD FARMS,"Monroe City, Indiana


                    United States",0.06,Swine,Indiana
"KEESLING, RODNEY","Muncie, Indiana


                    United States",0.06,Swine,Indiana
"LATTA, ELVIN","Cory, Indiana


                    United States",0.06,Swine,Indiana
"SCOTT, TERRY","Hoagland, Indiana


                    United States",0.06,Swine,Indiana
"Beaman, Marvin","Franklin, Indiana


                    United States",0.06,Swine,Indiana
"FLYING PIG FARM, LLC","Shelbyville, Indiana


                    United States",0.06,Swine,Indiana
"Galloway, Dwight","Covington, Indiana


                    United States",0.1,Swine,Indiana
"Beiswanger, David K Farm","Wolcottville, Indiana


                    United States",0.1,Swine,Indiana
"TYLER, DONALD","Clarks Hill, Indiana


                    United States",0.1,Swine,Indiana
"Kestler, John","Batesville, Indiana


                    United States",0.1,Swine,Indiana
"Faulstick, Howard","Monroeville, Indiana


                    United States",0.09,Swine,Indiana
"Smith, Thomas","Covington, Indiana


                    United States",0.09,Swine,Indiana
"Greuble, David","Haubstadt, Indiana


                    United States",0.09,Swine,Indiana
"Graper, Don","Fort Branch, Indiana


                    United States",0.09,Swine,Indiana
Quality Swine Farm Inc,"Wolcott, Indiana


                    United States",0.09,Swine,Indiana
"Rouch, David","Columbia City, Indiana


                    United States",0.09,Swine,Indiana
"E & L PORK, INC.","Redkey, Indiana


                    United States",0.09,Swine,Indiana
Friedersdorf Farms,"Westport, Indiana


                    United States",0.09,Swine,Indiana
"Barker, Garry","Columbus, Indiana


                    United States",0.09,Swine,Indiana
"DENT, PAUL","Fishers, Indiana


                    United States",0.09,Swine,Indiana
"VOLZ, PATRICK","Sunman, Indiana


                    United States",0.09,Swine,Indiana
"Resler Feeder Hogs, LLC","Wakarusa, Indiana


                    United States",0.09,Swine,Indiana
"OGLE, AARON","Sheridan, Indiana


                    United States",0.09,Swine,Indiana
Wabash Land & Livestock Inc,"Kingman, Indiana


                    United States",0.09,Swine,Indiana
"Alexander, Greg","Kokomo, Indiana


                    United States",0.09,Swine,Indiana
"Boyle, Melvin","Wolcottville, Indiana


                    United States",0.09,Swine,Indiana
"Steele, Phillip","Mccordsville, Indiana


                    United States",0.09,Swine,Indiana
"Weyer, Alan","Ferdinand, Indiana


                    United States",0.09,Swine,Indiana
RIGGS-THURSTON SHOW PIGS,"Anderson, Indiana


                    United States",0.09,Swine,Indiana
"Jackson, Stuart","Milford, Indiana


                    United States",0.09,Swine,Indiana
ECKSTEIN  WELDING & FABRICATION,"Batesville, Indiana


                    United States",0.09,Swine,Indiana
"Williams, Glenn","West Harrison, Indiana


                    United States",0.09,Swine,Indiana
"Miller, Ernest","Middlebury, Indiana


                    United States",0.09,Swine,Indiana
"Orme, Shawn","Arlington, Indiana


                    United States",0.09,Swine,Indiana
TG SWINE INC,"Bringhurst, Indiana


                    United States",0.08,Swine,Indiana
Salsbery Pork Producers,"Sharpsville, Indiana


                    United States",0.08,Swine,Indiana
LAYTON ACRES INC,"Milroy, Indiana


                    United States",0.08,Swine,Indiana
FAT HOGS OF INDY,"Indianapolis, Indiana


                    United States",0.08,Swine,Indiana
REEVES PORK FARM-OFFICE,"Griffin, Indiana


                    United States",0.08,Swine,Indiana
"Smeltzer, Dennis","Middlebury, Indiana


                    United States",0.08,Swine,Indiana
LEIDER FARMS LLP,"Helmer, Indiana


                    United States",0.08,Swine,Indiana
"RUSSELL, RICHARD","Salem, Indiana


                    United States",0.08,Swine,Indiana
KIMMEL SHOW PIGS LLC,"Albion, Indiana


                    United States",0.08,Swine,Indiana
"Ricke, Robert","Greensburg, Indiana


                    United States",0.08,Swine,Indiana
Hendrickson Farm,"Farmland, Indiana


                    United States",0.08,Swine,Indiana
Midwest Precision Technologies Inc.,"Rochester, Indiana


                    United States",0.08,Swine,Indiana
HARRYS HOG HAVEN,"Batesville, Indiana


                    United States",0.08,Swine,Indiana
Harvest Daze Farms,"Muncie, Indiana


                    United States",0.08,Swine,Indiana
"Banks, David Duane","Seymour, Indiana


                    United States",0.08,Swine,Indiana
"Bailey, Kedric","Markle, Indiana


                    United States",0.08,Swine,Indiana
River Hill Farm,"Kouts, Indiana


                    United States",0.08,Swine,Indiana
"Walstra, Andy","Demotte, Indiana


                    United States",0.08,Swine,Indiana
"Haynes, James Enterprises","Garrett, Indiana


                    United States",0.08,Swine,Indiana
BUCKEYE SWINE GROUP LLC,"Cutler, Indiana


                    United States",0.08,Swine,Indiana
"Spence, Patrick","Walkerton, Indiana


                    United States",0.08,Swine,Indiana
Kouns Farms Inc,"Sheridan, Indiana


                    United States",0.08,Swine,Indiana
"DENNIS L PEGGS, LLC","Rushville, Indiana


                    United States",0.11,Swine,Indiana
Price Farms Inc,"Hartford City, Indiana


                    United States",0.11,Swine,Indiana
"Peters, Glenn","Vallonia, Indiana


                    United States",0.11,Swine,Indiana
"Aumann, F","Decatur, Indiana


                    United States",0.11,Swine,Indiana
"Wisler, Niley","Howe, Indiana


                    United States",0.11,Swine,Indiana
"Newcom, J Thomas","Winchester, Indiana


                    United States",0.11,Swine,Indiana
"RISSLER, BOB","Reelsville, Indiana


                    United States",0.11,Swine,Indiana
"Janes, Gary","Greenfield, Indiana


                    United States",0.11,Swine,Indiana
D & N Swine Farm,"Osgood, Indiana


                    United States",0.11,Swine,Indiana
"Wittmer, Lester","Montgomery, Indiana


                    United States",0.11,Swine,Indiana
"ANDERSON, BRUCE","Milroy, Indiana


                    United States",0.11,Swine,Indiana
"Dawes, Wendel & Son","Urbana, Indiana


                    United States",0.11,Swine,Indiana
"Stone, Herman","Walkerton, Indiana


                    United States",0.11,Swine,Indiana
"Begle, Gary","Dale, Indiana


                    United States",0.11,Swine,Indiana
TRIBOND FARMS INC,"Lafayette, Indiana


                    United States",0.11,Swine,Indiana
Top Cut Genetics Inc.,"Atlanta, Indiana


                    United States",0.11,Swine,Indiana
"Arvin, Richard D.","Loogootee, Indiana


                    United States",0.11,Swine,Indiana
CARLS SWINE ENTERPRISES INC,"Huntington, Indiana


                    United States",0.11,Swine,Indiana
RULE SHOW PIGS,"Michigantown, Indiana


                    United States",0.11,Swine,Indiana
Schroeder Pork & Grain,"Reynolds, Indiana


                    United States",0.11,Swine,Indiana
Wolter Farms,"Greensburg, Indiana


                    United States",0.11,Swine,Indiana
"WEST, CLARENCE","Denver, Indiana


                    United States",0.11,Swine,Indiana
"Myer, Scott","Columbia City, Indiana


                    United States",0.11,Swine,Indiana
RD FARMS,"Mishawaka, Indiana


                    United States",0.11,Swine,Indiana
"Giles, Gordon","Whitestown, Indiana


                    United States",0.11,Swine,Indiana
CLAIRE FARMS LLC,"Williams, Indiana


                    United States",0.1,Swine,Indiana
Starkey Swine Farms LLC,"Peru, Indiana


                    United States",0.1,Swine,Indiana
MARK NESBITT,"New Richmond, Indiana


                    United States",0.1,Swine,Indiana
"SHAFFER, TERRY","Albany, Indiana


                    United States",0.1,Swine,Indiana
Wuethrich Pork N' Grain Inc,"Francesville, Indiana


                    United States",0.1,Swine,Indiana
SWEET SWINE FARMS INC,"Wabash, Indiana


                    United States",0.1,Swine,Indiana
NOBLE PORK FARMS LLC,"Flat Rock, Indiana


                    United States",0.1,Swine,Indiana
"GEORGE FARMS, INC.","Veedersburg, Indiana


                    United States",0.1,Swine,Indiana
"Mann, Luther","Otwell, Indiana


                    United States",0.1,Swine,Indiana
"Hosted, Jeff","Albion, Indiana


                    United States",0.1,Swine,Indiana
"Thieme, O","Decatur, Indiana


                    United States",0.1,Swine,Indiana
"Swartzentruber, Steve","Odon, Indiana


                    United States",0.1,Swine,Indiana
"Steiner, Karl","Geneva, Indiana


                    United States",0.1,Swine,Indiana
"Muckerheide Farms, LLC","Greensburg, Indiana


                    United States",0.1,Swine,Indiana
WALSH Farm,"Kewanna, Indiana


                    United States",0.1,Swine,Indiana
"BILLS, MARK","Falmouth, Indiana


                    United States",0.1,Swine,Indiana
"Krull, Hubert","Milford, Indiana


                    United States",0.1,Swine,Indiana
BYRON SCHWIER FARMS INC,"Fountaintown, Indiana


                    United States",0.1,Swine,Indiana
"HILLTOP SWINE, INC.","Wolcott, Indiana


                    United States",0.1,Swine,Indiana
"RICHARDSON, WILLIAM PAUL","Rushville, Indiana


                    United States",0.1,Swine,Indiana
"HARDING, ROBERT","Tell City, Indiana


                    United States",0.1,Swine,Indiana
"Giesler, Ronald","Ferdinand, Indiana


                    United States",0.1,Swine,Indiana
"hosier, mark","Pine Village, Indiana


                    United States",0.1,Swine,Indiana
"FRY, PHILLIP","Roachdale, Indiana


                    United States",0.1,Swine,Indiana
Ronald Clausen,"Rochester, Indiana


                    United States",0.1,Swine,Indiana
Butterfield Farms,"West College Corner, Indiana


                    United States",0.13,Swine,Indiana
R HOG FARM INC,"Tipton, Indiana


                    United States",0.13,Swine,Indiana
"MAR-JO-LIN FARMS, INC.","Greensburg, Indiana


                    United States",0.13,Swine,Indiana
"DOUBLE G FARMS, INC.","Decatur, Indiana


                    United States",0.13,Swine,Indiana
Dale Farms Inc,"North Manchester, Indiana


                    United States",0.13,Swine,Indiana
"D & W FARMS, INC.","Westfield, Indiana


                    United States",0.13,Swine,Indiana
Mehne Farms Inc,"Jasper, Indiana


                    United States",0.13,Swine,Indiana
"Bedel, Mark","Oldenburg, Indiana


                    United States",0.13,Swine,Indiana
"Roeske, Daniel","Hebron, Indiana


                    United States",0.13,Swine,Indiana
"Peters, William","Sharpsville, Indiana


                    United States",0.13,Swine,Indiana
Ren-Bro Farms Inc,"Converse, Indiana


                    United States",0.13,Swine,Indiana
"Harting, Byron","Edwardsport, Indiana


                    United States",0.13,Swine,Indiana
"Morrison, John","Warren, Indiana


                    United States",0.13,Swine,Indiana
"SEERLEY, STEVEN","Modoc, Indiana


                    United States",0.13,Swine,Indiana
"PINE HILL PORK FARMS, INC.","Kewanna, Indiana


                    United States",0.13,Swine,Indiana
"Martin, Michael","Greencastle, Indiana


                    United States",0.13,Swine,Indiana
"Abbring, Fred","Wheatfield, Indiana


                    United States",0.13,Swine,Indiana
"HENRY, PAUL","Connersville, Indiana


                    United States",0.12,Swine,Indiana
"United Animal Health, Inc.","Frankfort, Indiana


                    United States",0.12,Swine,Indiana
"Abbott, Mark","Delphi, Indiana


                    United States",0.12,Swine,Indiana
SANDHILL PIGS LLC,"Idaville, Indiana


                    United States",0.12,Swine,Indiana
Lloyd Thomas Arthur,"Greenfield, Indiana


                    United States",0.12,Swine,Indiana
"Burton, Brad","Delphi, Indiana


                    United States",0.12,Swine,Indiana
"Parks, Rusty","Bloomfield, Indiana


                    United States",0.12,Swine,Indiana
Mak Brothers Hog Farm,"Demotte, Indiana


                    United States",0.12,Swine,Indiana
WHITEMAN FAMILY FARM LIMITED LIABILITY COMPANY,"Glenwood, Indiana


                    United States",0.12,Swine,Indiana
3 K Farms Inc,"Greenfield, Indiana


                    United States",0.12,Swine,Indiana
Deutscher Farms,"Rolling Prairie, Indiana


                    United States",0.12,Swine,Indiana
"KELLY, JOE","Kokomo, Indiana


                    United States",0.12,Swine,Indiana
Threlkeld Farms Inc,"Thorntown, Indiana


                    United States",0.12,Swine,Indiana
"RASZKOWSKI, ED","Union City, Indiana


                    United States",0.12,Swine,Indiana
"Snipes, Gary","Rochester, Indiana


                    United States",0.12,Swine,Indiana
"Nickens, Dean","Boonville, Indiana


                    United States",0.12,Swine,Indiana
The Four T'S Inc,"Liberty, Indiana


                    United States",0.12,Swine,Indiana
McAninch Farm,"Burnettsville, Indiana


                    United States",0.12,Swine,Indiana
"Bosma, Larry Farm","Lafayette, Indiana


                    United States",0.12,Swine,Indiana
"Hanes, Arthur","Fairmount, Indiana


                    United States",0.12,Swine,Indiana
"RICKE FARMS, INC.","Greensburg, Indiana


                    United States",0.12,Swine,Indiana
"Foertsch, Dennis R","Evanston, Indiana


                    United States",0.12,Swine,Indiana
Little Pig Farms,"Brownstown, Indiana


                    United States",0.12,Swine,Indiana
"Pear, Joe","Logansport, Indiana


                    United States",0.12,Swine,Indiana
"Miner, Steve","Pierceton, Indiana


                    United States",0.11,Swine,Indiana
"Muhlenkamp, Dennis","Portland, Indiana


                    United States",0.11,Swine,Indiana
Hayhurst Farms,"Terre Haute, Indiana


                    United States",0.11,Swine,Indiana
"GARNER, HUGH","Milroy, Indiana


                    United States",0.11,Swine,Indiana
"B & J BUCK FARMS, INC.","Lafayette, Indiana


                    United States",0.11,Swine,Indiana
"Roush, Ronald","Landess, Indiana


                    United States",0.11,Swine,Indiana
SMILEY BROS,"Greensburg, Indiana


                    United States",0.11,Swine,Indiana
"Hunt, Jack","Amboy, Indiana


                    United States",0.11,Swine,Indiana
"RUSCH, JOSEPH JR","Vincennes, Indiana


                    United States",0.11,Swine,Indiana
"COPELAND HOG FARM, LLC","Indianapolis, Indiana


                    United States",0.15,Swine,Indiana
TROUTMAN FARMS,"Shoals, Indiana


                    United States",0.15,Swine,Indiana
ARTHURS' INC,"Greenfield, Indiana


                    United States",0.15,Swine,Indiana
"ROOKSBERRY, PAUL","Poland, Indiana


                    United States",0.15,Swine,Indiana
"Salsber, Teddy","Sharpsville, Indiana


                    United States",0.15,Swine,Indiana
ROMINE FARMS,"Columbus, Indiana


                    United States",0.15,Swine,Indiana
J T H INC,"Ligonier, Indiana


                    United States",0.15,Swine,Indiana
Pecka Farms,"Newburgh, Indiana


                    United States",0.15,Swine,Indiana
"Wagner, David","Saint Meinrad, Indiana


                    United States",0.15,Swine,Indiana
Sullivan Farms,"Carthage, Indiana


                    United States",0.15,Swine,Indiana
Springbrook Farms Inc,"Marshall, Indiana


                    United States",0.15,Swine,Indiana
"J & A CROWL, INC.","Butler, Indiana


                    United States",0.15,Swine,Indiana
Youngblood Farm,"Brazil, Indiana


                    United States",0.15,Swine,Indiana
"Wagler, L B General Store","Montgomery, Indiana


                    United States",0.15,Swine,Indiana
"THEURER, KURT M HOG","Portland, Indiana


                    United States",0.15,Swine,Indiana
"TK HOG FARM, LLC","Winchester, Indiana


                    United States",0.15,Swine,Indiana
"PAUL & LINDA SMITH, LLC","Lagro, Indiana


                    United States",0.15,Swine,Indiana
"Lottes, Robert","Loogootee, Indiana


                    United States",0.15,Swine,Indiana
DEVON R. SCHROCK & NORETTA KAY,"Middlebury, Indiana


                    United States",0.15,Swine,Indiana
"Moore, Dale","Salem, Indiana


                    United States",0.15,Swine,Indiana
Werling Farms Inc,"New Haven, Indiana


                    United States",0.15,Swine,Indiana
Century Stock Farm,"Lagrange, Indiana


                    United States",0.15,Swine,Indiana
Pinkerton Farms Inc,"Warren, Indiana


                    United States",0.14,Swine,Indiana
"Volz, Terry","Sunman, Indiana


                    United States",0.14,Swine,Indiana
"Burkhalter, Mike J","Frankfort, Indiana


                    United States",0.14,Swine,Indiana
TRI-OAK FARMS INC,"Decatur, Indiana


                    United States",0.14,Swine,Indiana
"Kerlin, John","Marion, Indiana


                    United States",0.14,Swine,Indiana
"TOEDEBUSCH, WILLIAM","Richmond, Indiana


                    United States",0.14,Swine,Indiana
"franz, duane e","Monroeville, Indiana


                    United States",0.14,Swine,Indiana
"Owens, Christopher","Westport, Indiana


                    United States",0.14,Swine,Indiana
Risch Farms Inc,"Connersville, Indiana


                    United States",0.14,Swine,Indiana
"YANKAUSKAS, MIKE FARM","Grovertown, Indiana


                    United States",0.14,Swine,Indiana
County Line Inc,"Campbellsburg, Indiana


                    United States",0.14,Swine,Indiana
"Weaver, Jeff","Royal Center, Indiana


                    United States",0.14,Swine,Indiana
"Copeland, George","Greenwood, Indiana


                    United States",0.14,Swine,Indiana
"GEISE, KEVIN","Rushville, Indiana


                    United States",0.14,Swine,Indiana
"Worthington, John","North Liberty, Indiana


                    United States",0.14,Swine,Indiana
GLUNT FAMILY FARM INC.,"Sheridan, Indiana


                    United States",0.14,Swine,Indiana
Kreiger Farm,"Valparaiso, Indiana


                    United States",0.14,Swine,Indiana
Haining Farm Services,"Cedar Grove, Indiana


                    United States",0.13,Swine,Indiana
"SUGARWOOD FARMS, L.L.C.","Medora, Indiana


                    United States",0.13,Swine,Indiana
"Rinker, Dale","Yorktown, Indiana


                    United States",0.13,Swine,Indiana
"Burton, Dwight","Sullivan, Indiana


                    United States",0.13,Swine,Indiana
"BARNETT,RYAN","Columbia City, Indiana


                    United States",0.13,Swine,Indiana
Pegg Farms,"Winchester, Indiana


                    United States",0.13,Swine,Indiana
Smiley Farms Inc,"Greensburg, Indiana


                    United States",0.13,Swine,Indiana
"Nixon, Charles","Kingman, Indiana


                    United States",0.13,Swine,Indiana
"Burton, Wendell","Rochester, Indiana


                    United States",0.13,Swine,Indiana
"Brattain, Jay","Liberty, Indiana


                    United States",0.13,Swine,Indiana
"Dolick, Bill And Bob","Reynolds, Indiana


                    United States",0.13,Swine,Indiana
Showley Hog Farms Inc,"Rochester, Indiana


                    United States",0.18,Swine,Indiana
"Wesco, Dwight","Warren, Indiana


                    United States",0.18,Swine,Indiana
BLANTON,"Worthington, Indiana


                    United States",0.18,Swine,Indiana
"K N K ACRES, INC.","Frankfort, Indiana


                    United States",0.18,Swine,Indiana
Adams' Farm Service,"Sellersburg, Indiana


                    United States",0.18,Swine,Indiana
"Troyer, Howard","Butler, Indiana


                    United States",0.18,Swine,Indiana
K AND K SWINE FARM INC,"Craigville, Indiana


                    United States",0.18,Swine,Indiana
C & D FARMS INC,"Monticello, Indiana


                    United States",0.18,Swine,Indiana
"FOX GRAIN AND LIVESTOCK, LLC","Berne, Indiana


                    United States",0.18,Swine,Indiana
VAAL FARMS,"Saint Meinrad, Indiana


                    United States",0.18,Swine,Indiana
MILLER BROS FARMS INC,"Rossville, Indiana


                    United States",0.17,Swine,Indiana
"TWIN PINES FARM, INC.","Lagrange, Indiana


                    United States",0.17,Swine,Indiana
ROSANNA WAGLER LLC,"Montgomery, Indiana


                    United States",0.17,Swine,Indiana
RON HARLEMERT INCORPORATED,"Osgood, Indiana


                    United States",0.17,Swine,Indiana
"GOINGS, FORREST","New Richmond, Indiana


                    United States",0.17,Swine,Indiana
"O'FARRELL FAMILIES, LLC","Delphi, Indiana


                    United States",0.17,Swine,Indiana
"Smith, P & L LLC","Lagro, Indiana


                    United States",0.17,Swine,Indiana
"RODIBAUGH, JACK","Rensselaer, Indiana


                    United States",0.17,Swine,Indiana
"Arnold, Dennis","Otwell, Indiana


                    United States",0.17,Swine,Indiana
Ayres Farms,"North Manchester, Indiana


                    United States",0.17,Swine,Indiana
M & E FLORA FARMS INC,"Flora, Indiana


                    United States",0.17,Swine,Indiana
"Hardin, John D & Son Inc","Danville, Indiana


                    United States",0.17,Swine,Indiana
"NOBBE, WALTER","Connersville, Indiana


                    United States",0.17,Swine,Indiana
"EMILY FARMS, INC.","Corydon, Indiana


                    United States",0.17,Swine,Indiana
"Mennen, Alvin","Logansport, Indiana


                    United States",0.17,Swine,Indiana
Pro-Ag Inc,"Poseyville, Indiana


                    United States",0.17,Swine,Indiana
"SMITH, R J & J FARMS","Frankfort, Indiana


                    United States",0.17,Swine,Indiana
PFEIFFER FARMS INC,"Connersville, Indiana


                    United States",0.17,Swine,Indiana
Huseman Farm Inc,"Cedar Lake, Indiana


                    United States",0.17,Swine,Indiana
"TEMPLETON, Daryl","Greensburg, Indiana


                    United States",0.16,Swine,Indiana
Frey Brothers,"Cedar Grove, Indiana


                    United States",0.16,Swine,Indiana
Kingma Christmas Trees,"Demotte, Indiana


                    United States",0.16,Swine,Indiana
RODGERS FARMS LLC,"Dunkirk, Indiana


                    United States",0.16,Swine,Indiana
Stutzman Farms,"Mill Creek, Indiana


                    United States",0.16,Swine,Indiana
"TRENT, ROLLA","Converse, Indiana


                    United States",0.16,Swine,Indiana
"CRUM, JOHN","Frankfort, Indiana


                    United States",0.16,Swine,Indiana
P & M GORDON FARMS INC,"Rushville, Indiana


                    United States",0.16,Swine,Indiana
"SMITH, NED","Michigantown, Indiana


                    United States",0.16,Swine,Indiana
"Ebert, Leon","Frankton, Indiana


                    United States",0.16,Swine,Indiana
REEVES PORK FARM INC,"Poseyville, Indiana


                    United States",0.16,Swine,Indiana
"Pelsy Hogs, Inc.","Francesville, Indiana


                    United States",0.16,Swine,Indiana
Nussbaum Farms Inc,"Monroe, Indiana


                    United States",0.16,Swine,Indiana
"Davis, William & Sons Farm","Sheridan, Indiana


                    United States",0.16,Swine,Indiana
ELAM PORK LLC,"Idaville, Indiana


                    United States",0.16,Swine,Indiana
"Cotner, Garry","Winamac, Indiana


                    United States",0.16,Swine,Indiana
"SCHEPMAN & SCHEPMAN, LLC","Paris Crossing, Indiana


                    United States",0.16,Swine,Indiana
SCHWENK FARMS LLC,"Jasper, Indiana


                    United States",0.16,Swine,Indiana
"Boyer, Daniel","Tippecanoe, Indiana


                    United States",0.15,Swine,Indiana
"Klemp, Bob","Wheatfield, Indiana


                    United States",0.15,Swine,Indiana
Brewer Farms,"Frankfort, Indiana


                    United States",0.15,Swine,Indiana
"Michel, Greg","North Manchester, Indiana


                    United States",0.22,Swine,Indiana
Bowers Bros Inc,"Monroeville, Indiana


                    United States",0.22,Swine,Indiana
"CRIMMINS FARMS, LLC","Lucerne, Indiana


                    United States",0.22,Swine,Indiana
Haupert Farms Inc,"North Manchester, Indiana


                    United States",0.21,Swine,Indiana
Davis Farms,"Sheridan, Indiana


                    United States",0.21,Swine,Indiana
Corwin's Farms,"New Palestine, Indiana


                    United States",0.21,Swine,Indiana
"LIBERTY SWINE, I, LLC","Monticello, Indiana


                    United States",0.21,Swine,Indiana
Farm & Feeders Inc,"Demotte, Indiana


                    United States",0.21,Swine,Indiana
"Schrader, Douglas","Columbia City, Indiana


                    United States",0.21,Swine,Indiana
"Bartz, Gene","New Carlisle, Indiana


                    United States",0.21,Swine,Indiana
"WYSONG FARMS, INC.","Wawaka, Indiana


                    United States",0.21,Swine,Indiana
"G&K HASENOUR FARMS, LLC","Jasper, Indiana


                    United States",0.21,Swine,Indiana
LINNEWEBER BROTHERS,"Vincennes, Indiana


                    United States",0.21,Swine,Indiana
"Sennette, Clark Farm","Waynetown, Indiana


                    United States",0.21,Swine,Indiana
"McCammon, Steve","Sullivan, Indiana


                    United States",0.21,Swine,Indiana
PINE HILL PORK FARMS INC,"Galveston, Indiana


                    United States",0.21,Swine,Indiana
"Wehmer, Robert","Poseyville, Indiana


                    United States",0.21,Swine,Indiana
Nelson and Sons Farm,"Burket, Indiana


                    United States",0.2,Swine,Indiana
Curless Farms Inc,"Wabash, Indiana


                    United States",0.2,Swine,Indiana
"GRABER FARM & HOME CENTER, LLC","Odon, Indiana


                    United States",0.2,Swine,Indiana
Burkholder Rod,"Nappanee, Indiana


                    United States",0.2,Swine,Indiana
"Sheldon, Donald","Martinsville, Indiana


                    United States",0.2,Swine,Indiana
Trebley Farms,"Rushville, Indiana


                    United States",0.2,Swine,Indiana
Ortman Farms Inc,"Kokomo, Indiana


                    United States",0.2,Swine,Indiana
"D. DOLES FARMS, INC.","Greensburg, Indiana


                    United States",0.2,Swine,Indiana
"holsapple, bert","Orleans, Indiana


                    United States",0.2,Swine,Indiana
Wooden Creek Farms Inc,"Russiaville, Indiana


                    United States",0.2,Swine,Indiana
G & G Porks Farms Inc,"Earl Park, Indiana


                    United States",0.2,Swine,Indiana
"Pettigrew, James","Columbia City, Indiana


                    United States",0.2,Swine,Indiana
Maple Hill Farms Inc,"Campbellsburg, Indiana


                    United States",0.2,Swine,Indiana
"R & N SWINE, INC.","Decatur, Indiana


                    United States",0.19,Swine,Indiana
"Hartman, David","Kokomo, Indiana


                    United States",0.19,Swine,Indiana
"Chapman Farms, Inc.","Bloomingdale, Indiana


                    United States",0.19,Swine,Indiana
"HASENOUR, EARL","Celestine, Indiana


                    United States",0.19,Swine,Indiana
SMITH JOHN D SONS,"Angola, Indiana


                    United States",0.19,Swine,Indiana
"Lehe, Jim Farms, Inc","West Lafayette, Indiana


                    United States",0.19,Swine,Indiana
"MYERS, ORAL","Cambridge City, Indiana


                    United States",0.19,Swine,Indiana
SELDOM REST FARMS INC,"Muncie, Indiana


                    United States",0.19,Swine,Indiana
"SCHOETTMER PRIME PORK FARM, INC.","Tipton, Indiana


                    United States",0.19,Swine,Indiana
Wesch Brothers Farm,"Cayuga, Indiana


                    United States",0.19,Swine,Indiana
"WISCHMEIER FAMILY FARMS, INC.","Seymour, Indiana


                    United States",0.19,Swine,Indiana
"J. C. BUCK FARMS, INC.","Lafayette, Indiana


                    United States",0.19,Swine,Indiana
Retter Farms,"Ridgeville, Indiana


                    United States",0.19,Swine,Indiana
"HERROLD FARMS, INC.","Kewanna, Indiana


                    United States",0.19,Swine,Indiana
N & W Farms Inc,"Mentone, Indiana


                    United States",0.19,Swine,Indiana
"GETHSEMANE FARMS, INC.","Kokomo, Indiana


                    United States",0.19,Swine,Indiana
"HOPF, LARRY","Jasper, Indiana


                    United States",0.18,Swine,Indiana
"MORRIS FARMS, INC.","Macy, Indiana


                    United States",0.18,Swine,Indiana
"COLLINS, RON FARM","Decatur, Indiana


                    United States",0.18,Swine,Indiana
Fertile Acres Inc,"Monroeville, Indiana


                    United States",0.18,Swine,Indiana
E J J Inc,"Idaville, Indiana


                    United States",0.25,Swine,Indiana
"Reinhard, Larry","Craigville, Indiana


                    United States",0.25,Swine,Indiana
"Chambers, Timothy","Logansport, Indiana


                    United States",0.24,Swine,Indiana
Bdb Farm Inc,"Delphi, Indiana


                    United States",0.24,Swine,Indiana
"Gilbert, John R","Remington, Indiana


                    United States",0.24,Swine,Indiana
Young Family Farms General Partnership,"Wolcottville, Indiana


                    United States",0.24,Swine,Indiana
"LIBERTY SWINE, II, LLC","Monticello, Indiana


                    United States",0.24,Swine,Indiana
"Wilson, Jeff","Franklin, Indiana


                    United States",0.24,Swine,Indiana
Le me Johnson Farms INC,"Camden, Indiana


                    United States",0.24,Swine,Indiana
J & D Masters Farms LLC,"Shirley, Indiana


                    United States",0.24,Swine,Indiana
"Pig Alliance, Inc.","Lafayette, Indiana


                    United States",0.24,Swine,Indiana
TRI-HARD FARMS INC,"Bluffton, Indiana


                    United States",0.24,Swine,Indiana
holdeman farms inc,"Wakarusa, Indiana


                    United States",0.24,Swine,Indiana
Vandewater Farms Inc,"Marion, Indiana


                    United States",0.24,Swine,Indiana
"Flynn, Robert","New Castle, Indiana


                    United States",0.24,Swine,Indiana
Lemaster Seed Service Inc,"Portland, Indiana


                    United States",0.24,Swine,Indiana
DOERSTLER FARMS,"Greens Fork, Indiana


                    United States",0.24,Swine,Indiana
"PASCHEN FARMS, INC.","Twelve Mile, Indiana


                    United States",0.24,Swine,Indiana
Mac-Evans Farms Inc,"Vincennes, Indiana


                    United States",0.24,Swine,Indiana
"CASE, SEBA","Rosedale, Indiana


                    United States",0.24,Swine,Indiana
"Burkhalter, George","Lafayette, Indiana


                    United States",0.24,Swine,Indiana
Shireman Hog Farm,"Columbus, Indiana


                    United States",0.24,Swine,Indiana
"Moseley, Jim Farms Inc","Clarks Hill, Indiana


                    United States",0.24,Swine,Indiana
LOSURE FARMS INC,"Marion, Indiana


                    United States",0.23,Swine,Indiana
Serry Farms,"New Carlisle, Indiana


                    United States",0.23,Swine,Indiana
"MEADOW LANE FARMS, INC.","Frankfort, Indiana


                    United States",0.23,Swine,Indiana
WALTER SWINE FARMS INC,"Warren, Indiana


                    United States",0.23,Swine,Indiana
Carter Farms Inc,"Lewis, Indiana


                    United States",0.23,Swine,Indiana
WISE FARMS MANAGEMENT CORP.,"Delphi, Indiana


                    United States",0.23,Swine,Indiana
MARLIN ENTERPRISES INC,"Indianapolis, Indiana


                    United States",0.23,Swine,Indiana
Little Ireland Farm Inc,"Brownsburg, Indiana


                    United States",0.23,Swine,Indiana
"BUCHER HOG FARM, INC.","Kouts, Indiana


                    United States",0.23,Swine,Indiana
"WORLAND FARMS, LLC","Vincennes, Indiana


                    United States",0.23,Swine,Indiana
Seger Farms,"Jasper, Indiana


                    United States",0.23,Swine,Indiana
Crosby Family Farms,"Francesville, Indiana


                    United States",0.23,Swine,Indiana
McSherry Farms Inc,"Claypool, Indiana


                    United States",0.23,Swine,Indiana
"GEIGER ENTERPRISES, INC.","Markle, Indiana


                    United States",0.23,Swine,Indiana
"Reichert, Kevin","Lowell, Indiana


                    United States",0.23,Swine,Indiana
SCHNUR FARMS INC,"Chandler, Indiana


                    United States",0.23,Swine,Indiana
Lash Farm Inc,"Mentone, Indiana


                    United States",0.23,Swine,Indiana
"GREEN ACRES HAM, LLC","Macy, Indiana


                    United States",0.22,Swine,Indiana
"R.B.F., L.L.C.","Roann, Indiana


                    United States",0.22,Swine,Indiana
"Viehe, Bob","Sheridan, Indiana


                    United States",0.22,Swine,Indiana
"SCOTT GRAIN FARMS, INC.","Logansport, Indiana


                    United States",0.22,Swine,Indiana
"Richard Skiles Farm, Inc.","Bringhurst, Indiana


                    United States",0.22,Swine,Indiana
"Knepp, Eli","Loogootee, Indiana


                    United States",0.22,Swine,Indiana
"Tucker, Chad","Mentone, Indiana


                    United States",0.22,Swine,Indiana
"ALEX, Gary","Clayton, Indiana


                    United States",0.22,Swine,Indiana
"Denu, Tim","Tell City, Indiana


                    United States",0.22,Swine,Indiana
Fairholmes Farms Inc,"Lewisville, Indiana


                    United States",0.22,Swine,Indiana
"Glingle, Randy Farms","Bremen, Indiana


                    United States",0.33,Swine,Indiana
"Laux, Randall","Columbia City, Indiana


                    United States",0.33,Swine,Indiana
"CM SWINE, LLC","North Manchester, Indiana


                    United States",0.32,Swine,Indiana
"CHAMBERLAIN SWINE, LLC","Parker City, Indiana


                    United States",0.32,Swine,Indiana
"Kelsay, Merrill","Whiteland, Indiana


                    United States",0.32,Swine,Indiana
"ZIMPLEMAN FARMS, INC.","Rochester, Indiana


                    United States",0.31,Swine,Indiana
"Drake Purebred Farms, Inc.","Cambridge City, Indiana


                    United States",0.31,Swine,Indiana
Stoney Creek Farms,"Farmland, Indiana


                    United States",0.31,Swine,Indiana
"Book, James E","Palmyra, Indiana


                    United States",0.31,Swine,Indiana
CHAD & TAWNY OSTLER,"Michigantown, Indiana


                    United States",0.31,Swine,Indiana
"LEWIS FARMS, LLC","Mentone, Indiana


                    United States",0.31,Swine,Indiana
"SCHROEDER FARMS SWINE DIVISION, INC.","Reynolds, Indiana


                    United States",0.31,Swine,Indiana
"LYNN FIECHTER FARMS, INC.","Keystone, Indiana


                    United States",0.3,Swine,Indiana
Robeson Farms Inc,"Flora, Indiana


                    United States",0.3,Swine,Indiana
"Ravellette, Charles","Oaktown, Indiana


                    United States",0.29,Swine,Indiana
"Marsh, Tony","Greensburg, Indiana


                    United States",0.29,Swine,Indiana
"HOLLAND, Ted","Saint Paul, Indiana


                    United States",0.28,Swine,Indiana
"Bauman, Don","Rochester, Indiana


                    United States",0.28,Swine,Indiana
"Lotter Farms, Inc.","Monroe, Indiana


                    United States",0.28,Swine,Indiana
"MORE FAMILY FARMS, INC.","Columbia City, Indiana


                    United States",0.27,Swine,Indiana
"Knies, Jerome","Jasper, Indiana


                    United States",0.27,Swine,Indiana
"Cervenka, Mark B","Francesville, Indiana


                    United States",0.27,Swine,Indiana
Griffin Brothers farms,"Monon, Indiana


                    United States",0.27,Swine,Indiana
"Otten, Robert L Farms","Vincennes, Indiana


                    United States",0.27,Swine,Indiana
"Hoke, Steve","Oaktown, Indiana


                    United States",0.27,Swine,Indiana
"WASSON, JERRY & SHEREE FARM","Union City, Indiana


                    United States",0.26,Swine,Indiana
MM PORK LLC,"Delphi, Indiana


                    United States",0.26,Swine,Indiana
"Peters, John","Monticello, Indiana


                    United States",0.26,Swine,Indiana
"Laub Farms, LLC","Saint Joe, Indiana


                    United States",0.26,Swine,Indiana
"Lawyer, Eric","Shirley, Indiana


                    United States",0.26,Swine,Indiana
Premalean Pork LLC,"Greensburg, Indiana


                    United States",0.26,Swine,Indiana
"Coffing, Dale","Macy, Indiana


                    United States",0.26,Swine,Indiana
"BRADTMUELLER HOG FARMS, LLC","Fort Wayne, Indiana


                    United States",0.26,Swine,Indiana
"EISTERHOLD FARMS, LLC","Poseyville, Indiana


                    United States",0.26,Swine,Indiana
"Megee, John Inc","Rushville, Indiana


                    United States",0.25,Swine,Indiana
CALDWELL PORK & GRAIN INC.,"Forest, Indiana


                    United States",0.25,Swine,Indiana
Hoeing Livestock,"Rushville, Indiana


                    United States",0.25,Swine,Indiana
H & H Farming,"Fountaintown, Indiana


                    United States",0.25,Swine,Indiana
"Schoenlein, William","Portland, Indiana


                    United States",0.25,Swine,Indiana
Gerkin Farms,"Orleans, Indiana


                    United States",0.25,Swine,Indiana
"VOLLMER FARMS, INC.","Jasper, Indiana


                    United States",0.25,Swine,Indiana
Byer Farm Services LLC,"New Haven, Indiana


                    United States",0.25,Swine,Indiana
Stephan & Sons Inc,"Huntington, Indiana


                    United States",0.25,Swine,Indiana
Tri W Farms Inc,"Springport, Indiana


                    United States",0.25,Swine,Indiana
"Gudeman, Donald A Farms Inc","Kouts, Indiana


                    United States",0.25,Swine,Indiana
"William, Gary","Rochester, Indiana


                    United States",0.25,Swine,Indiana
BYRUM'S MAKIN' BACON FARMS INC,"Kokomo, Indiana


                    United States",0.25,Swine,Indiana
"Baltes, Bernard","Rolling Prairie, Indiana


                    United States",0.25,Swine,Indiana
"KAEHR AG., INC.","Bluffton, Indiana


                    United States",0.25,Swine,Indiana
Halter Farms,"Vincennes, Indiana


                    United States",0.25,Swine,Indiana
"United Animal Health, Inc.","Sheridan, Indiana


                    United States",145.88,Swine,Indiana
RIVERVIEW FARMS INC,"Orleans, Indiana


                    United States",4.62,Swine,Indiana
"Whiteshire/Hamroc, LLC","Albion, Indiana


                    United States",2.32,Swine,Indiana
Fisher Properties of Indiana Inc,"Muncie, Indiana


                    United States",1.54,Swine,Indiana
"REDMAN FARMS, INC.","Dana, Indiana


                    United States",0.96,Swine,Indiana
SMOLEK L & G INC.,"Idaville, Indiana


                    United States",0.94,Swine,Indiana
Davenport Farms Inc,"Plymouth, Indiana


                    United States",0.94,Swine,Indiana
"Nelson, Mike","Burket, Indiana


                    United States",0.81,Swine,Indiana
Cline Farms Inc,"Kirklin, Indiana


                    United States",0.66,Swine,Indiana
Vincent Farms,"Amboy, Indiana


                    United States",0.55,Swine,Indiana
"Swinford Farms, Inc.","Hillsdale, Indiana


                    United States",0.51,Swine,Indiana
"JDR FARMS, INC.","Greensburg, Indiana


                    United States",0.5,Swine,Indiana
Schroeder Farms Inc,"Reynolds, Indiana


                    United States",0.5,Swine,Indiana
Legg Hillcrest Farms Inc,"Windfall, Indiana


                    United States",0.49,Swine,Indiana
"DOUBLE R. FARMS, LLC","Greencastle, Indiana


                    United States",0.49,Swine,Indiana
Freyberger Farms Inc,"Dubois, Indiana


                    United States",0.49,Swine,Indiana
"Sensmeier, Alan Farms Inc","Owensville, Indiana


                    United States",0.48,Swine,Indiana
Hizer Farms,"Kewanna, Indiana


                    United States",0.48,Swine,Indiana
"Griffey, Daniel","Milton, Indiana


                    United States",0.48,Swine,Indiana
"Crowel, Ted C","Monticello, Indiana


                    United States",0.48,Swine,Indiana
"Martin, Merlin","Clayton, Indiana


                    United States",0.48,Swine,Indiana
Simmermon Farms Inc,"Lapel, Indiana


                    United States",0.47,Swine,Indiana
"GUY DEBORD & SONS FARMS, INC.","Wheatland, Indiana


                    United States",0.46,Swine,Indiana
VINCENT GEORGES AND SONS FARMS INCORPORATED,"Fort Branch, Indiana


                    United States",0.46,Swine,Indiana
MINI PORK LLC,"Delphi, Indiana


                    United States",0.45,Swine,Indiana
"Corya Farms, Inc.","Greensburg, Indiana


                    United States",0.44,Swine,Indiana
"Lawson Farms, Inc","Thorntown, Indiana


                    United States",0.44,Swine,Indiana
BERGER FARMS INC,"Mishawaka, Indiana


                    United States",0.44,Swine,Indiana
"Corya Pork Farms, Inc","Greensburg, Indiana


                    United States",0.43,Swine,Indiana
Salsbery Pork Producers Inc,"Sharpsville, Indiana


                    United States",0.43,Swine,Indiana
"TM SWINE, LLC","North Manchester, Indiana


                    United States",0.43,Swine,Indiana
"Hometown Hog Feed, LLC","Mishawaka, Indiana


                    United States",0.42,Swine,Indiana
Brad Starr Farms Inc,"Connersville, Indiana


                    United States",0.42,Swine,Indiana
"Eggert, Ray Farm","Mill Creek, Indiana


                    United States",0.41,Swine,Indiana
Clark's Pork Farm,"Lebanon, Indiana


                    United States",0.4,Swine,Indiana
"SHAFFER SUPERIOR GENETICS, INC.","Albany, Indiana


                    United States",0.4,Swine,Indiana
Hope Enterprises Inc,"Hope, Indiana


                    United States",0.4,Swine,Indiana
"Land, Ron","Rushville, Indiana


                    United States",0.39,Swine,Indiana
WENNING FARMS INC,"Greensburg, Indiana


                    United States",0.39,Swine,Indiana
"Biehl, Dennis","North Manchester, Indiana


                    United States",0.39,Swine,Indiana
Lichtenbarger Farms,"South Bend, Indiana


                    United States",0.38,Swine,Indiana
"Kleine, Paul","Cedar Lake, Indiana


                    United States",0.37,Swine,Indiana
PINE RIDGE PORK LLC,"Macy, Indiana


                    United States",0.36,Swine,Indiana
"Ward, R & R Farms Inc","Crawfordsville, Indiana


                    United States",0.36,Swine,Indiana
"Brookview Farms, an IN Gen Partnership","Goshen, Indiana


                    United States",0.36,Swine,Indiana
MILLER HOG FARM,"Leesburg, Indiana


                    United States",0.35,Swine,Indiana
"Blocher, Lynn","North Manchester, Indiana


                    United States",0.35,Swine,Indiana
Mill Creek Farms,"Jasper, Indiana


                    United States",0.35,Swine,Indiana
C & S Swinford Farms Inc,"Hillsdale, Indiana


                    United States",0.34,Swine,Indiana
Hilltop Swine And Grain,"Wolcott, Indiana


                    United States",0.34,Swine,Indiana
"Krumme, Richard","Prole, Iowa


                    United States",0.15,Cattle,Iowa
"Foels, John","Postville, Iowa


                    United States",0.15,Cattle,Iowa
"HILLERS, ROBERT","Guttenberg, Iowa


                    United States",0.15,Cattle,Iowa
ALEX SCHAEFERS,"Mc Gregor, Iowa


                    United States",0.15,Cattle,Iowa
CRAIG SCHMELING,"Everly, Iowa


                    United States",0.15,Cattle,Iowa
Trails End Fence Co,"Riverside, Iowa


                    United States",0.15,Cattle,Iowa
"Hunt, Dave","Greeley, Iowa


                    United States",0.15,Cattle,Iowa
"STEFFEN, DANIEL F","Zwingle, Iowa


                    United States",0.15,Cattle,Iowa
"BOLIN, DAVE","Clarksville, Iowa


                    United States",0.15,Cattle,Iowa
"Klemp, Scott R","Waucoma, Iowa


                    United States",0.15,Cattle,Iowa
"Link, Kenneth","Bernard, Iowa


                    United States",0.15,Cattle,Iowa
"E. B. KRUSE ENTERPRISES, LTD.","Hillsboro, Iowa


                    United States",0.15,Cattle,Iowa
"HOGUE, Matt","Kent, Iowa


                    United States",0.15,Cattle,Iowa
"BRAHN FARMS, INC.","Ionia, Iowa


                    United States",0.15,Cattle,Iowa
Otter Valley Feeders,"George, Iowa


                    United States",0.15,Cattle,Iowa
"Litka, Dennis","Sutherland, Iowa


                    United States",0.15,Cattle,Iowa
"JANSSEN, LAURA","Sibley, Iowa


                    United States",0.15,Cattle,Iowa
"STEVEN RECKER, INC.","Hopkinton, Iowa


                    United States",0.15,Cattle,Iowa
"VARY, STEVE","Arion, Iowa


                    United States",0.15,Cattle,Iowa
"BADER, Keith","Des Moines, Iowa


                    United States",0.15,Cattle,Iowa
SOLA FARMS COMPANY,"Northwood, Iowa


                    United States",0.15,Cattle,Iowa
"Smith, Wayne","Fort Atkinson, Iowa


                    United States",0.15,Cattle,Iowa
"Weber, Thomas","Jesup, Iowa


                    United States",0.15,Cattle,Iowa
"STEEVE, KATHERINE LOUISE","Gravity, Iowa


                    United States",0.15,Cattle,Iowa
Shady Lawn Heights,"Farley, Iowa


                    United States",0.15,Cattle,Iowa
"Kolash, Scott Farm","Belle Plaine, Iowa


                    United States",0.15,Cattle,Iowa
"PEYTON, INC.","Sac City, Iowa


                    United States",0.15,Cattle,Iowa
"Rossell, Marlin","Lewis, Iowa


                    United States",0.15,Cattle,Iowa
"Knowbloch, Dan","Rock Rapids, Iowa


                    United States",0.15,Cattle,Iowa
"CHRISTIANSEN, STEVE farm","Moville, Iowa


                    United States",0.15,Cattle,Iowa
"DE JAGER, INC.","Orange City, Iowa


                    United States",0.15,Cattle,Iowa
"TARR FARMS, INC.","Bellevue, Iowa


                    United States",0.15,Cattle,Iowa
"TESSMER, SARA","Earlham, Iowa


                    United States",0.15,Cattle,Iowa
"FIELDS FARMS, INC.","Jefferson, Iowa


                    United States",0.15,Cattle,Iowa
"Swanson, Paul","Ayrshire, Iowa


                    United States",0.15,Cattle,Iowa
"Mattson, Greg","Alta, Iowa


                    United States",0.15,Cattle,Iowa
"LUDWIG, Paul","Farley, Iowa


                    United States",0.15,Cattle,Iowa
"VANDER LINDEN FARMS, LLC.","Otley, Iowa


                    United States",0.15,Cattle,Iowa
"SCHECHINGER CATTLE & SALES, L.L.C.","Harlan, Iowa


                    United States",0.15,Cattle,Iowa
"CARSTENS FARMS, LTD.","Adair, Iowa


                    United States",0.15,Cattle,Iowa
GREEN ACRES CORP,"Orient, Iowa


                    United States",0.15,Cattle,Iowa
"WALKER, BRIAN","Essex, Iowa


                    United States",0.15,Cattle,Iowa
"WESTHOFF, GARY","Guttenberg, Iowa


                    United States",0.15,Cattle,Iowa
"Aistrope, David W","Randolph, Iowa


                    United States",0.15,Cattle,Iowa
"Martin, John","Belle Plaine, Iowa


                    United States",0.15,Cattle,Iowa
"Wielenga, David","Hull, Iowa


                    United States",0.15,Cattle,Iowa
"KRUSE, Randy","Mc Gregor, Iowa


                    United States",0.15,Cattle,Iowa
SAWIN ENTERPRISES INC.,"Kensett, Iowa


                    United States",0.15,Cattle,Iowa
"VALLEY VIEW FEED LOTS, INC.","Hawarden, Iowa


                    United States",0.15,Cattle,Iowa
"Van Vark, Bryce","Pella, Iowa


                    United States",0.15,Cattle,Iowa
"ZOET FARMS, INC.","Hull, Iowa


                    United States",0.15,Cattle,Iowa
EARHART FARM,"Stuart, Iowa


                    United States",0.15,Cattle,Iowa
Penny Royal,"Elkader, Iowa


                    United States",0.15,Cattle,Iowa
"HERZBERG, JAMES D","Villisca, Iowa


                    United States",0.15,Cattle,Iowa
WERTHMANN ALLAN J & PATRICIA,"Stockton, Iowa


                    United States",0.15,Cattle,Iowa
"ELK CREEK, LTD.","Charles City, Iowa


                    United States",0.15,Cattle,Iowa
"BRANDT, WILLIAM","Ottumwa, Iowa


                    United States",0.15,Cattle,Iowa
"ROSS, KEVIN J","Minden, Iowa


                    United States",0.15,Cattle,Iowa
"Kopriva, James","Cedar Falls, Iowa


                    United States",0.15,Cattle,Iowa
"McCartan, Patrick","Havelock, Iowa


                    United States",0.15,Cattle,Iowa
"SULLIVAN, James","Weldon, Iowa


                    United States",0.15,Cattle,Iowa
"THOLE, DAVID","La Motte, Iowa


                    United States",0.15,Cattle,Iowa
"DOLL, MARK A","Onslow, Iowa


                    United States",0.15,Cattle,Iowa
J & P Trucking,"Hawarden, Iowa


                    United States",0.15,Cattle,Iowa
"Johnston, Gary Dean","New Virginia, Iowa


                    United States",0.15,Cattle,Iowa
"FRUNDLE, ROBERT","Montour, Iowa


                    United States",0.15,Cattle,Iowa
DOUBLE H INC.,"Wapello, Iowa


                    United States",0.15,Cattle,Iowa
"Irlmeier, Bruce","Templeton, Iowa


                    United States",0.15,Cattle,Iowa
"Rhinehart, Wayne","Vinton, Iowa


                    United States",0.15,Cattle,Iowa
"Schroeder, Leo","Castalia, Iowa


                    United States",0.15,Cattle,Iowa
"Tuma, Frank","Havelock, Iowa


                    United States",0.15,Cattle,Iowa
"ROZEBOOM DAIRY, INC.","Hull, Iowa


                    United States",0.15,Cattle,Iowa
"KLEITSCH, DEBORAH A.","Monticello, Iowa


                    United States",0.15,Cattle,Iowa
"Bodholdt, Quentin","Newell, Iowa


                    United States",0.15,Cattle,Iowa
"PETERSOHN, GARY","Tingley, Iowa


                    United States",0.15,Cattle,Iowa
Max Boles,"Grand River, Iowa


                    United States",0.15,Cattle,Iowa
"RADEKE, CHERYL ANNETTE","Vinton, Iowa


                    United States",0.15,Cattle,Iowa
"SONBERG FARMS, L.L.C.","Osage, Iowa


                    United States",0.15,Cattle,Iowa
"POVERTY ACRES FEEDLOT, INC.","Granville, Iowa


                    United States",0.15,Cattle,Iowa
"SCHNEIDER, MICHAEL A.","Stuart, Iowa


                    United States",0.15,Cattle,Iowa
"MILLER, RUSSELL W","Council Bluffs, Iowa


                    United States",0.15,Cattle,Iowa
ONKEN FEEDLOTS L.L.P.,"Carroll, Iowa


                    United States",0.15,Cattle,Iowa
"Hogan, Duane T","Delhi, Iowa


                    United States",0.15,Cattle,Iowa
"Steffensmeier, Glenn & Ann","Hillsboro, Iowa


                    United States",0.15,Cattle,Iowa
"Elsbernd, Alan","Calmar, Iowa


                    United States",0.15,Cattle,Iowa
"BROOKE, Lee","Clarinda, Iowa


                    United States",0.15,Cattle,Iowa
"Staner, Donald","Cascade, Iowa


                    United States",0.15,Cattle,Iowa
HOPE CREST FARMS,"Fayette, Iowa


                    United States",0.15,Cattle,Iowa
"H & T FAIR HILLS, LTD.","Monticello, Iowa


                    United States",0.15,Cattle,Iowa
"K & K DAIRY, INC.","New Vienna, Iowa


                    United States",0.15,Cattle,Iowa
"TRIPLE H, INC.","Fertile, Iowa


                    United States",0.15,Cattle,Iowa
"Weber, William","Riverside, Iowa


                    United States",0.15,Cattle,Iowa
"JORDAN, JACK","Onawa, Iowa


                    United States",0.15,Cattle,Iowa
"PARKER, NORMAN","Mapleton, Iowa


                    United States",0.15,Cattle,Iowa
"Von Behren, Gale","Wyoming, Iowa


                    United States",0.15,Cattle,Iowa
"Pisel, Kirk","Johnston, Iowa


                    United States",0.15,Cattle,Iowa
"SCHUHARDT, Randy","Perry, Iowa


                    United States",0.15,Cattle,Iowa
"LUETT, DAVID","Perry, Iowa


                    United States",0.15,Cattle,Iowa
"Olson, Jeffrey","Winfield, Iowa


                    United States",0.15,Cattle,Iowa
"SEIPOLD, RODNEY","Hastings, Iowa


                    United States",0.15,Cattle,Iowa
"Elsbernd, Joe G","Decorah, Iowa


                    United States",0.16,Cattle,Iowa
Lueck Farm,"Dyersville, Iowa


                    United States",0.16,Cattle,Iowa
"Sweeney, Gene","Osage, Iowa


                    United States",0.16,Cattle,Iowa
"DOE'S AND DIVA'S, INC.","Honey Creek, Iowa


                    United States",0.16,Cattle,Iowa
"Miller, Nelson","Iowa City, Iowa


                    United States",0.16,Cattle,Iowa
"SCHLUTZ, MARSHAL W","Russell, Iowa


                    United States",0.16,Cattle,Iowa
"HADE FARMS, INC.","Harcourt, Iowa


                    United States",0.16,Cattle,Iowa
"Weiss, Arnold","Decorah, Iowa


                    United States",0.16,Cattle,Iowa
V. G. STONER & SONS CORP.,"Mount Vernon, Iowa


                    United States",0.16,Cattle,Iowa
"JENSEN, ARLYN","Neola, Iowa


                    United States",0.16,Cattle,Iowa
"WILLIAMS, WAYNE SCOTT","Albia, Iowa


                    United States",0.16,Cattle,Iowa
"BAR V FEEDLOT, INC.","Odebolt, Iowa


                    United States",0.16,Cattle,Iowa
DEAN D SPERFSLAGE,"Edgewood, Iowa


                    United States",0.16,Cattle,Iowa
"MC LAUGHLIN, MARK","Audubon, Iowa


                    United States",0.16,Cattle,Iowa
F & W Feedlot,"Paton, Iowa


                    United States",0.16,Cattle,Iowa
"RINIKER, PAUL","Greeley, Iowa


                    United States",0.16,Cattle,Iowa
"MILLARD GEE, INC.","Imogene, Iowa


                    United States",0.16,Cattle,Iowa
"KRAMER, Monty","Creston, Iowa


                    United States",0.16,Cattle,Iowa
"TRIANGLE ENTERPRISES, INC.","Sidney, Iowa


                    United States",0.16,Cattle,Iowa
"DENVER SPRAYING SERVICE, LLC","Denver, Iowa


                    United States",0.16,Cattle,Iowa
DIEKEVERS & SON,"Hospers, Iowa


                    United States",0.16,Cattle,Iowa
"V L FARMS, INC.","New Sharon, Iowa


                    United States",0.16,Cattle,Iowa
"BERNS, Donald","Garnavillo, Iowa


                    United States",0.16,Cattle,Iowa
"HEISDORFFER, Eugene","Sigourney, Iowa


                    United States",0.16,Cattle,Iowa
Pfeifer Farm,"Russell, Iowa


                    United States",0.16,Cattle,Iowa
"MESSAMER, WILLIAM L","Russell, Iowa


                    United States",0.16,Cattle,Iowa
"LORMAX, INC.","Monticello, Iowa


                    United States",0.16,Cattle,Iowa
JM DREES CO Inc,"Manning, Iowa


                    United States",0.16,Cattle,Iowa
"Hamann, Darwin","Anthon, Iowa


                    United States",0.16,Cattle,Iowa
"HOUCHIN, NORMAN CLEO","Gravity, Iowa


                    United States",0.16,Cattle,Iowa
Ball Brothers Farms Inc,"Mediapolis, Iowa


                    United States",0.16,Cattle,Iowa
"Westby, Brian","Decorah, Iowa


                    United States",0.16,Cattle,Iowa
"Albright Brothers, Inc.","Lytton, Iowa


                    United States",0.16,Cattle,Iowa
"Duschner, Eugene","Farley, Iowa


                    United States",0.16,Cattle,Iowa
"RTBEN, INC.","Russell, Iowa


                    United States",0.16,Cattle,Iowa
"MARTINS, DENNIS","Monona, Iowa


                    United States",0.16,Cattle,Iowa
"WOLTMAN, GLEN E","Cleghorn, Iowa


                    United States",0.16,Cattle,Iowa
"Tucker, Darrell","Worthington, Iowa


                    United States",0.16,Cattle,Iowa
"AC Feed Yard, LLC","Clare, Iowa


                    United States",0.16,Cattle,Iowa
"MOORE, RONALD J.","Bloomfield, Iowa


                    United States",0.16,Cattle,Iowa
"SMITH, Steven","Mason City, Iowa


                    United States",0.15,Cattle,Iowa
"KNUPP, MICHAEL","Dysart, Iowa


                    United States",0.15,Cattle,Iowa
"McGee, Mike & Danelle","Cresco, Iowa


                    United States",0.15,Cattle,Iowa
"L & L NELSEN FARMS, INC.","Ringsted, Iowa


                    United States",0.15,Cattle,Iowa
"Bein, Gary L","Davenport, Iowa


                    United States",0.15,Cattle,Iowa
Zahurones Farm,"Baxter, Iowa


                    United States",0.15,Cattle,Iowa
DUVEL CHARLES D LORNA J,"Postville, Iowa


                    United States",0.15,Cattle,Iowa
"KNUDSEN, MARK & Linda","Jesup, Iowa


                    United States",0.15,Cattle,Iowa
"Lien, Gary","Calmar, Iowa


                    United States",0.15,Cattle,Iowa
"Veach, Pat","Zwingle, Iowa


                    United States",0.15,Cattle,Iowa
Kregel Dairy,"Guttenberg, Iowa


                    United States",0.16,Cattle,Iowa
"SCHUMANN, SALLY","Garber, Iowa


                    United States",0.16,Cattle,Iowa
"UNION VALLEY, INC.","Hawarden, Iowa


                    United States",0.16,Cattle,Iowa
"BATEMAN FARMS, INC.","Shenandoah, Iowa


                    United States",0.16,Cattle,Iowa
"BRUCK, RICHARD G","Persia, Iowa


                    United States",0.16,Cattle,Iowa
"HARNEY, Jim Farm","Nichols, Iowa


                    United States",0.16,Cattle,Iowa
M J Cattle Company,"Hornick, Iowa


                    United States",0.16,Cattle,Iowa
MARK DERFLINGER,"Hedrick, Iowa


                    United States",0.16,Cattle,Iowa
"Roberts, Glen","Corning, Iowa


                    United States",0.16,Cattle,Iowa
"MOHR, BARRY","Marengo, Iowa


                    United States",0.16,Cattle,Iowa
"VANREGENMORTER, VERLYN D","Sioux Center, Iowa


                    United States",0.16,Cattle,Iowa
Rozeboom Dairy,"Rock Valley, Iowa


                    United States",0.16,Cattle,Iowa
"Ortner, Dennis","Danbury, Iowa


                    United States",0.16,Cattle,Iowa
CLIFFORD CARNEY,"Adair, Iowa


                    United States",0.16,Cattle,Iowa
"VAN ROEKEL, RICK","Sheldon, Iowa


                    United States",0.16,Cattle,Iowa
"Feeder Creek Farms, LLC","Toledo, Iowa


                    United States",0.16,Cattle,Iowa
Diamond Sea Farm,"Dubuque, Iowa


                    United States",0.16,Cattle,Iowa
"Graber, David","Lockridge, Iowa


                    United States",0.16,Cattle,Iowa
"IRLBECK, EDWARD P & ROSE","Dedham, Iowa


                    United States",0.16,Cattle,Iowa
"NEXT GENERATION FARMS, LLC","Ames, Iowa


                    United States",0.16,Cattle,Iowa
SHARFF BRENT & CONNIE,"Maynard, Iowa


                    United States",0.16,Cattle,Iowa
"ASCHBRENNER, INC.","Monticello, Iowa


                    United States",0.16,Cattle,Iowa
"HORNING, NEAL E","Marion, Iowa


                    United States",0.16,Cattle,Iowa
"Ludwig, Mike","Worthington, Iowa


                    United States",0.16,Cattle,Iowa
"Osweiler, Jeffrey L","Webster, Iowa


                    United States",0.16,Cattle,Iowa
"Edbaugh, Jeremy","Waverly, Iowa


                    United States",0.16,Cattle,Iowa
R & T Custom Works,"Ellston, Iowa


                    United States",0.16,Cattle,Iowa
D & J Lorch Llc,"Harris, Iowa


                    United States",0.16,Cattle,Iowa
"LINDLE LAKESIDE FARM, L.L.C.","Muscatine, Iowa


                    United States",0.16,Cattle,Iowa
"TREMEL, MICHAEL","Earling, Iowa


                    United States",0.16,Cattle,Iowa
"Small, James Farm","Bernard, Iowa


                    United States",0.16,Cattle,Iowa
"Hurlburt, Anthony","Lone Rock, Iowa


                    United States",0.16,Cattle,Iowa
Wayne Frerichs,"Steamboat Rock, Iowa


                    United States",0.16,Cattle,Iowa
"Sulser, Steve","Mystic, Iowa


                    United States",0.16,Cattle,Iowa
"Melcher, Barbara Ann","Harpers Ferry, Iowa


                    United States",0.16,Cattle,Iowa
"Mcdonough, Grace","Monticello, Iowa


                    United States",0.16,Cattle,Iowa
"Leonard, Robert","Center Junction, Iowa


                    United States",0.16,Cattle,Iowa
"PAULEY, RICK","Earling, Iowa


                    United States",0.16,Cattle,Iowa
"Kleis, Richard","Zwingle, Iowa


                    United States",0.16,Cattle,Iowa
"BRENNEMAN, MARLIN","Iowa City, Iowa


                    United States",0.16,Cattle,Iowa
"Ta-Slaa, Cleo","Orange City, Iowa


                    United States",0.16,Cattle,Iowa
"KARREN, Dennis","Lawton, Iowa


                    United States",0.16,Cattle,Iowa
THE HOFFMAN FARM CORPORATION,"Carroll, Iowa


                    United States",0.16,Cattle,Iowa
Joetown Dairy,"Kalona, Iowa


                    United States",0.16,Cattle,Iowa
Quakerland & Livestock,"Boyden, Iowa


                    United States",0.16,Cattle,Iowa
"Kitty Creek Farms, LLC","Monticello, Iowa


                    United States",0.16,Cattle,Iowa
"H.E.B. FARMS, LTD.","Malvern, Iowa


                    United States",0.16,Cattle,Iowa
Quade Construction Company LLC,"Charles City, Iowa


                    United States",0.16,Cattle,Iowa
"ROCKINGHAM DAIRY FREEZ, LLC","Blue Grass, Iowa


                    United States",0.16,Cattle,Iowa
MARDEL CORP.,"Martelle, Iowa


                    United States",0.16,Cattle,Iowa
STEVEN J REDING,"Cylinder, Iowa


                    United States",0.17,Cattle,Iowa
WILLOW DAIRY,"Salix, Iowa


                    United States",0.17,Cattle,Iowa
"NIEMEYER, Gerrit","Inwood, Iowa


                    United States",0.17,Cattle,Iowa
"Nolte, Roger","Jackson Junction, Iowa


                    United States",0.17,Cattle,Iowa
BELL BROS Farm,"Keota, Iowa


                    United States",0.17,Cattle,Iowa
Schwartz Mark,"West Point, Iowa


                    United States",0.17,Cattle,Iowa
L&M Horras Farms Corp,"Keota, Iowa


                    United States",0.17,Cattle,Iowa
"Theisen, Ron","Remsen, Iowa


                    United States",0.17,Cattle,Iowa
"Novinger, Jim","Collins, Iowa


                    United States",0.17,Cattle,Iowa
"ZIDLICKY, KARRIE R","Decorah, Iowa


                    United States",0.17,Cattle,Iowa
"Bliek, Larry","Larchwood, Iowa


                    United States",0.17,Cattle,Iowa
"READ FARMS, INC.","Victor, Iowa


                    United States",0.17,Cattle,Iowa
JACK COOK FARMS INC.,"Sergeant Bluff, Iowa


                    United States",0.17,Cattle,Iowa
"ROCHFORD, KAREN","Sumner, Iowa


                    United States",0.17,Cattle,Iowa
WAGNER BROTHERS,"Clermont, Iowa


                    United States",0.17,Cattle,Iowa
CUNNINGHAM RANCH INCORPORATED,"Van Meter, Iowa


                    United States",0.17,Cattle,Iowa
"DEBOER, DAVID E.","Little Rock, Iowa


                    United States",0.17,Cattle,Iowa
"STORTZ,  JAMES L & SHIRLEY M","Waukon, Iowa


                    United States",0.17,Cattle,Iowa
"BIELENBERG, MIKE","Coon Rapids, Iowa


                    United States",0.17,Cattle,Iowa
"Gallup, Frank","Independence, Iowa


                    United States",0.17,Cattle,Iowa
"HATCHER, Edward L","Grinnell, Iowa


                    United States",0.17,Cattle,Iowa
"Clarke, Roger & Lois","Central City, Iowa


                    United States",0.17,Cattle,Iowa
"Oetken, Roger","Akron, Iowa


                    United States",0.17,Cattle,Iowa
Open Acre,"Waukon, Iowa


                    United States",0.17,Cattle,Iowa
"Iverson, Leslie","Grinnell, Iowa


                    United States",0.17,Cattle,Iowa
"SWEARINGIN, TOM","Corydon, Iowa


                    United States",0.17,Cattle,Iowa
Cripple Creek Farm Corporation,"Guthrie Center, Iowa


                    United States",0.17,Cattle,Iowa
"SCOTT CATTLE CO, L.L.C.","Marshalltown, Iowa


                    United States",0.17,Cattle,Iowa
"Vopelak, Derek J.","Dysart, Iowa


                    United States",0.17,Cattle,Iowa
Jungers Brothers,"Hospers, Iowa


                    United States",0.17,Cattle,Iowa
King Farms,"Guernsey, Iowa


                    United States",0.17,Cattle,Iowa
"Monson Farms, Ltd.","Irwin, Iowa


                    United States",0.17,Cattle,Iowa
"T. L. SNYDER, INC.","Minburn, Iowa


                    United States",0.17,Cattle,Iowa
"KENNEDY, LEWIS","Farmington, Iowa


                    United States",0.17,Cattle,Iowa
"CORNER VIEW FARMS, INC.","Reinbeck, Iowa


                    United States",0.17,Cattle,Iowa
"HANSEN, DAVID L","Brayton, Iowa


                    United States",0.17,Cattle,Iowa
"FELDMAN, Adam","Atalissa, Iowa


                    United States",0.17,Cattle,Iowa
"D & H STARK FARMS, LTD.","Riceville, Iowa


                    United States",0.17,Cattle,Iowa
"WIELENGA DAIRY, INC.","Boyden, Iowa


                    United States",0.17,Cattle,Iowa
"Elsbernd Wind Farm, LLC","Calmar, Iowa


                    United States",0.17,Cattle,Iowa
BKB FARMS CORP.,"Massena, Iowa


                    United States",0.17,Cattle,Iowa
"Nilles, Leon","Sheldon, Iowa


                    United States",0.17,Cattle,Iowa
Karpisek Farms,"Dysart, Iowa


                    United States",0.17,Cattle,Iowa
JAMES ERIC DRAKE,"Blockton, Iowa


                    United States",0.17,Cattle,Iowa
BARBARA J RANDOLPH,"Goose Lake, Iowa


                    United States",0.17,Cattle,Iowa
"King, Steve","Lawton, Iowa


                    United States",0.17,Cattle,Iowa
WILSON FARMS LTD,"Fairbank, Iowa


                    United States",0.17,Cattle,Iowa
Lapke Quarter Horses,"Logan, Iowa


                    United States",0.17,Cattle,Iowa
"Ashley, James","Ionia, Iowa


                    United States",0.17,Cattle,Iowa
"Ehrman, Bob","Anita, Iowa


                    United States",0.16,Cattle,Iowa
"GEORGE, BIERMA","Sioux Center, Iowa


                    United States",0.18,Cattle,Iowa
JEPSEN DAIRY FARM,"Clinton, Iowa


                    United States",0.18,Cattle,Iowa
RENNE EGGERS,"Dolliver, Iowa


                    United States",0.18,Cattle,Iowa
"COOK, DALE","Bernard, Iowa


                    United States",0.18,Cattle,Iowa
"BROOKS, CHARLES","Farragut, Iowa


                    United States",0.18,Cattle,Iowa
"Dodge, Duane D","Terril, Iowa


                    United States",0.18,Cattle,Iowa
"THOMPSON, JAMES","Monona, Iowa


                    United States",0.18,Cattle,Iowa
Berg CONSTRUCTION AND LANDSCAPE,"Spirit Lake, Iowa


                    United States",0.18,Cattle,Iowa
"EASTMAN, DAVID ALAN","Riceville, Iowa


                    United States",0.18,Cattle,Iowa
"Gavin, Patrick","Lansing, Iowa


                    United States",0.18,Cattle,Iowa
Kraus Farm,"Breda, Iowa


                    United States",0.18,Cattle,Iowa
"MICHAEL MEISTER, LLC.","Wall Lake, Iowa


                    United States",0.18,Cattle,Iowa
"Miller, Larry","Dana, Iowa


                    United States",0.18,Cattle,Iowa
"Hoepker, Don","Orient, Iowa


                    United States",0.18,Cattle,Iowa
"Paulsrud, Fred T Farm","Danbury, Iowa


                    United States",0.18,Cattle,Iowa
"HOLDGRAFER, TRICIA","Bellevue, Iowa


                    United States",0.17,Cattle,Iowa
"LINDERBAUM, DENNIS","Ossian, Iowa


                    United States",0.17,Cattle,Iowa
"Klostermann, Jack","New Vienna, Iowa


                    United States",0.17,Cattle,Iowa
"COUSER, William","Nevada, Iowa


                    United States",0.17,Cattle,Iowa
"Schmelzer, Arthur","Decorah, Iowa


                    United States",0.17,Cattle,Iowa
"Renaud, Robert","Grinnell, Iowa


                    United States",0.17,Cattle,Iowa
"Short, Robert J & Rosemary","Masonville, Iowa


                    United States",0.17,Cattle,Iowa
"RUEHS FARMS, INC.","Plainfield, Iowa


                    United States",0.17,Cattle,Iowa
"IMOEHL, DENISE THERESA","Luana, Iowa


                    United States",0.17,Cattle,Iowa
RAUSCH FEEDLOT CO.,"Paullina, Iowa


                    United States",0.17,Cattle,Iowa
"Holdgrafer Dairy, Inc.","Bellevue, Iowa


                    United States",0.17,Cattle,Iowa
"Jansma Cattle Co., Inc.","Rock Rapids, Iowa


                    United States",0.17,Cattle,Iowa
"WINDRIDGE FARMS, LLC","Decorah, Iowa


                    United States",0.17,Cattle,Iowa
ABERSON DAIRY,"Orange City, Iowa


                    United States",0.17,Cattle,Iowa
"GREAT OAK FARMS, INC.","Emmetsburg, Iowa


                    United States",0.17,Cattle,Iowa
"REMMERDE, LYLE","Rock Valley, Iowa


                    United States",0.17,Cattle,Iowa
"Thoma, Thoedore Farm","Jesup, Iowa


                    United States",0.17,Cattle,Iowa
"LUDWIG, JOHN FARM","Elma, Iowa


                    United States",0.17,Cattle,Iowa
"Long, Mark","Cedar, Iowa


                    United States",0.17,Cattle,Iowa
"Hill, Craig D & Shirley","Story City, Iowa


                    United States",0.17,Cattle,Iowa
"WELTE, FRANK","Danbury, Iowa


                    United States",0.17,Cattle,Iowa
"Lansing, Neil","West Union, Iowa


                    United States",0.17,Cattle,Iowa
"HARNESS, STUART KENT","Mount Sterling, Iowa


                    United States",0.17,Cattle,Iowa
"SILVER LEAF FARMS, INC.","Kalona, Iowa


                    United States",0.17,Cattle,Iowa
"DE VRIES, GLENN","Alton, Iowa


                    United States",0.17,Cattle,Iowa
"REITER, DANIEL","La Porte City, Iowa


                    United States",0.17,Cattle,Iowa
"SHEEDER CLOVERLEAF DAIRY, LLC","Guthrie Center, Iowa


                    United States",0.17,Cattle,Iowa
"Buhr, John","Garrison, Iowa


                    United States",0.17,Cattle,Iowa
"Hargens, Louie","Schleswig, Iowa


                    United States",0.17,Cattle,Iowa
"JECKLIN, Gary Farm","Durango, Iowa


                    United States",0.17,Cattle,Iowa
"GRAVETT, DEBRA DARLENE","Bloomfield, Iowa


                    United States",0.17,Cattle,Iowa
"BULL, RICHARD","Palo, Iowa


                    United States",0.17,Cattle,Iowa
"Happel, James","Vinton, Iowa


                    United States",0.17,Cattle,Iowa
"Brimeyer, William","Sherrill, Iowa


                    United States",0.17,Cattle,Iowa
"WETJEN, G","Williamsburg, Iowa


                    United States",0.17,Cattle,Iowa
"Mobley, Ronald","Benton, Iowa


                    United States",0.18,Cattle,Iowa
Clark Ag Marketing Service,"Sioux City, Iowa


                    United States",0.18,Cattle,Iowa
"Regancrest Holsteins, LLC","Waukon, Iowa


                    United States",0.18,Cattle,Iowa
"BROWN FEEDLOT, INC.","Webb, Iowa


                    United States",0.18,Cattle,Iowa
"Goranson Farms, Inc.","Red Oak, Iowa


                    United States",0.18,Cattle,Iowa
ROBISON INC.,"Cantril, Iowa


                    United States",0.18,Cattle,Iowa
"Corey Cattle Farms, LLC","Lake City, Iowa


                    United States",0.18,Cattle,Iowa
"TURNIS, C","Peosta, Iowa


                    United States",0.18,Cattle,Iowa
"EHLERS FARMS, LTD.","Newell, Iowa


                    United States",0.18,Cattle,Iowa
"CROWLEY FARMS, INC.","Coggon, Iowa


                    United States",0.18,Cattle,Iowa
"DOUBLE D DAIRY, INC.","Holy Cross, Iowa


                    United States",0.18,Cattle,Iowa
"RICHTER, Marvin","Silver City, Iowa


                    United States",0.18,Cattle,Iowa
"Bickel Farms, LLLP","Diagonal, Iowa


                    United States",0.18,Cattle,Iowa
The Kaisand Farms Corporation,"Kellogg, Iowa


                    United States",0.18,Cattle,Iowa
"MCDONALD, JAMES M","Preston, Iowa


                    United States",0.18,Cattle,Iowa
HARLAN SCHAEFER,"Mc Intire, Iowa


                    United States",0.18,Cattle,Iowa
"L.D.L. ACRES, INC.","Curlew, Iowa


                    United States",0.18,Cattle,Iowa
"Rickelman, Warren","Fort Madison, Iowa


                    United States",0.18,Cattle,Iowa
"Skarda, R Duane","Afton, Iowa


                    United States",0.18,Cattle,Iowa
"DOTY, Merle","Grinnell, Iowa


                    United States",0.18,Cattle,Iowa
POLLPETER BROTHERS INC.,"Fort Madison, Iowa


                    United States",0.18,Cattle,Iowa
M Dale Farms,"Albert City, Iowa


                    United States",0.18,Cattle,Iowa
"Lingle, Ramon","Manilla, Iowa


                    United States",0.18,Cattle,Iowa
Stan Van Der Horse,"Hedrick, Iowa


                    United States",0.18,Cattle,Iowa
Rice Farm Products,"Greenfield, Iowa


                    United States",0.18,Cattle,Iowa
"THOMPSON, CHESTER","Inwood, Iowa


                    United States",0.18,Cattle,Iowa
JOEL & TRUDY WILSON,"Miles, Iowa


                    United States",0.18,Cattle,Iowa
"SCHARFENKAMP, TOM","Carroll, Iowa


                    United States",0.18,Cattle,Iowa
"Vangen, Gary P Farm","Lynnville, Iowa


                    United States",0.18,Cattle,Iowa
"KRAMBEER, LINDSEY","Farmersburg, Iowa


                    United States",0.18,Cattle,Iowa
"Westerkamp, Howard & Vance","Pella, Iowa


                    United States",0.18,Cattle,Iowa
"Lasek Farms, Inc.","Ainsworth, Iowa


                    United States",0.18,Cattle,Iowa
"KNAPP, KEVIN G","Larchwood, Iowa


                    United States",0.18,Cattle,Iowa
MEYERS DAIRY AND SERVICE LIMITED PARTNERSHIP,"Dallas Center, Iowa


                    United States",0.18,Cattle,Iowa
FRERICKS BROS. INC.,"Remsen, Iowa


                    United States",0.18,Cattle,Iowa
J&G FARMS INC,"Remsen, Iowa


                    United States",0.18,Cattle,Iowa
Dairy Venture LLC,"Central City, Iowa


                    United States",0.18,Cattle,Iowa
"Young, Marvin","Garner, Iowa


                    United States",0.18,Cattle,Iowa
"Gerdes, Mark","Aredale, Iowa


                    United States",0.18,Cattle,Iowa
"VOBR, ROBERT","Cresco, Iowa


                    United States",0.18,Cattle,Iowa
"STEINKE, MARK","Gibson, Iowa


                    United States",0.18,Cattle,Iowa
"Wagner, Robert","Rolfe, Iowa


                    United States",0.18,Cattle,Iowa
"Schnuelle, Ricky","Castalia, Iowa


                    United States",0.18,Cattle,Iowa
"Kurt, Ron Farms","Cascade, Iowa


                    United States",0.18,Cattle,Iowa
"Schneider, Gary","West Bend, Iowa


                    United States",0.18,Cattle,Iowa
"DICKERSON ENTERPRISES, INC.","Corydon, Iowa


                    United States",0.18,Cattle,Iowa
"R. J. O'ROURKE STOCK FARMS, INC.","North English, Iowa


                    United States",0.18,Cattle,Iowa
"CORRIN, CRAIG E","Neola, Iowa


                    United States",0.18,Cattle,Iowa
JEFF BERENS,"Dunlap, Iowa


                    United States",0.18,Cattle,Iowa
"Hageman, Milan","Ossian, Iowa


                    United States",0.18,Cattle,Iowa
"Neyen, Al","Epworth, Iowa


                    United States",0.19,Cattle,Iowa
"Claussen, Inc","Grand Mound, Iowa


                    United States",0.19,Cattle,Iowa
ROBERT BURESH & SONS CORP.,"Oxford Junction, Iowa


                    United States",0.19,Cattle,Iowa
"Weers, Virgil A","Center Junction, Iowa


                    United States",0.19,Cattle,Iowa
SHARP CRAIG R,"La Porte City, Iowa


                    United States",0.19,Cattle,Iowa
"MONTROSS, CHRISTOPHER LYNN","Williamsburg, Iowa


                    United States",0.19,Cattle,Iowa
"FRANKS, KENT R","Saint Olaf, Iowa


                    United States",0.19,Cattle,Iowa
JAY M BEHN,"Hampton, Iowa


                    United States",0.19,Cattle,Iowa
"GRADY FARMS DAIRY, INC.","Waterloo, Iowa


                    United States",0.19,Cattle,Iowa
RUDEBECK FAMILY FARM,"Janesville, Iowa


                    United States",0.19,Cattle,Iowa
"CAULKINS FARMS, INC.","Collins, Iowa


                    United States",0.19,Cattle,Iowa
"JOHNSTON, NED","Rippey, Iowa


                    United States",0.19,Cattle,Iowa
THOMAS J BERGFELD,"Zwingle, Iowa


                    United States",0.19,Cattle,Iowa
Caffy Farms Inc,"Anamosa, Iowa


                    United States",0.19,Cattle,Iowa
"Brandt, Robert E","Postville, Iowa


                    United States",0.19,Cattle,Iowa
ROSDAIL DONALD T,"Marion, Iowa


                    United States",0.19,Cattle,Iowa
"BLASER, JAMES & LANA","Stacyville, Iowa


                    United States",0.19,Cattle,Iowa
"LUNDQUIST, Terry","Corning, Iowa


                    United States",0.19,Cattle,Iowa
MM&L Farms,"Kalona, Iowa


                    United States",0.19,Cattle,Iowa
T-BAR-K Farm,"Lake Park, Iowa


                    United States",0.19,Cattle,Iowa
Hoogland Farm,"Orange City, Iowa


                    United States",0.19,Cattle,Iowa
"B & B DAIRY, L.L.C.","Tripoli, Iowa


                    United States",0.19,Cattle,Iowa
TROENDLE Farm,"Waterville, Iowa


                    United States",0.19,Cattle,Iowa
"DIETZ, PAUL","Plainfield, Iowa


                    United States",0.19,Cattle,Iowa
"LOCH, JASON W","Zwingle, Iowa


                    United States",0.19,Cattle,Iowa
"Offerman, Edward","Coggon, Iowa


                    United States",0.19,Cattle,Iowa
"Elsbernd Acres, Inc.","Calmar, Iowa


                    United States",0.19,Cattle,Iowa
"NICKELL, MIKE","Allerton, Iowa


                    United States",0.19,Cattle,Iowa
"RONALD SCHULTZ & SONS, INC.","Melvin, Iowa


                    United States",0.19,Cattle,Iowa
"LANGBEIN FARMS, INC.","Sac City, Iowa


                    United States",0.19,Cattle,Iowa
"WATERS FAMILY, LTD.","West Branch, Iowa


                    United States",0.19,Cattle,Iowa
Hollopeter Farms,"Ladora, Iowa


                    United States",0.19,Cattle,Iowa
"Bieber, Peter & Sons","Waukon, Iowa


                    United States",0.19,Cattle,Iowa
"BRUENE ENTERPRISES, LTD.","Gladbrook, Iowa


                    United States",0.19,Cattle,Iowa
Welch Farm,"Bedford, Iowa


                    United States",0.19,Cattle,Iowa
VOORST,"Sioux Center, Iowa


                    United States",0.19,Cattle,Iowa
"R. HOSCH, INC.","Cascade, Iowa


                    United States",0.19,Cattle,Iowa
"Rolling S Farms, Inc.","Donnellson, Iowa


                    United States",0.18,Cattle,Iowa
"DAVELAAR, MARK A","Maurice, Iowa


                    United States",0.18,Cattle,Iowa
"MCCLAIN, RICHARD W","Villisca, Iowa


                    United States",0.18,Cattle,Iowa
"BLACKFORD FARMS, INC.","Marion, Iowa


                    United States",0.18,Cattle,Iowa
"BERG, KENDRICK","Osage, Iowa


                    United States",0.18,Cattle,Iowa
"HAYES, Nicholas","Arlington, Iowa


                    United States",0.18,Cattle,Iowa
"HUNT, Keith","Earlville, Iowa


                    United States",0.18,Cattle,Iowa
"EKLUND, CARL C.","Shannon City, Iowa


                    United States",0.18,Cattle,Iowa
"Hasler, Robert","Monticello, Iowa


                    United States",0.18,Cattle,Iowa
"O'HARE, MICHAEL F & VIRGINIA","Lansing, Iowa


                    United States",0.18,Cattle,Iowa
"BRYANT, JAMES L","Parnell, Iowa


                    United States",0.18,Cattle,Iowa
OJIBWAY LIMOUSIN,"Creston, Iowa


                    United States",0.18,Cattle,Iowa
"TLC CATTLE COMPANY, L.L.C.","Atlantic, Iowa


                    United States",0.18,Cattle,Iowa
"Haberl, Gary","Lohrville, Iowa


                    United States",0.2,Cattle,Iowa
O'CONNELL JOHN H PERI A,"Durango, Iowa


                    United States",0.2,Cattle,Iowa
Richard Birdsell,"Postville, Iowa


                    United States",0.2,Cattle,Iowa
"Schroeder, Hermie","Guttenberg, Iowa


                    United States",0.2,Cattle,Iowa
"Menne, Jason","Postville, Iowa


                    United States",0.2,Cattle,Iowa
"ADAWAY DAIRY, LLC","Waucoma, Iowa


                    United States",0.2,Cattle,Iowa
"Kool, Roger","Albia, Iowa


                    United States",0.2,Cattle,Iowa
"Stoller, Craig","Bloomfield, Iowa


                    United States",0.2,Cattle,Iowa
"WEBER, ROBERT J.","Bellevue, Iowa


                    United States",0.2,Cattle,Iowa
"BAKER'S BACON BARNS, INC.","Clearfield, Iowa


                    United States",0.2,Cattle,Iowa
"KRULL, RYAN LEO","George, Iowa


                    United States",0.2,Cattle,Iowa
"KITZEROW, NICOLE","Saint Charles, Iowa


                    United States",0.2,Cattle,Iowa
"OGBURN, WILLIAM D","Corning, Iowa


                    United States",0.2,Cattle,Iowa
"LONESOME PINE DAIRY, INC.","Rock Valley, Iowa


                    United States",0.2,Cattle,Iowa
"Schmelzer, Paul Farm","Ridgeway, Iowa


                    United States",0.2,Cattle,Iowa
"Lundt, Marc","Cushing, Iowa


                    United States",0.2,Cattle,Iowa
"KLOSTERMANN, CHRIS R","Manchester, Iowa


                    United States",0.2,Cattle,Iowa
"SCHERER, ROBERT D","Davenport, Iowa


                    United States",0.2,Cattle,Iowa
"LEIGHTON FARMS, LTD.","Griswold, Iowa


                    United States",0.2,Cattle,Iowa
"Kurtenbach, Joel Donald","Wyoming, Iowa


                    United States",0.2,Cattle,Iowa
"FEHR, GREG DANIEL","West Bend, Iowa


                    United States",0.2,Cattle,Iowa
"Klodt Holstein Farms, Inc.","Ottumwa, Iowa


                    United States",0.19,Cattle,Iowa
"HECKETHORN, JOSEPH FARM","Stockport, Iowa


                    United States",0.19,Cattle,Iowa
"Fenneman, Chris","Clarksville, Iowa


                    United States",0.19,Cattle,Iowa
"Kremer, Jerry","Dubuque, Iowa


                    United States",0.19,Cattle,Iowa
"Cronin, Mark","Marcus, Iowa


                    United States",0.19,Cattle,Iowa
"COLE, JAMES","Hopkinton, Iowa


                    United States",0.19,Cattle,Iowa
KSB Farms Inc,"Melvin, Iowa


                    United States",0.19,Cattle,Iowa
"FEHR,RYAN D","West Bend, Iowa


                    United States",0.19,Cattle,Iowa
"S & S FARMS, INC.","Storm Lake, Iowa


                    United States",0.19,Cattle,Iowa
Muller Farms,"Monticello, Iowa


                    United States",0.19,Cattle,Iowa
"McNulty, Robert","Watkins, Iowa


                    United States",0.19,Cattle,Iowa
B & J FARM CORP.,"West Point, Iowa


                    United States",0.19,Cattle,Iowa
D & L Heilman Corp,"Melvin, Iowa


                    United States",0.19,Cattle,Iowa
"Hennings, Larry","Hartley, Iowa


                    United States",0.19,Cattle,Iowa
"VG DAIRY, LLC","Hull, Iowa


                    United States",0.19,Cattle,Iowa
"NOSBISCH, Dale","Ionia, Iowa


                    United States",0.19,Cattle,Iowa
FRANZEN BROS,"Alpha, Iowa


                    United States",0.19,Cattle,Iowa
"Banzhaf, John","Readlyn, Iowa


                    United States",0.19,Cattle,Iowa
LANGSTRAAT CORP.,"Otley, Iowa


                    United States",0.19,Cattle,Iowa
"Dunne, Jack","La Motte, Iowa


                    United States",0.19,Cattle,Iowa
WILLY CORRIN,"Neola, Iowa


                    United States",0.19,Cattle,Iowa
"MCCABE, DANIEL JOHN","Sheldon, Iowa


                    United States",0.19,Cattle,Iowa
STEINLAGE JAMES A,"Hawkeye, Iowa


                    United States",0.19,Cattle,Iowa
"Cook's Meat Locker, L.L.C.","Parnell, Iowa


                    United States",0.19,Cattle,Iowa
"HILDEBRANDT FARMS, INC.","Sumner, Iowa


                    United States",0.19,Cattle,Iowa
Nicholson Dairy,"Nodaway, Iowa


                    United States",0.19,Cattle,Iowa
"RIDER FARMS, INC.","Farmington, Iowa


                    United States",0.19,Cattle,Iowa
"Larson, Marvin & Jannis","Rudd, Iowa


                    United States",0.19,Cattle,Iowa
"Phillips, Lynn","Manning, Iowa


                    United States",0.19,Cattle,Iowa
"LUBBEN WHITE OAK FARMS, INC.","Monticello, Iowa


                    United States",0.21,Cattle,Iowa
"LEINEN, Randy","Harlan, Iowa


                    United States",0.21,Cattle,Iowa
"DAVIS, JACK D","Bloomfield, Iowa


                    United States",0.21,Cattle,Iowa
"Blume, Mike","Guttenberg, Iowa


                    United States",0.21,Cattle,Iowa
"LASACK, BRAD","Oxford Junction, Iowa


                    United States",0.21,Cattle,Iowa
BEAUCHAMP Farms,"Moorhead, Iowa


                    United States",0.21,Cattle,Iowa
"GRIDLEY, A C INC","Villisca, Iowa


                    United States",0.21,Cattle,Iowa
Uhl Farms,"Battle Creek, Iowa


                    United States",0.2,Cattle,Iowa
"Holdgrafer, Thomas","Spragueville, Iowa


                    United States",0.2,Cattle,Iowa
"GROUT, BOB A & LILA J","Kalona, Iowa


                    United States",0.2,Cattle,Iowa
Tripp Brothers,"Schaller, Iowa


                    United States",0.2,Cattle,Iowa
NEUBAUER FARMS,"Fairfield, Iowa


                    United States",0.2,Cattle,Iowa
"JOEL P. MOELLERS, INC.","Cresco, Iowa


                    United States",0.2,Cattle,Iowa
Enyart Farms LLC,"Postville, Iowa


                    United States",0.2,Cattle,Iowa
Buchholz Dairy Farm,"Waverly, Iowa


                    United States",0.2,Cattle,Iowa
"FUNKE ACRES, INC.","Dyersville, Iowa


                    United States",0.2,Cattle,Iowa
"DRY CREEK FARMS, INC.","Rock Valley, Iowa


                    United States",0.2,Cattle,Iowa
"Zenor, Mort","Moville, Iowa


                    United States",0.2,Cattle,Iowa
"WEBER BROTHERS DAIRY, INC.","Bernard, Iowa


                    United States",0.2,Cattle,Iowa
"GRAGE TRUCKING, L.L.C.","Remsen, Iowa


                    United States",0.2,Cattle,Iowa
"L & L AYRSHIRE FARM, INC.","Stockport, Iowa


                    United States",0.2,Cattle,Iowa
"S & N Family Farms, Inc.","Farley, Iowa


                    United States",0.2,Cattle,Iowa
Topf Ranch,"Charter Oak, Iowa


                    United States",0.2,Cattle,Iowa
"ARCHER, PHILIP","Bloomfield, Iowa


                    United States",0.2,Cattle,Iowa
"BUBBA, INC.","Ute, Iowa


                    United States",0.2,Cattle,Iowa
"HILL TOP DAIRY, INC.","Mount Pleasant, Iowa


                    United States",0.2,Cattle,Iowa
"FOSSUM, JULIE M","Waterville, Iowa


                    United States",0.2,Cattle,Iowa
"Shull, Mark","Onawa, Iowa


                    United States",0.2,Cattle,Iowa
"SYNHORST LIVESTOCK & GRAIN, INC.","Knoxville, Iowa


                    United States",0.2,Cattle,Iowa
"VANDER WAAL BROTHERS, INC.","Hull, Iowa


                    United States",0.2,Cattle,Iowa
"HOEGER VALLEY FARM, INC.","Dyersville, Iowa


                    United States",0.2,Cattle,Iowa
"McCormick, Kenneth L","Waterville, Iowa


                    United States",0.2,Cattle,Iowa
SHODEL INC.,"Delhi, Iowa


                    United States",0.2,Cattle,Iowa
SUNDERMAN FARMS,"New Market, Iowa


                    United States",0.2,Cattle,Iowa
BF Cattle Company,"Waukee, Iowa


                    United States",0.2,Cattle,Iowa
Bergfeld Farms,"Bernard, Iowa


                    United States",0.2,Cattle,Iowa
"Schneider, Craig","Muscatine, Iowa


                    United States",0.2,Cattle,Iowa
BRESNAHAN Farm,"Dorchester, Iowa


                    United States",0.2,Cattle,Iowa
"Wilson, Clifford","Moorhead, Iowa


                    United States",0.2,Cattle,Iowa
"J F BRAND, INC.","Grinnell, Iowa


                    United States",0.2,Cattle,Iowa
DE MEULENAERE FARM,"Hartwick, Iowa


                    United States",0.2,Cattle,Iowa
"SHARFF FARMS, INC.","Fayette, Iowa


                    United States",0.2,Cattle,Iowa
"RUSKELL, INC.","Marshalltown, Iowa


                    United States",0.2,Cattle,Iowa
"KELCHEN, BRUCE farm","New Vienna, Iowa


                    United States",0.2,Cattle,Iowa
"Kay, Todd","Albert City, Iowa


                    United States",0.2,Cattle,Iowa
DIAMOND 28 FAMILY FARM LIMITED PARTNERSHIP,"Galva, Iowa


                    United States",0.2,Cattle,Iowa
"FRUNDLE, Richard","Montour, Iowa


                    United States",0.2,Cattle,Iowa
"PHELPS, DAN","Red Oak, Iowa


                    United States",0.2,Cattle,Iowa
"Main, Donald","Independence, Iowa


                    United States",0.2,Cattle,Iowa
M & M DAIRY,"Anamosa, Iowa


                    United States",0.2,Cattle,Iowa
Weber Dairy,"Delhi, Iowa


                    United States",0.22,Cattle,Iowa
"S & B FEEDYARD, INC.","Macedonia, Iowa


                    United States",0.22,Cattle,Iowa
"Stoberl, Randy","Manning, Iowa


                    United States",0.22,Cattle,Iowa
"LINDBERG, DANNY G","Villisca, Iowa


                    United States",0.22,Cattle,Iowa
"McCart, Kent","Eagle Grove, Iowa


                    United States",0.22,Cattle,Iowa
"CLARK LIVESTOCK FARMS, INC.","La Porte City, Iowa


                    United States",0.21,Cattle,Iowa
"DEICHMANN, IRV","Marcus, Iowa


                    United States",0.21,Cattle,Iowa
"Bellmann, Dennis J","Dubuque, Iowa


                    United States",0.21,Cattle,Iowa
"STRAWHACKER, MARK","Wapello, Iowa


                    United States",0.21,Cattle,Iowa
PLEASANT HILL DAIRY/REPAIR,"Kalona, Iowa


                    United States",0.21,Cattle,Iowa
Johsonview Farms,"Postville, Iowa


                    United States",0.21,Cattle,Iowa
"INDIAN CREEK FARMS, INC.","Atlantic, Iowa


                    United States",0.21,Cattle,Iowa
GOODMAN FARM CORPORATION,"Marshalltown, Iowa


                    United States",0.21,Cattle,Iowa
"De Jager, Allen","Ireton, Iowa


                    United States",0.21,Cattle,Iowa
"Meyer, Zenas","Cresco, Iowa


                    United States",0.21,Cattle,Iowa
Kris-Del Farms Inc,"Davenport, Iowa


                    United States",0.21,Cattle,Iowa
"Martz, Keith","Blue Grass, Iowa


                    United States",0.21,Cattle,Iowa
"Moon, Ricky  Dairy","Luana, Iowa


                    United States",0.21,Cattle,Iowa
"DAVISON, M. SCOTT","Braddyville, Iowa


                    United States",0.21,Cattle,Iowa
"Van Middendorp, Todd L","Hull, Iowa


                    United States",0.21,Cattle,Iowa
"ROEMEN, JESSE LEE","Larchwood, Iowa


                    United States",0.21,Cattle,Iowa
JANECHEK RICHARD P DENIS,"Cresco, Iowa


                    United States",0.21,Cattle,Iowa
Bruning Dairy Farm,"Red Oak, Iowa


                    United States",0.21,Cattle,Iowa
"PAGEL, Joel","Hawkeye, Iowa


                    United States",0.21,Cattle,Iowa
"Hoogendoorn, Peter","Inwood, Iowa


                    United States",0.21,Cattle,Iowa
"GL FARMS, INC.","Le Mars, Iowa


                    United States",0.21,Cattle,Iowa
"Kerndt, Gregory","Waukon, Iowa


                    United States",0.21,Cattle,Iowa
"KASPARBAUER, DENNIS","Manning, Iowa


                    United States",0.21,Cattle,Iowa
"REINKE, Robert","New Albin, Iowa


                    United States",0.21,Cattle,Iowa
"KIRBY'S FARMS, INC.","Onslow, Iowa


                    United States",0.21,Cattle,Iowa
"Jacobs, Daisy","Saint Charles, Iowa


                    United States",0.21,Cattle,Iowa
"EILERS BROTHERS, CORP.","Clarinda, Iowa


                    United States",0.21,Cattle,Iowa
"Van Kooten, Dean A","Kellogg, Iowa


                    United States",0.21,Cattle,Iowa
"LILJEDAHL FARMS, INC.","Essex, Iowa


                    United States",0.21,Cattle,Iowa
Daugherty Farm,"Centerville, Iowa


                    United States",0.21,Cattle,Iowa
Cheers Farms,"Afton, Iowa


                    United States",0.21,Cattle,Iowa
"Reiste, Carl Farm","Adel, Iowa


                    United States",0.21,Cattle,Iowa
HOUSTON FARMS CORP.,"Wever, Iowa


                    United States",0.21,Cattle,Iowa
Kraus Farms,"Guttenberg, Iowa


                    United States",0.21,Cattle,Iowa
"Ver Ploeg Farms, Inc.","Pella, Iowa


                    United States",0.21,Cattle,Iowa
"Downing, Robert Farm","Linden, Iowa


                    United States",0.21,Cattle,Iowa
COREY AGR. INC. OF LYTTON,"Lytton, Iowa


                    United States",0.21,Cattle,Iowa
"Mathisen, Todd","Cylinder, Iowa


                    United States",0.21,Cattle,Iowa
"MOELLERS, KURT","Ridgeway, Iowa


                    United States",0.21,Cattle,Iowa
Franzen's Dairy,"Fort Atkinson, Iowa


                    United States",0.21,Cattle,Iowa
Hackman Brothers,"Fort Atkinson, Iowa


                    United States",0.21,Cattle,Iowa
"DELTURN, INC.","Monticello, Iowa


                    United States",0.21,Cattle,Iowa
"GATTON, STEVEN A","Delta, Iowa


                    United States",0.21,Cattle,Iowa
Mccoy Farms,"Clarinda, Iowa


                    United States",0.21,Cattle,Iowa
"LAKEVIEW PORK FARMS, INC.","Richland, Iowa


                    United States",0.21,Cattle,Iowa
WEAVER & WEAVER,"Moville, Iowa


                    United States",0.22,Cattle,Iowa
"WHITFORD DAIRY, LLC","Volga, Iowa


                    United States",0.22,Cattle,Iowa
"ROCK N SONS, INC.","Swea City, Iowa


                    United States",0.22,Cattle,Iowa
Joel Bleeker,"Rock Valley, Iowa


                    United States",0.22,Cattle,Iowa
"CRANSTON, Donald farm","Deep River, Iowa


                    United States",0.22,Cattle,Iowa
"SPOERL BROTHERS DAIRY, INC.","Sherrill, Iowa


                    United States",0.22,Cattle,Iowa
"TF Cattle, LLC","Eldon, Iowa


                    United States",0.22,Cattle,Iowa
"D AND S STOCK FARMS, INC.","Little Rock, Iowa


                    United States",0.22,Cattle,Iowa
SYLVIA PRUISMANN,"Rock Valley, Iowa


                    United States",0.22,Cattle,Iowa
"Pringnitz, Douglas","Spirit Lake, Iowa


                    United States",0.22,Cattle,Iowa
"OSWALD, DON","Manson, Iowa


                    United States",0.22,Cattle,Iowa
"PLEASANT VALLEY WOODS, INC.","Carroll, Iowa


                    United States",0.22,Cattle,Iowa
Wemark Dairy,"Ridgeway, Iowa


                    United States",0.22,Cattle,Iowa
"GREAT - HERITAGE HOLSTEINS, INC.","Sibley, Iowa


                    United States",0.22,Cattle,Iowa
"OWEGO DAIRY, LLC","Salix, Iowa


                    United States",0.22,Cattle,Iowa
"BELKNAP FARMS, INC.","Mediapolis, Iowa


                    United States",0.22,Cattle,Iowa
"GROESBECK, RUSSEL W","Charles City, Iowa


                    United States",0.22,Cattle,Iowa
Kerrigan Brothers,"Afton, Iowa


                    United States",0.22,Cattle,Iowa
FIER FARM,"Maquoketa, Iowa


                    United States",0.22,Cattle,Iowa
"TE GROOTENHUIS, KIRK EVAN","Alton, Iowa


                    United States",0.22,Cattle,Iowa
"Meendering, Daryl & Paula","Hull, Iowa


                    United States",0.22,Cattle,Iowa
"BLUE SPRUCE FEEDLOTS, INC.","Henderson, Iowa


                    United States",0.22,Cattle,Iowa
"Brehm, Ken","Holy Cross, Iowa


                    United States",0.22,Cattle,Iowa
"FETTERS, JERRY","Seymour, Iowa


                    United States",0.22,Cattle,Iowa
"CURTIN, JOHN FARM","Lansing, Iowa


                    United States",0.22,Cattle,Iowa
"Zuetenhorst, Darryl","Hawarden, Iowa


                    United States",0.22,Cattle,Iowa
LYN FARM FOUNDATION,"Rockwell City, Iowa


                    United States",0.22,Cattle,Iowa
"BORMANN, FRANCIS","Livermore, Iowa


                    United States",0.22,Cattle,Iowa
"Honkomp, Ron","Earlville, Iowa


                    United States",0.22,Cattle,Iowa
"KELLEY FARMS, INC.","Terril, Iowa


                    United States",0.22,Cattle,Iowa
Empire Land & Cattle Inc.,"Dunlap, Iowa


                    United States",0.22,Cattle,Iowa
"BUSKOHL, MARK","Grundy Center, Iowa


                    United States",0.22,Cattle,Iowa
"Metzger, Marvin","Rock Rapids, Iowa


                    United States",0.22,Cattle,Iowa
"WILSON, ZACH REED","Ocheyedan, Iowa


                    United States",0.22,Cattle,Iowa
"ZUCK, PAM","Jesup, Iowa


                    United States",0.22,Cattle,Iowa
"Gansemer, Ron","Sherrill, Iowa


                    United States",0.22,Cattle,Iowa
"JEGLUM, BRIAN","Waterville, Iowa


                    United States",0.22,Cattle,Iowa
"KUENNEN CUSTOM FARMS, L. L. C.","Fort Atkinson, Iowa


                    United States",0.22,Cattle,Iowa
ROBERT REEG,"Bellevue, Iowa


                    United States",0.22,Cattle,Iowa
SNOW ROCK DAIRIES L.L.C.,"Clarksville, Iowa


                    United States",0.22,Cattle,Iowa
"Sorensen, Bruce","Lawton, Iowa


                    United States",0.22,Cattle,Iowa
"BANWART DAIRY, INC.","Ottosen, Iowa


                    United States",0.22,Cattle,Iowa
"LYLE G. MOLYNEUX & SONS, INC.","What Cheer, Iowa


                    United States",0.22,Cattle,Iowa
"RIENSCHE FARMS, INC.","Jesup, Iowa


                    United States",0.22,Cattle,Iowa
SCHIMMELS CLIFFORD & JOYCE,"Denver, Iowa


                    United States",0.22,Cattle,Iowa
"HAGEMAN, JOE","Waucoma, Iowa


                    United States",0.22,Cattle,Iowa
"KRAPFL, DAVID","New Vienna, Iowa


                    United States",0.22,Cattle,Iowa
"HANDY FARMS, INC.","Percival, Iowa


                    United States",0.22,Cattle,Iowa
SMITH DAIRY LLC,"Bonaparte, Iowa


                    United States",0.22,Cattle,Iowa
Harris Land & Livestock,"Moulton, Iowa


                    United States",0.22,Cattle,Iowa
"KRUKOW BROTHERS, L.L.C.","Princeton, Iowa


                    United States",0.24,Cattle,Iowa
"Frieden, Kevin J & James Frieden","Elgin, Iowa


                    United States",0.23,Cattle,Iowa
"Enerson, Arvin","Estherville, Iowa


                    United States",0.23,Cattle,Iowa
"Don Stickle and Sons Farms, Inc.","Cedar Rapids, Iowa


                    United States",0.23,Cattle,Iowa
"JENSEN-WHITE HILLSIDE DAIRY, LTD.","Clarksville, Iowa


                    United States",0.23,Cattle,Iowa
"Strottmann, Ronald","Readlyn, Iowa


                    United States",0.23,Cattle,Iowa
BURNS BRADEN,"Bloomfield, Iowa


                    United States",0.23,Cattle,Iowa
"Saliger, Leo","Farnhamville, Iowa


                    United States",0.23,Cattle,Iowa
J. J. SHIELDS INC.,"Lineville, Iowa


                    United States",0.23,Cattle,Iowa
"VAN PRICE, LEWIS","Clarinda, Iowa


                    United States",0.23,Cattle,Iowa
"Errthum, Marvin","Holy Cross, Iowa


                    United States",0.23,Cattle,Iowa
"MURPHY DAIRY FARMS, INC.","Farley, Iowa


                    United States",0.23,Cattle,Iowa
Maeder Management,"Greenfield, Iowa


                    United States",0.23,Cattle,Iowa
"Drees, Kenneth","Vail, Iowa


                    United States",0.23,Cattle,Iowa
"WINDING MEADOWS DAIRY, INC.","Rock Valley, Iowa


                    United States",0.23,Cattle,Iowa
"FLANDER, INC.","What Cheer, Iowa


                    United States",0.23,Cattle,Iowa
"LEWIS FARMS, LTD.","Orchard, Iowa


                    United States",0.23,Cattle,Iowa
"Neihaus, Ron Farms","Guttenberg, Iowa


                    United States",0.23,Cattle,Iowa
"Sikora, Joseph","Primghar, Iowa


                    United States",0.23,Cattle,Iowa
"JP & D FARMS, INC.","Cumming, Iowa


                    United States",0.23,Cattle,Iowa
"Grand River Cattle Co., L.L.C.","Grand River, Iowa


                    United States",0.23,Cattle,Iowa
"ZOSKE FARMS, INC.","Eldora, Iowa


                    United States",0.23,Cattle,Iowa
"Straight, Lori","Logan, Iowa


                    United States",0.23,Cattle,Iowa
"NETTINGA, Merrill","Hull, Iowa


                    United States",0.23,Cattle,Iowa
"AMBROSY, Cletus","Zwingle, Iowa


                    United States",0.23,Cattle,Iowa
"MANCO FARMS, INC.","Cascade, Iowa


                    United States",0.23,Cattle,Iowa
"hofland, jay","Sanborn, Iowa


                    United States",0.23,Cattle,Iowa
"CURT VANDER VEEN, LTD.","Ocheyedan, Iowa


                    United States",0.23,Cattle,Iowa
"Eberling, Kevin","Postville, Iowa


                    United States",0.23,Cattle,Iowa
"DREWELOW FARMS, INC.","Ionia, Iowa


                    United States",0.23,Cattle,Iowa
Albert Brothers,"Brandon, Iowa


                    United States",0.23,Cattle,Iowa
"Fedders, Robert","Doon, Iowa


                    United States",0.23,Cattle,Iowa
FOLKER FARMS LLC,"Farmington, Iowa


                    United States",0.23,Cattle,Iowa
BOWER CORP.,"Battle Creek, Iowa


                    United States",0.23,Cattle,Iowa
Wellhausen Farms Inc,"Clarinda, Iowa


                    United States",0.23,Cattle,Iowa
"MEITNER FAMILY FARMS, A LIMITED PARTNERSHIP","Saint Ansgar, Iowa


                    United States",0.23,Cattle,Iowa
HS FARMS LTD.,"Carroll, Iowa


                    United States",0.23,Cattle,Iowa
"BOWMAN FARMS, INC.","Maquoketa, Iowa


                    United States",0.23,Cattle,Iowa
"BEARD, DANIEL","Decorah, Iowa


                    United States",0.23,Cattle,Iowa
MELVIN SCHRADER,"Mapleton, Iowa


                    United States",0.23,Cattle,Iowa
"EDDY, WILLIAM","Osceola, Iowa


                    United States",0.23,Cattle,Iowa
"ZEE 5 FARMS, INC.","Atlantic, Iowa


                    United States",0.23,Cattle,Iowa
Pitz Farms,"Farley, Iowa


                    United States",0.23,Cattle,Iowa
"VAN VELDHUIZEN, STEPHANIE","Rock Rapids, Iowa


                    United States",0.23,Cattle,Iowa
"Bagge, Loras","Worthington, Iowa


                    United States",0.23,Cattle,Iowa
R & J Reiter,"Cascade, Iowa


                    United States",0.23,Cattle,Iowa
"SCHELLING DAIRY, INC.","Orange City, Iowa


                    United States",0.23,Cattle,Iowa
"Deutmeyer, Robert","Dyersville, Iowa


                    United States",0.23,Cattle,Iowa
"Hulstein, Glenn","Hull, Iowa


                    United States",0.23,Cattle,Iowa
"MEYTHALER FARMS, INC.","Marion, Iowa


                    United States",0.23,Cattle,Iowa
Roy McKenney,"Larchwood, Iowa


                    United States",0.24,Cattle,Iowa
"RAUSCH FARMS, INC.","Hartley, Iowa


                    United States",0.24,Cattle,Iowa
"LEO-LAND, INC.","Holstein, Iowa


                    United States",0.24,Cattle,Iowa
V & B Farms,"Doon, Iowa


                    United States",0.24,Cattle,Iowa
"OAK RIDGE FEED LOT, INC.","Milford, Iowa


                    United States",0.24,Cattle,Iowa
"CODDINGTON, DARRELL","Corydon, Iowa


                    United States",0.24,Cattle,Iowa
"RIVER RIDGE LIVESTOCK, LTD.","Larchwood, Iowa


                    United States",0.24,Cattle,Iowa
EL MAR DAIRY,"Gilmore City, Iowa


                    United States",0.24,Cattle,Iowa
"SCHUSTER, ROBERT","Zwingle, Iowa


                    United States",0.24,Cattle,Iowa
"J & G Olson Farms, Inc.","Winfield, Iowa


                    United States",0.24,Cattle,Iowa
Flying A Cattle Co,"Red Oak, Iowa


                    United States",0.24,Cattle,Iowa
Buman Farms,"Harlan, Iowa


                    United States",0.24,Cattle,Iowa
"Cumming, Alan","Moorhead, Iowa


                    United States",0.24,Cattle,Iowa
"ANTON FARMS, INC.","La Porte City, Iowa


                    United States",0.24,Cattle,Iowa
"Kooiker Dairy Farms, Inc.","Orange City, Iowa


                    United States",0.24,Cattle,Iowa
"BARTLING LAND & LIVESTOCK, INC.","Ackley, Iowa


                    United States",0.24,Cattle,Iowa
B&H CO,"Runnells, Iowa


                    United States",0.24,Cattle,Iowa
Altena Farm Inc,"Rock Valley, Iowa


                    United States",0.24,Cattle,Iowa
ROBERT A HARTMAN,"Durango, Iowa


                    United States",0.24,Cattle,Iowa
GOETTSCH FARM,"Galva, Iowa


                    United States",0.24,Cattle,Iowa
ANTHONY Bros Farm,"Holy Cross, Iowa


                    United States",0.24,Cattle,Iowa
"ALLEN FARMS, INC.","Akron, Iowa


                    United States",0.24,Cattle,Iowa
"Friest, Robert A","Hubbard, Iowa


                    United States",0.24,Cattle,Iowa
MASHEK DENNIS,"Calmar, Iowa


                    United States",0.24,Cattle,Iowa
"LINCOLN CENTER FARMS, INC.","Walnut, Iowa


                    United States",0.24,Cattle,Iowa
"STEFFENS, KEVIN FARM","Maynard, Iowa


                    United States",0.24,Cattle,Iowa
"SCHMITT DAIRY, INC.","Fort Atkinson, Iowa


                    United States",0.24,Cattle,Iowa
"RIES, CHARLES","Strawberry Point, Iowa


                    United States",0.24,Cattle,Iowa
"Regancrest Crop Operations, Inc.","Waukon, Iowa


                    United States",0.24,Cattle,Iowa
"THORLAND, STEPHEN","Thompson, Iowa


                    United States",0.24,Cattle,Iowa
Morningview Holsteins,"Durango, Iowa


                    United States",0.24,Cattle,Iowa
"RADIANCE DAIRY, LLC","Fairfield, Iowa


                    United States",0.24,Cattle,Iowa
Hart Farm,"Maquoketa, Iowa


                    United States",0.24,Cattle,Iowa
"Klingsheim, Galen E","Lime Springs, Iowa


                    United States",0.24,Cattle,Iowa
"BOTTJEN, GARRY","Kingsley, Iowa


                    United States",0.24,Cattle,Iowa
Nauman Farms,"Sherrill, Iowa


                    United States",0.24,Cattle,Iowa
"REITER, JEFF","Cascade, Iowa


                    United States",0.24,Cattle,Iowa
Swanson Farms,"Clarinda, Iowa


                    United States",0.24,Cattle,Iowa
"MEIER FAMILY FARM, INC.","Clarinda, Iowa


                    United States",0.24,Cattle,Iowa
"FEDDERS, MARK","Doon, Iowa


                    United States",0.24,Cattle,Iowa
"MURPHY, SHAWN","Melrose, Iowa


                    United States",0.24,Cattle,Iowa
Carson Feeders,"Carson, Iowa


                    United States",0.24,Cattle,Iowa
3M Weiben Farms,"Clutier, Iowa


                    United States",0.24,Cattle,Iowa
Stoll Farms Inc,"Cascade, Iowa


                    United States",0.24,Cattle,Iowa
"Rodgers, Kirk","Milton, Iowa


                    United States",0.24,Cattle,Iowa
"Havens,  Karen","Greenfield, Iowa


                    United States",0.24,Cattle,Iowa
D&R Feed Lot,"Sergeant Bluff, Iowa


                    United States",0.24,Cattle,Iowa
Profarm Inc,"Garner, Iowa


                    United States",0.24,Cattle,Iowa
RIESGAARD FARMS,"Exira, Iowa


                    United States",0.24,Cattle,Iowa
"OLSON LAND & LIVESTOCK CO., INC.","Wallingford, Iowa


                    United States",0.24,Cattle,Iowa
"D & S DAIRY, INC.","Calmar, Iowa


                    United States",0.25,Cattle,Iowa
"YODER, VERNON","Seymour, Iowa


                    United States",0.25,Cattle,Iowa
"WILWERT, RALPH","Holy Cross, Iowa


                    United States",0.25,Cattle,Iowa
"Van Voorst Dairy, L.L.C.","Sioux Center, Iowa


                    United States",0.25,Cattle,Iowa
"Kriener, Jerome","Fort Atkinson, Iowa


                    United States",0.25,Cattle,Iowa
"LINDSAY, DOUG","Masonville, Iowa


                    United States",0.25,Cattle,Iowa
"DAVIS-UNKRICH ENTERPRISES, INC.","Mediapolis, Iowa


                    United States",0.25,Cattle,Iowa
"Wagner, Donald","Farmersburg, Iowa


                    United States",0.25,Cattle,Iowa
"Dunn, Jay","Merrill, Iowa


                    United States",0.25,Cattle,Iowa
TRIPLE H FARMS CORP.,"Gladbrook, Iowa


                    United States",0.25,Cattle,Iowa
"Schmidt, Russell","Ireton, Iowa


                    United States",0.25,Cattle,Iowa
D D DAIRY,"Charlotte, Iowa


                    United States",0.25,Cattle,Iowa
LAYSON D LYNCH,"Bloomfield, Iowa


                    United States",0.25,Cattle,Iowa
Meyer Cattle Farm,"Ringsted, Iowa


                    United States",0.25,Cattle,Iowa
"Mierick, Dale","Alta Vista, Iowa


                    United States",0.25,Cattle,Iowa
"COOK, TROY JOHN","Bellevue, Iowa


                    United States",0.25,Cattle,Iowa
"E & M FARMS, INC.","Ossian, Iowa


                    United States",0.25,Cattle,Iowa
"VAN ZANTE LIVESTOCK, INC.","Eddyville, Iowa


                    United States",0.25,Cattle,Iowa
"Kroeger, Louis","Carroll, Iowa


                    United States",0.25,Cattle,Iowa
"WINTER FEEDLOTS, INC.","Akron, Iowa


                    United States",0.25,Cattle,Iowa
"SCHUSTER, Leonard","La Motte, Iowa


                    United States",0.25,Cattle,Iowa
"WALRIDGE CATTLE, INC.","Williamsburg, Iowa


                    United States",0.25,Cattle,Iowa
"Rumley, Lonnie","Leon, Iowa


                    United States",0.25,Cattle,Iowa
"Nus, Randy","Arlington, Iowa


                    United States",0.25,Cattle,Iowa
"ZITELMAN, DAVID","Strawberry Point, Iowa


                    United States",0.25,Cattle,Iowa
"Gaul, Leroy","Dyersville, Iowa


                    United States",0.25,Cattle,Iowa
"DOLECHECK, Roger farm","Ellston, Iowa


                    United States",0.25,Cattle,Iowa
Barry Farms,"Woodbine, Iowa


                    United States",0.24,Cattle,Iowa
"Medlang, Charles","Kensett, Iowa


                    United States",0.24,Cattle,Iowa
"Lawton, Doug","Jefferson, Iowa


                    United States",0.24,Cattle,Iowa
GIBSON & SONS INC,"Scranton, Iowa


                    United States",0.24,Cattle,Iowa
"Custom Comfort, INC","Oakland, Iowa


                    United States",0.24,Cattle,Iowa
"NOLIN, Dianna","Monroe, Iowa


                    United States",0.24,Cattle,Iowa
Bentley Cattle Company,"Osage Beach, Missouri


                    United States",0.24,Cattle,Iowa
"EINCK DAIRY, INC.","Fort Atkinson, Iowa


                    United States",0.24,Cattle,Iowa
DENNIS A SHOOP,"Anamosa, Iowa


                    United States",0.24,Cattle,Iowa
"WOLF, Brian","Epworth, Iowa


                    United States",0.24,Cattle,Iowa
"WEBER ACRES, LTD.","Ayrshire, Iowa


                    United States",0.24,Cattle,Iowa
WELLS INC.,"Milton, Iowa


                    United States",0.24,Cattle,Iowa
Black Soil Dairy LLC,"Granville, Iowa


                    United States",0.24,Cattle,Iowa
"Seeman, Larry","Woodward, Iowa


                    United States",0.24,Cattle,Iowa
"Johanningmeir, Steve","Monona, Iowa


                    United States",0.24,Cattle,Iowa
"WENDL, INC.","Carroll, Iowa


                    United States",0.24,Cattle,Iowa
"G & J FARMS, INC.","Hull, Iowa


                    United States",0.24,Cattle,Iowa
"KEHEAN, INC.","Wellman, Iowa


                    United States",0.24,Cattle,Iowa
"CLARAHAN, DENNIS","Harper, Iowa


                    United States",0.24,Cattle,Iowa
E R Peterson & Sons,"Albert City, Iowa


                    United States",0.24,Cattle,Iowa
"TOPF, DENNIS J","Charter Oak, Iowa


                    United States",0.24,Cattle,Iowa
"Cool, Richard","Henderson, Iowa


                    United States",0.24,Cattle,Iowa
ED SCHMIDT,"Whittemore, Iowa


                    United States",0.24,Cattle,Iowa
"CARLSON, RAYMOND","Stratford, Iowa


                    United States",0.26,Cattle,Iowa
"MOSER, KEITH A","Larchwood, Iowa


                    United States",0.26,Cattle,Iowa
SCHMIDT RANDY J,"Miles, Iowa


                    United States",0.26,Cattle,Iowa
"COBB, DANNY L","Chariton, Iowa


                    United States",0.26,Cattle,Iowa
"NVF LEASING, LLC","Nodaway, Iowa


                    United States",0.26,Cattle,Iowa
"GREINER, RONNIE","Douds, Iowa


                    United States",0.25,Cattle,Iowa
HEIN FARMING CORPORATION,"Stockton, Iowa


                    United States",0.25,Cattle,Iowa
"MAURER, CURTIS","Manchester, Iowa


                    United States",0.25,Cattle,Iowa
"DE HOOG DAIRY FARM, L.L.C.","Sioux Center, Iowa


                    United States",0.25,Cattle,Iowa
"R. & B. FARMS, INC.","Montezuma, Iowa


                    United States",0.25,Cattle,Iowa
MAQUOKETA LIVESTOCK SALES CORPORATION,"Maquoketa, Iowa


                    United States",0.25,Cattle,Iowa
FIVE M DAIRY,"Dorchester, Iowa


                    United States",0.25,Cattle,Iowa
"RAASCH FARMS, LTD.","Odebolt, Iowa


                    United States",0.25,Cattle,Iowa
"SUMMIT FARM, INC.","Lester, Iowa


                    United States",0.25,Cattle,Iowa
"REISZ FARMS, L.L.C.","Woodbine, Iowa


                    United States",0.25,Cattle,Iowa
"POLLEMA, BRADLEY","Rock Valley, Iowa


                    United States",0.25,Cattle,Iowa
"DIMIT FARMS, INC.","Grinnell, Iowa


                    United States",0.25,Cattle,Iowa
"EAGLE - VIEW DAIRY, L.L.C.","Nashua, Iowa


                    United States",0.25,Cattle,Iowa
"BLANKESPOOR, RANDELL","Rock Valley, Iowa


                    United States",0.25,Cattle,Iowa
"Sienknecht, Alan","Clutier, Iowa


                    United States",0.25,Cattle,Iowa
"Sprung, Randy Farm","Riceville, Iowa


                    United States",0.25,Cattle,Iowa
"Wilkinson, Russell","Selma, Iowa


                    United States",0.25,Cattle,Iowa
OAK HILL DAIRY,"Floyd, Iowa


                    United States",0.25,Cattle,Iowa
"Linkenmeyer Family Feeders, L.L.C.","Riceville, Iowa


                    United States",0.25,Cattle,Iowa
"Anderegg, Dave","Guttenberg, Iowa


                    United States",0.25,Cattle,Iowa
"Riverview Dairy, L.L.C.","Lansing, Iowa


                    United States",0.25,Cattle,Iowa
"SCHMIDT, DOUGLAS JAMES","Ocheyedan, Iowa


                    United States",0.25,Cattle,Iowa
RAPPENECKER THOMAS P & LAURIE,"Sperry, Iowa


                    United States",0.25,Cattle,Iowa
DYKSHORN FARM INC,"Ireton, Iowa


                    United States",0.25,Cattle,Iowa
"HULSHOF, Howard","Ireton, Iowa


                    United States",0.25,Cattle,Iowa
"R.T.B., INC.","Ashton, Iowa


                    United States",0.25,Cattle,Iowa
TIMOTHY P MILLER,"Blairstown, Iowa


                    United States",0.25,Cattle,Iowa
"PEARSON, CURT D","Corning, Iowa


                    United States",0.25,Cattle,Iowa
"BRUHN, Derek","Schleswig, Iowa


                    United States",0.25,Cattle,Iowa
"SHINE, DENNIS","Victor, Iowa


                    United States",0.25,Cattle,Iowa
"Manker, Greg","Moville, Iowa


                    United States",0.25,Cattle,Iowa
Nelson Farms,"Atlantic, Iowa


                    United States",0.25,Cattle,Iowa
C M L FARMS CORP.,"Mount Pleasant, Iowa


                    United States",0.25,Cattle,Iowa
"TRAVIS, BRUCE","Afton, Iowa


                    United States",0.25,Cattle,Iowa
ABEL RICK & Linda,"Hedrick, Iowa


                    United States",0.25,Cattle,Iowa
"NORTH FORK FARMS, INC.","Dyersville, Iowa


                    United States",0.25,Cattle,Iowa
"Fuhrmeister, Jerry","Iowa City, Iowa


                    United States",0.25,Cattle,Iowa
"VER MEER & UITERMARKT, LLC","Pella, Iowa


                    United States",0.25,Cattle,Iowa
"GIBBS FARMS, LLC","Greenfield, Iowa


                    United States",0.25,Cattle,Iowa
"Weber, Ronald","Farley, Iowa


                    United States",0.25,Cattle,Iowa
"OLDHAM FARMS, INC.","Tipton, Iowa


                    United States",0.25,Cattle,Iowa
"PURPLE COW DAIRY, LIMITED PARTNERSHIP","Garnavillo, Iowa


                    United States",0.25,Cattle,Iowa
"Adams, Ronald","Red Oak, Iowa


                    United States",0.25,Cattle,Iowa
"Solsma, Jay","Sanborn, Iowa


                    United States",0.25,Cattle,Iowa
"Vande Griend Dairy, Inc.","Hull, Iowa


                    United States",0.25,Cattle,Iowa
"Muff, Daniel","Dow City, Iowa


                    United States",0.29,Cattle,Iowa
"NORRIS, Kenneth","Bedford, Iowa


                    United States",0.29,Cattle,Iowa
"PETERSON ANGUS FARMS, INC.","Underwood, Iowa


                    United States",0.29,Cattle,Iowa
"Vogel, Brad","Lineville, Iowa


                    United States",0.29,Cattle,Iowa
"DEJAGER, DARWIN D","Doon, Iowa


                    United States",0.29,Cattle,Iowa
"VANKEKERIX, BRUCE","Rock Valley, Iowa


                    United States",0.29,Cattle,Iowa
"CAR, JEFF J FARMS INC","Boone, Iowa


                    United States",0.29,Cattle,Iowa
"BADGER, Brent farm","Bagley, Iowa


                    United States",0.29,Cattle,Iowa
"DOUBLE K FEEDLOT, INC.","Alvord, Iowa


                    United States",0.29,Cattle,Iowa
"DIEHL, MATT JORDAN","Osceola, Iowa


                    United States",0.29,Cattle,Iowa
"FLUIT, REBECCA","Inwood, Iowa


                    United States",0.28,Cattle,Iowa
"Frese, John E","Amana, Iowa


                    United States",0.28,Cattle,Iowa
"TRIPLE G FEEDLOT, INC.","Inwood, Iowa


                    United States",0.28,Cattle,Iowa
DAVID TIEFENTHALER,"Auburn, Iowa


                    United States",0.28,Cattle,Iowa
"HAINES, MARK L","Sigourney, Iowa


                    United States",0.28,Cattle,Iowa
CHRISTOPHER J JONES,"Ogden, Iowa


                    United States",0.28,Cattle,Iowa
BRAD DUCKWORTH,"Knoxville, Iowa


                    United States",0.28,Cattle,Iowa
"VOGEL, TODD N","Hartley, Iowa


                    United States",0.28,Cattle,Iowa
"ADAMS DAIRY, L.L.C.","Garnavillo, Iowa


                    United States",0.28,Cattle,Iowa
"Schatz Dairy Farms, LLC","Lime Springs, Iowa


                    United States",0.28,Cattle,Iowa
"ORY FARMS, INC.","Earlham, Iowa


                    United States",0.28,Cattle,Iowa
"Schmidt, Jerry","West Bend, Iowa


                    United States",0.28,Cattle,Iowa
"SCHUT FEEDLOT, INC.","Sioux Center, Iowa


                    United States",0.28,Cattle,Iowa
"Streets, Steve","Wyoming, Iowa


                    United States",0.28,Cattle,Iowa
"BLOUGH DAIRY, INC.","Waterloo, Iowa


                    United States",0.28,Cattle,Iowa
"Putz, Ed","Dyersville, Iowa


                    United States",0.28,Cattle,Iowa
The Moore Company,"Soldier, Iowa


                    United States",0.27,Cattle,Iowa
RENES DAIRY INC.,"Rock Valley, Iowa


                    United States",0.27,Cattle,Iowa
"K.C.B., L.L.C.","Cascade, Iowa


                    United States",0.27,Cattle,Iowa
S & S CATTLE COMPANY,"Council Bluffs, Iowa


                    United States",0.27,Cattle,Iowa
"Weighner Brothers, Inc.","Lansing, Iowa


                    United States",0.27,Cattle,Iowa
"Huitink, Harlan","Hospers, Iowa


                    United States",0.27,Cattle,Iowa
"WILLE, DONALD W","Garnavillo, Iowa


                    United States",0.27,Cattle,Iowa
LONNIE PLOEGER,"Pierson, Iowa


                    United States",0.27,Cattle,Iowa
CIRCLE S FARM CORP.,"Zearing, Iowa


                    United States",0.27,Cattle,Iowa
"O'NEILL ANGUS FARM, INC.","Logan, Iowa


                    United States",0.27,Cattle,Iowa
"WESTHOFF, PHIL","Dyersville, Iowa


                    United States",0.27,Cattle,Iowa
TMT Farms,"Lewis, Iowa


                    United States",0.26,Cattle,Iowa
"DAUGHTON, MATTHEW M.","Kellerton, Iowa


                    United States",0.26,Cattle,Iowa
"Zimmerman, Raymond Martin Jr","Cantril, Iowa


                    United States",0.26,Cattle,Iowa
JEFFREY GROENEWEG,"Inwood, Iowa


                    United States",0.26,Cattle,Iowa
"FRANCK, RON","Newhall, Iowa


                    United States",0.26,Cattle,Iowa
"LEMBERG, RANDY","Humboldt, Iowa


                    United States",0.26,Cattle,Iowa
"Gesell, Dale","Ridgeway, Iowa


                    United States",0.26,Cattle,Iowa
"KOTEK JR, JONATHAN","Osage, Iowa


                    United States",0.26,Cattle,Iowa
"Homan, Chris","Bellevue, Iowa


                    United States",0.26,Cattle,Iowa
"DURNAN, SHIRLEY A","Elgin, Iowa


                    United States",0.26,Cattle,Iowa
"MOGLER STOCK FARM, INC.","Alvord, Iowa


                    United States",0.26,Cattle,Iowa
SUMP FARMS LLC,"Clarinda, Iowa


                    United States",0.26,Cattle,Iowa
"B AND D CATTLE CO., INC.","Sigourney, Iowa


                    United States",0.26,Cattle,Iowa
"PORTER FARMS, INC.","Fairfield, Iowa


                    United States",0.38,Cattle,Iowa
"BARNES PRCA RODEO, INC.","Peterson, Iowa


                    United States",0.38,Cattle,Iowa
"Spencer, Stanley","Moravia, Iowa


                    United States",0.37,Cattle,Iowa
"WORRELL, RUSSELL","Smithland, Iowa


                    United States",0.37,Cattle,Iowa
"Bell, Lance","Weldon, Iowa


                    United States",0.37,Cattle,Iowa
"P. ZUBER, INC.","Williamsburg, Iowa


                    United States",0.37,Cattle,Iowa
"Dutch Charley Company, Inc","Dorchester, Iowa


                    United States",0.37,Cattle,Iowa
DAVIS BROS FARMS INC,"Moulton, Iowa


                    United States",0.37,Cattle,Iowa
DIAMOND T FARMS CORP.,"Guthrie Center, Iowa


                    United States",0.36,Cattle,Iowa
FAIRVIEW FEEDERS INC,"Inwood, Iowa


                    United States",0.36,Cattle,Iowa
EDLER FAMILY FARMS,"State Center, Iowa


                    United States",0.36,Cattle,Iowa
C&M FARMS,"Saint Charles, Iowa


                    United States",0.36,Cattle,Iowa
"NUMEDAHL, ROBERT farm","Ossian, Iowa


                    United States",0.35,Cattle,Iowa
"Kruse Dairy Farm, LLC","Dyersville, Iowa


                    United States",0.35,Cattle,Iowa
"Brumm Dairy, L.C.","Stacyville, Iowa


                    United States",0.35,Cattle,Iowa
Hansen Farms,"Manning, Iowa


                    United States",0.35,Cattle,Iowa
"STREIF DAIRY, INC.","West Union, Iowa


                    United States",0.35,Cattle,Iowa
"Peterson, Jeff","Thompson, Iowa


                    United States",0.35,Cattle,Iowa
"Spencer, Jackie L","Bedford, Iowa


                    United States",0.34,Cattle,Iowa
"MOMMSEN FARMS, INC.","Goose Lake, Iowa


                    United States",0.34,Cattle,Iowa
"Pedley, Keith","Ocheyedan, Iowa


                    United States",0.34,Cattle,Iowa
RHINEHART FARMS INC.,"Dallas Center, Iowa


                    United States",0.34,Cattle,Iowa
"Kessenich, Mark","Le Mars, Iowa


                    United States",0.34,Cattle,Iowa
"BANOWETZ,DARRYL DONNA J","Charlotte, Iowa


                    United States",0.33,Cattle,Iowa
"CREATIVE AGRICULTURE, INC.","Lansing, Iowa


                    United States",0.33,Cattle,Iowa
EILERS FARMS,"Scotch Grove, Iowa


                    United States",0.33,Cattle,Iowa
"TRIPLE M DAIRY, L.L.C.","West Union, Iowa


                    United States",0.33,Cattle,Iowa
"CINNAMON RIDGE, INC.","Donahue, Iowa


                    United States",0.33,Cattle,Iowa
"ALLEN, RODNEY","Nichols, Iowa


                    United States",0.32,Cattle,Iowa
"MASSMAN, JEREMY","Ossian, Iowa


                    United States",0.32,Cattle,Iowa
"Lauritsen, Don","Exira, Iowa


                    United States",0.32,Cattle,Iowa
"DURFLINGER, JOSH","Eldon, Iowa


                    United States",0.32,Cattle,Iowa
"Johannes, Paul Inc","Massena, Iowa


                    United States",0.32,Cattle,Iowa
"Maasen, John & Sons","Maurice, Iowa


                    United States",0.31,Cattle,Iowa
"Bergan, Dennis M","Elkader, Iowa


                    United States",0.31,Cattle,Iowa
LONG CREEK CATTLE CO.,"Murray, Iowa


                    United States",0.31,Cattle,Iowa
"Collins, Ronald","What Cheer, Iowa


                    United States",0.31,Cattle,Iowa
"Baldwin, Brian","Anthon, Iowa


                    United States",0.31,Cattle,Iowa
"LINHART, CHARLES EDWARD","Leon, Iowa


                    United States",0.31,Cattle,Iowa
"DITCH, Kenneth","Center Point, Iowa


                    United States",0.31,Cattle,Iowa
"FANFARE FARM, INC.","Monticello, Iowa


                    United States",0.31,Cattle,Iowa
HILLSIDE HAM INC.,"Inwood, Iowa


                    United States",0.31,Cattle,Iowa
"SILVER CREEK FARMS, INC.","Macedonia, Iowa


                    United States",0.3,Cattle,Iowa
"Klute, Duane","Blanchard, Iowa


                    United States",0.3,Cattle,Iowa
"SCHAFBUCH FARMS, INC.","Brooklyn, Iowa


                    United States",0.3,Cattle,Iowa
"Buhr, Donald","Sumner, Iowa


                    United States",0.3,Cattle,Iowa
Lauritsen Cattle Co,"Exira, Iowa


                    United States",0.3,Cattle,Iowa
"BLANCHARD, WILLIAM M MITZI","Charlotte, Iowa


                    United States",0.3,Cattle,Iowa
"HICKS, Robert","Gowrie, Iowa


                    United States",0.3,Cattle,Iowa
"Janssen, Dallas","Palmer, Iowa


                    United States",0.3,Cattle,Iowa
Moellers Farm,"Ridgeway, Iowa


                    United States",0.48,Cattle,Iowa
"Haverhals Farms, Inc.","Hawarden, Iowa


                    United States",0.48,Cattle,Iowa
"JAHR BROTHERS, L.L.C.","Saint Ansgar, Iowa


                    United States",0.48,Cattle,Iowa
MATTINGLY DAIRY FARMS,"Toledo, Iowa


                    United States",0.48,Cattle,Iowa
"EDEN RIDGE FARMS, INC.","Rhodes, Iowa


                    United States",0.48,Cattle,Iowa
Ldj Farms Inc,"Pella, Iowa


                    United States",0.47,Cattle,Iowa
CARSTENS LIVESTOCK INC.,"Bagley, Iowa


                    United States",0.47,Cattle,Iowa
"REGAN, MIKE & SON","Waukon, Iowa


                    United States",0.47,Cattle,Iowa
"NICHOLS FARMS, LTD. L.P.","Bridgewater, Iowa


                    United States",0.47,Cattle,Iowa
"Reiter, Jacob","Cascade, Iowa


                    United States",0.47,Cattle,Iowa
"PROBASCO, JOHN W","Moulton, Iowa


                    United States",0.47,Cattle,Iowa
Atsma Dairy Farms,"Hospers, Iowa


                    United States",0.46,Cattle,Iowa
Midland Dairy Council Inc,"Ankeny, Iowa


                    United States",0.46,Cattle,Iowa
"MCKNIGHT FARMS, L.C.","Afton, Iowa


                    United States",0.46,Cattle,Iowa
Dykstra Dairy,"Maurice, Iowa


                    United States",0.45,Cattle,Iowa
Reick Farms Inc,"Luzerne, Iowa


                    United States",0.45,Cattle,Iowa
"MEYER STOCK FARMS, INC.","Rock Rapids, Iowa


                    United States",0.44,Cattle,Iowa
"BRENTON BROTHERS, INC.","Dallas Center, Iowa


                    United States",0.44,Cattle,Iowa
"KOENEN DAIRY, INC.","Hawarden, Iowa


                    United States",0.44,Cattle,Iowa
"MORAN BEEF, INC.","Honey Creek, Iowa


                    United States",0.44,Cattle,Iowa
"GOCHE FARMS, LLC","Bancroft, Iowa


                    United States",0.44,Cattle,Iowa
"Birker, Ken","Vinton, Iowa


                    United States",0.44,Cattle,Iowa
"STRIEF FARMS, INC.","Farley, Iowa


                    United States",0.43,Cattle,Iowa
ANDERSON LIVESTOCK LTD.,"Lockridge, Iowa


                    United States",0.43,Cattle,Iowa
"Byl, Dan And Elizabeth Inc","Maurice, Iowa


                    United States",0.43,Cattle,Iowa
"GLENORA FEED YARD, LLC","Stockton, Iowa


                    United States",0.43,Cattle,Iowa
"HOVDEN, DEAN M","Decorah, Iowa


                    United States",0.43,Cattle,Iowa
"Stoutjesdyk Dairy, LLC","Zillah, Washington


                    United States",0.43,Cattle,Iowa
"GIBBS DAIRY, LLC","Waterville, Iowa


                    United States",0.42,Cattle,Iowa
"TROYER, NORMAN","Weldon, Iowa


                    United States",0.42,Cattle,Iowa
"KELLER WINDCHIME ANGUS, LLC","Manilla, Iowa


                    United States",0.42,Cattle,Iowa
FERDSONS FAMILY FARMS INC.,"Hull, Iowa


                    United States",0.42,Cattle,Iowa
"GREGORY FEEDLOTS, INC.","Tabor, Iowa


                    United States",0.42,Cattle,Iowa
"Riniker, Randy","Guttenberg, Iowa


                    United States",0.41,Cattle,Iowa
Gaunitz Farm,"Lansing, Iowa


                    United States",0.41,Cattle,Iowa
"Peterson, Brian","Lawton, Iowa


                    United States",0.41,Cattle,Iowa
"Somerville, Kenneth","Onslow, Iowa


                    United States",0.4,Cattle,Iowa
"BURKHOLDER, JOHN","Charles City, Iowa


                    United States",0.4,Cattle,Iowa
"REUTER DAIRY, INC.","Peosta, Iowa


                    United States",0.4,Cattle,Iowa
Mar-I-War Company,"Tabor, Iowa


                    United States",0.4,Cattle,Iowa
"ENGELBRECHT FARMS, INC.","Eldridge, Iowa


                    United States",0.4,Cattle,Iowa
"Von Ehwegen Seed, Inc.","Terril, Iowa


                    United States",0.4,Cattle,Iowa
"Pudenz, Dean","Carroll, Iowa


                    United States",0.4,Cattle,Iowa
"Irish Hill Farms, Inc.","Delmar, Iowa


                    United States",0.39,Cattle,Iowa
"Downes, Greg","Iowa City, Iowa


                    United States",0.39,Cattle,Iowa
COBLER FARMING CO.,"Ottumwa, Iowa


                    United States",0.39,Cattle,Iowa
"GREIG & CO., INC.","Estherville, Iowa


                    United States",0.39,Cattle,Iowa
"Wendl Feedlot, Inc.","Carroll, Iowa


                    United States",0.39,Cattle,Iowa
Ver Steegh Brothers Farms,"Eddyville, Iowa


                    United States",0.38,Cattle,Iowa
"Garrett Land & Cattle, Inc.","Arion, Iowa


                    United States",0.38,Cattle,Iowa
"SUMMIT AGRICULTURAL GROUP, LLC","Alden, Iowa


                    United States",28.79,Cattle,Iowa
Upper Iowa Beef LLC,"Lime Springs, Iowa


                    United States",4.85,Cattle,Iowa
Feedlot Service Co.,"Neola, Iowa


                    United States",3.52,Cattle,Iowa
"Bar K Cattle, L.L.C.","Sioux Center, Iowa


                    United States",3.43,Cattle,Iowa
"Genosource, LLC","Blairstown, Iowa


                    United States",3.07,Cattle,Iowa
"Stensland, LLC","Larchwood, Iowa


                    United States",2.37,Cattle,Iowa
"Rock River Jerseys, LLC","Inwood, Iowa


                    United States",2.35,Cattle,Iowa
"Reicks View Mill, LLC","Lawler, Iowa


                    United States",2.15,Cattle,Iowa
"AMANA FARMS, INC.","Amana, Iowa


                    United States",2.07,Cattle,Iowa
"STENSLAND CREAMERY, LLC","Larchwood, Iowa


                    United States",1.59,Cattle,Iowa
"BOCKMAN, LTD.","Milford, Iowa


                    United States",1.58,Cattle,Iowa
MILK UNLIMITED DAIRY FARMS L.P.,"Atlantic, Iowa


                    United States",1.55,Cattle,Iowa
"VAN ESS DAIRY, LLC","Sanborn, Iowa


                    United States",1.3,Cattle,Iowa
"Lcl Farms, Inc.","Keokuk, Iowa


                    United States",1.07,Cattle,Iowa
EAST VALLEY FARM INC.,"Rock Valley, Iowa


                    United States",1.04,Cattle,Iowa
Blue Hyll Dairy,"Clinton, Iowa


                    United States",1.02,Cattle,Iowa
"Roorda Dairy, LLC","Paullina, Iowa


                    United States",0.96,Cattle,Iowa
"PLYMOUTH DAIRY FARMS, INC.","Le Mars, Iowa


                    United States",0.96,Cattle,Iowa
Kekerix Kattle Co,"Inwood, Iowa


                    United States",0.86,Cattle,Iowa
Hoogland Dairy,"Maurice, Iowa


                    United States",0.79,Cattle,Iowa
"JERRY'S WELL SERVICE, INC.","Armstrong, Iowa


                    United States",0.75,Cattle,Iowa
"KORTENKAMP, DONALD","Winthrop, Iowa


                    United States",0.71,Cattle,Iowa
"M-W LIVESTOCK, INC.","Albia, Iowa


                    United States",0.69,Cattle,Iowa
"VAN METER FEEDYARD, L.L.C.","Guthrie Center, Iowa


                    United States",0.69,Cattle,Iowa
"HICKORY HILL FARMS, INC.","Hospers, Iowa


                    United States",0.68,Cattle,Iowa
"NAGEL, ANTHONY D","Allerton, Iowa


                    United States",0.68,Cattle,Iowa
"MORMANN DAIRY, LLC","New Vienna, Iowa


                    United States",0.67,Cattle,Iowa
"Upchurch Feeders, Inc.","Zearing, Iowa


                    United States",0.66,Cattle,Iowa
BRIAN ROORDA LLC,"Sergeant Bluff, Iowa


                    United States",0.65,Cattle,Iowa
"COVINGTON JERSEYS, LLC","Leon, Iowa


                    United States",0.63,Cattle,Iowa
SIOUX JERSEYS,"Salix, Iowa


                    United States",0.63,Cattle,Iowa
"Blood, Kevin","State Center, Iowa


                    United States",0.62,Cattle,Iowa
"BOERDERY, INC.","Orange City, Iowa


                    United States",0.6,Cattle,Iowa
"LONE TREE, INC.","Sheldon, Iowa


                    United States",0.55,Cattle,Iowa
BEAR CREEK DAIRY LIMITED PARTNERSHIP,"Brooklyn, Iowa


                    United States",0.54,Cattle,Iowa
"Zieser, Dennis","Center Point, Iowa


                    United States",0.53,Cattle,Iowa
"Koch, Paul D.","Larchwood, Iowa


                    United States",0.53,Cattle,Iowa
"Hopper, Richard","Toledo, Iowa


                    United States",0.53,Cattle,Iowa
"Grandview Farms, Inc.","Eldridge, Iowa


                    United States",0.52,Cattle,Iowa
"Honey Creek Dairy, L.L.C.","Strawberry Point, Iowa


                    United States",0.51,Cattle,Iowa
"NIERLING, MATTHEW, D","Decorah, Iowa


                    United States",0.5,Cattle,Iowa
BOOGERD DAIRY INC.,"Hull, Iowa


                    United States",0.5,Cattle,Iowa
Hosch & Sons Inc,"Cascade, Iowa


                    United States",0.49,Cattle,Iowa
"Kemp, Helen","Dubuque, Iowa


                    United States",0.49,Cattle,Iowa
"Badje, Jim","Buffalo Center, Iowa


                    United States",0.49,Cattle,Iowa
"HEMINGWAY LAND, LTD.","Iowa City, Iowa


                    United States",0.49,Cattle,Iowa
"JOHNSON VALLEY BEEF, INC.","Andover, Iowa


                    United States",0.49,Cattle,Iowa
"JRT Focus Farms, Ltd.","Rock Rapids, Iowa


                    United States",0.48,Cattle,Iowa
De-Su Holsteins LLC,"New Albin, Iowa


                    United States",0.48,Cattle,Iowa
"MCCORMICK FAMILY FARMS, LLC","Waterville, Iowa


                    United States",0.48,Cattle,Iowa
"Bush, Richard","Pekin, Indiana


                    United States",0.06,Cattle,Indiana
"Cain, John","Rushville, Indiana


                    United States",0.06,Cattle,Indiana
"Drazer, John","Hebron, Indiana


                    United States",0.06,Cattle,Indiana
"HUBENTHAL, DON","Lucerne, Indiana


                    United States",0.06,Cattle,Indiana
SCOTT KOORS,"Greensburg, Indiana


                    United States",0.06,Cattle,Indiana
"SMITH, Bruce","Dugger, Indiana


                    United States",0.06,Cattle,Indiana
"MARTIN, ANDREW","Goshen, Indiana


                    United States",0.06,Cattle,Indiana
"Hix, Tom","Landess, Indiana


                    United States",0.06,Cattle,Indiana
"YOUNG, JOHN","Boggstown, Indiana


                    United States",0.06,Cattle,Indiana
"VAAL, GENE","Ferdinand, Indiana


                    United States",0.06,Cattle,Indiana
Stephens',"Dale, Indiana


                    United States",0.06,Cattle,Indiana
"Griebel, Jim","Hoagland, Indiana


                    United States",0.06,Cattle,Indiana
"WALKER, FRED","Hartford City, Indiana


                    United States",0.06,Cattle,Indiana
"SCOTT, TERRY","Hoagland, Indiana


                    United States",0.06,Cattle,Indiana
Sebastian Farms,"Coal City, Indiana


                    United States",0.06,Cattle,Indiana
MEADOWLAND ACRES INC,"Jasper, Indiana


                    United States",0.06,Cattle,Indiana
"HOOVER, TOM","Pleasant Lake, Indiana


                    United States",0.06,Cattle,Indiana
HOOSIER FARMER LLC,"Bloomington, Indiana


                    United States",0.06,Cattle,Indiana
Bradley Farms,"Montgomery, Indiana


                    United States",0.06,Cattle,Indiana
ALAN MEYER,"Greensburg, Indiana


                    United States",0.06,Cattle,Indiana
"Parker, Delane","Albion, Indiana


                    United States",0.06,Cattle,Indiana
"Claycamp, Larry","Seymour, Indiana


                    United States",0.06,Cattle,Indiana
BRYRPATCH,"Angola, Indiana


                    United States",0.06,Cattle,Indiana
SABA VALLEY FARM,"Indianapolis, Indiana


                    United States",0.06,Cattle,Indiana
"LLOYD, ROGER","Salem, Indiana


                    United States",0.06,Cattle,Indiana
"ADAMS, JOE","Vincennes, Indiana


                    United States",0.06,Cattle,Indiana
"TALL TREES TIMBER COMPANY, LLC","Springville, Indiana


                    United States",0.06,Cattle,Indiana
PIERCE VICTOR E,"Springville, Indiana


                    United States",0.06,Cattle,Indiana
"MOSER, DAVID","Ligonier, Indiana


                    United States",0.06,Cattle,Indiana
"ELKHORN FARMS, LLC","Richmond, Indiana


                    United States",0.06,Cattle,Indiana
Maasberg Farms,"Evansville, Indiana


                    United States",0.06,Cattle,Indiana
"NEWSWANGER, SAM","Goshen, Indiana


                    United States",0.06,Cattle,Indiana
"HOCKEMEYER, RONALD","New Haven, Indiana


                    United States",0.06,Cattle,Indiana
ROBERT EDWARD LEE LLC,"Bedford, Indiana


                    United States",0.06,Cattle,Indiana
RAY TOM BUILDER INC.,"Greenwood, Indiana


                    United States",0.06,Cattle,Indiana
SCHWOEPPE DAIRY FARM LLC,"Huntingburg, Indiana


                    United States",0.06,Cattle,Indiana
MARTIN FARM,"Osceola, Indiana


                    United States",0.06,Cattle,Indiana
Peerless Stock Farm,"Fort Wayne, Indiana


                    United States",0.06,Cattle,Indiana
"Churchill, Fred","Depauw, Indiana


                    United States",0.06,Cattle,Indiana
"Nifong, Larry","Plymouth, Indiana


                    United States",0.06,Cattle,Indiana
"Pool, James","Pleasant Lake, Indiana


                    United States",0.06,Cattle,Indiana
Barren Hills Farm,"Shipshewana, Indiana


                    United States",0.06,Cattle,Indiana
"Ford, Rex","Scipio, Indiana


                    United States",0.06,Cattle,Indiana
"FISCHER, MARY ANN","La Porte, Indiana


                    United States",0.06,Cattle,Indiana
"HODGES, KENNY","Gosport, Indiana


                    United States",0.06,Cattle,Indiana
"SMITH, JIMMIE","Holton, Indiana


                    United States",0.06,Cattle,Indiana
"DEAN, GARY","Martinsville, Indiana


                    United States",0.06,Cattle,Indiana
EJ DAIRIES INC,"Francesville, Indiana


                    United States",0.06,Cattle,Indiana
"HAGERDON, HAROLD","Tell City, Indiana


                    United States",0.06,Cattle,Indiana
ROBERT GEORGE,"Leavenworth, Indiana


                    United States",0.06,Cattle,Indiana
"Kern, Louis","Ferdinand, Indiana


                    United States",0.07,Cattle,Indiana
S W W farms,"Poland, Indiana


                    United States",0.07,Cattle,Indiana
FOWLER FARMS,"Columbus, Indiana


                    United States",0.07,Cattle,Indiana
Reiff Farms Inc,"Burnettsville, Indiana


                    United States",0.07,Cattle,Indiana
"KESSENS, KENNETH","Batesville, Indiana


                    United States",0.07,Cattle,Indiana
"Redman, Denise","Williams, Indiana


                    United States",0.07,Cattle,Indiana
GREEN RIDGE FARM,"Evansville, Indiana


                    United States",0.07,Cattle,Indiana
"Patrick, Everett","Bedford, Indiana


                    United States",0.07,Cattle,Indiana
"Chamberlain, Lee","Losantville, Indiana


                    United States",0.07,Cattle,Indiana
WAGLER DAIRY FARM,"Milroy, Indiana


                    United States",0.07,Cattle,Indiana
BROWN BROS & SON INC,"Borden, Indiana


                    United States",0.07,Cattle,Indiana
"HALL, DOUGLAS","Rushville, Indiana


                    United States",0.07,Cattle,Indiana
"Royer, Joe","Mishawaka, Indiana


                    United States",0.07,Cattle,Indiana
ACE-HIGH FARMS INC,"Columbus, Indiana


                    United States",0.07,Cattle,Indiana
"Zacher, James","Rensselaer, Indiana


                    United States",0.07,Cattle,Indiana
"DONLEY, DOUGLAS","Greenfield, Indiana


                    United States",0.07,Cattle,Indiana
"BONHAM, Richard","Warren, Indiana


                    United States",0.07,Cattle,Indiana
"Felton, David","Huntington, Indiana


                    United States",0.07,Cattle,Indiana
"HARDY, DALLAS O.","Lexington, Indiana


                    United States",0.07,Cattle,Indiana
"MEIRING, HERBERT J.","Union City, Indiana


                    United States",0.07,Cattle,Indiana
"DILLMAN, Robert","Logansport, Indiana


                    United States",0.07,Cattle,Indiana
"Sherman, Steve","Goshen, Indiana


                    United States",0.07,Cattle,Indiana
"Rosenberger, Greg","Bath, Indiana


                    United States",0.07,Cattle,Indiana
SYCAMORE ACRES,"Russiaville, Indiana


                    United States",0.07,Cattle,Indiana
"Stith, Larry","Scipio, Indiana


                    United States",0.07,Cattle,Indiana
GREG GENTRY,"Huntingburg, Indiana


                    United States",0.07,Cattle,Indiana
"Sandage, Larry","Cannelton, Indiana


                    United States",0.07,Cattle,Indiana
"ELLIOTT, VON","Salem, Indiana


                    United States",0.07,Cattle,Indiana
"SEGER, Mark","Huntingburg, Indiana


                    United States",0.07,Cattle,Indiana
"WEHNER, KENNETH","Madison, Indiana


                    United States",0.07,Cattle,Indiana
"KUNKEL, ORVILLE","Sunman, Indiana


                    United States",0.07,Cattle,Indiana
"West, Tom Farms","Poland, Indiana


                    United States",0.07,Cattle,Indiana
"Courtright, James","Hudson, Indiana


                    United States",0.07,Cattle,Indiana
"LAW, GARY","Boggstown, Indiana


                    United States",0.07,Cattle,Indiana
"ROSENBAUM FARMS, LLC","Salem, Indiana


                    United States",0.07,Cattle,Indiana
"Hinen, Dennis","Columbia City, Indiana


                    United States",0.07,Cattle,Indiana
THRIVE! PEDIATRIC FEEDING THERAPY LLC,"Evansville, Indiana


                    United States",0.07,Cattle,Indiana
"Morford, Roger","Larwill, Indiana


                    United States",0.07,Cattle,Indiana
"Schroll, Allen","North Manchester, Indiana


                    United States",0.07,Cattle,Indiana
"Jones, Michael","Lowell, Indiana


                    United States",0.07,Cattle,Indiana
Graber Farms,"Milroy, Indiana


                    United States",0.07,Cattle,Indiana
"Ramer, Ralph","Rochester, Indiana


                    United States",0.07,Cattle,Indiana
"HOSFORD, JACK","Wawaka, Indiana


                    United States",0.07,Cattle,Indiana
"Donaldson, Daniel","Denver, Indiana


                    United States",0.07,Cattle,Indiana
LITTLE TWISTED,"New Carlisle, Indiana


                    United States",0.07,Cattle,Indiana
ROSES FARMS,"Vevay, Indiana


                    United States",0.07,Cattle,Indiana
"Chapman, Don Terry","Washington, Indiana


                    United States",0.07,Cattle,Indiana
"eby, roland","Elkhart, Indiana


                    United States",0.07,Cattle,Indiana
"SHIREMAN, CHARLES","Central, Indiana


                    United States",0.07,Cattle,Indiana
"Krumme, Ronald","Crothersville, Indiana


                    United States",0.06,Cattle,Indiana
"Thomas, Don","Richmond, Indiana


                    United States",0.07,Cattle,Indiana
"Steckler, Jerome","Dale, Indiana


                    United States",0.07,Cattle,Indiana
"FRY, RALPH","Roachdale, Indiana


                    United States",0.07,Cattle,Indiana
SHILOH COMMUNITY CORPORATION,"Odon, Indiana


                    United States",0.07,Cattle,Indiana
"Vencel, Steve","Bloomington, Indiana


                    United States",0.07,Cattle,Indiana
"MEYERS, WILLIAM","Laurel, Indiana


                    United States",0.07,Cattle,Indiana
"Tallman, Richard M","Bedford, Indiana


                    United States",0.07,Cattle,Indiana
"Martin, Darrell Eugene","Goshen, Indiana


                    United States",0.07,Cattle,Indiana
"SMITH, Dave","Albion, Indiana


                    United States",0.07,Cattle,Indiana
"Adams, Michael","Russiaville, Indiana


                    United States",0.07,Cattle,Indiana
"HENINGER, CARL","Elizabeth, Indiana


                    United States",0.07,Cattle,Indiana
"Lester, Dean A Jr","Modoc, Indiana


                    United States",0.07,Cattle,Indiana
"CLAAR, JOANN","Sunman, Indiana


                    United States",0.07,Cattle,Indiana
"Flesher, Larry","Ridgeville, Indiana


                    United States",0.07,Cattle,Indiana
TK Farms,"West Terre Haute, Indiana


                    United States",0.07,Cattle,Indiana
Kouns Farm,"Zionsville, Indiana


                    United States",0.07,Cattle,Indiana
"Kramer, Delbert","Rushville, Indiana


                    United States",0.07,Cattle,Indiana
"Cook, Charles","Greenfield, Indiana


                    United States",0.07,Cattle,Indiana
"Clark, Richard","Hamlet, Indiana


                    United States",0.07,Cattle,Indiana
"MILLER, TERRY L","Elizabeth, Indiana


                    United States",0.07,Cattle,Indiana
"Smith, Ronald","Pleasant Lake, Indiana


                    United States",0.07,Cattle,Indiana
Phillips Stanley,"Dupont, Indiana


                    United States",0.07,Cattle,Indiana
Sunlight Farm,"Lake Village, Indiana


                    United States",0.07,Cattle,Indiana
"Farlow, Kim","Milroy, Indiana


                    United States",0.07,Cattle,Indiana
"Prince, Gerald","Bedford, Indiana


                    United States",0.07,Cattle,Indiana
"Todd, Michael","Norman, Indiana


                    United States",0.07,Cattle,Indiana
"Dennis, Phil","Lynn, Indiana


                    United States",0.07,Cattle,Indiana
JAMES KELLEY,"Batesville, Indiana


                    United States",0.07,Cattle,Indiana
"Kull, Karl Farm LLC","Lafayette, Indiana


                    United States",0.07,Cattle,Indiana
"MUCKERHEIDE, CARL","Batesville, Indiana


                    United States",0.07,Cattle,Indiana
"Schibley, Jeffrey","Brownsville, Indiana


                    United States",0.07,Cattle,Indiana
BEST EVER MILK & ICE CREAM,"Anderson, Indiana


                    United States",0.07,Cattle,Indiana
"DENNING, RANDY","Ferdinand, Indiana


                    United States",0.07,Cattle,Indiana
"PLEIADES CATTLE COMPANY, LLC","Springville, Indiana


                    United States",0.07,Cattle,Indiana
"Mosby, Jerry","Troy, Indiana


                    United States",0.07,Cattle,Indiana
"OBERT'S LEGACY DAIRY, LLC","Fort Branch, Indiana


                    United States",0.07,Cattle,Indiana
"Bennett, Wilbur","West Baden Springs, Indiana


                    United States",0.07,Cattle,Indiana
"KLINGWORTH, WAYNE","Oldenburg, Indiana


                    United States",0.07,Cattle,Indiana
"O Connor, Louis","Montgomery, Indiana


                    United States",0.07,Cattle,Indiana
"LENTZ, RICHARD","Charlestown, Indiana


                    United States",0.07,Cattle,Indiana
Kinken Valley Farm,"Zionsville, Indiana


                    United States",0.07,Cattle,Indiana
"PETERSON, DON","Delphi, Indiana


                    United States",0.07,Cattle,Indiana
"SEITZ, CALVIN N JR","French Lick, Indiana


                    United States",0.07,Cattle,Indiana
"Bruce, Bill Dairy Farm","Lexington, Indiana


                    United States",0.07,Cattle,Indiana
"BLUE CREEK CATTLE COMPANY, LLC","Brookville, Indiana


                    United States",0.07,Cattle,Indiana
"Robertson, Larry","Bedford, Indiana


                    United States",0.07,Cattle,Indiana
K & W Farms,"Washington, Indiana


                    United States",0.07,Cattle,Indiana
"Mast, Laverne","Middlebury, Indiana


                    United States",0.07,Cattle,Indiana
"Nissey, Ira","Nappanee, Indiana


                    United States",0.07,Cattle,Indiana
"Sharkey, Dennis Farm","Goshen, Indiana


                    United States",0.07,Cattle,Indiana
SARAH BECK,"Richmond, Indiana


                    United States",0.08,Cattle,Indiana
"Lambrecht, Jerry","Bedford, Indiana


                    United States",0.08,Cattle,Indiana
"Easterday, James","Rochester, Indiana


                    United States",0.08,Cattle,Indiana
"Barker, Max farm","Kendallville, Indiana


                    United States",0.08,Cattle,Indiana
"Stookey, John","Leesburg, Indiana


                    United States",0.08,Cattle,Indiana
"RATCLIFF, PATRICIA","Burnettsville, Indiana


                    United States",0.08,Cattle,Indiana
"GARY MATHIES FARMS, LLC","Loogootee, Indiana


                    United States",0.08,Cattle,Indiana
TWILIGHT DAIRY LLC,"Rockville, Indiana


                    United States",0.08,Cattle,Indiana
Snyder Farm,"Logansport, Indiana


                    United States",0.08,Cattle,Indiana
"Grott, Bernard","La Porte, Indiana


                    United States",0.08,Cattle,Indiana
"Smeltzer, Dennis","Middlebury, Indiana


                    United States",0.08,Cattle,Indiana
LEIDER FARMS LLP,"Helmer, Indiana


                    United States",0.08,Cattle,Indiana
"Hobson, Milton","Rockville, Indiana


                    United States",0.08,Cattle,Indiana
"Ricke, Robert","Greensburg, Indiana


                    United States",0.08,Cattle,Indiana
"MCQUEEN, GLENDON","Milroy, Indiana


                    United States",0.08,Cattle,Indiana
SUDONA FARM,"Haubstadt, Indiana


                    United States",0.08,Cattle,Indiana
Harvest Daze Farms,"Muncie, Indiana


                    United States",0.08,Cattle,Indiana
"Ames, Todd","Kouts, Indiana


                    United States",0.08,Cattle,Indiana
"VANDERVELDEN, JOHN","Walkerton, Indiana


                    United States",0.08,Cattle,Indiana
Hamstra Cattle Company LLC,"Fair Oaks, Indiana


                    United States",0.08,Cattle,Indiana
"Carmack, Mike","Liberty, Indiana


                    United States",0.08,Cattle,Indiana
"MCQUERN, JAMES","Frankfort, Indiana


                    United States",0.08,Cattle,Indiana
"ZEEBRAIN DAIRY FARMS, LLC","Hamilton, Indiana


                    United States",0.08,Cattle,Indiana
"Luke, Ralph","Dillsboro, Indiana


                    United States",0.08,Cattle,Indiana
Clawson Dale,"Lafayette, Indiana


                    United States",0.08,Cattle,Indiana
"Halt, Dave","Lyons, Indiana


                    United States",0.08,Cattle,Indiana
"Stoner, Donald","Rolling Prairie, Indiana


                    United States",0.08,Cattle,Indiana
"MILLER, LYNN FARM","Corydon, Indiana


                    United States",0.08,Cattle,Indiana
"ELTZROTH, GEORGE","Frankton, Indiana


                    United States",0.08,Cattle,Indiana
DILGER BROS,"Ferdinand, Indiana


                    United States",0.08,Cattle,Indiana
Neukam Farms,"Loogootee, Indiana


                    United States",0.08,Cattle,Indiana
"ALDRICH ALL-STAR DAIRY, LLC","Corunna, Indiana


                    United States",0.08,Cattle,Indiana
Kouns Farms Inc,"Sheridan, Indiana


                    United States",0.08,Cattle,Indiana
WETZ FARMS,"Daleville, Indiana


                    United States",0.08,Cattle,Indiana
"Felt, William","Decatur, Indiana


                    United States",0.08,Cattle,Indiana
WILLOW CREEK DAIRY INC,"Rushville, Indiana


                    United States",0.08,Cattle,Indiana
Starr Farms,"Williamsburg, Indiana


                    United States",0.08,Cattle,Indiana
"Williams, Fred","Franklin, Indiana


                    United States",0.08,Cattle,Indiana
Eckert Farms,"Huntington, Indiana


                    United States",0.08,Cattle,Indiana
"Hull, Harold","South Whitley, Indiana


                    United States",0.08,Cattle,Indiana
"GERARD, WILLIAM N","Poneto, Indiana


                    United States",0.08,Cattle,Indiana
"Dreyer, John E","Sellersburg, Indiana


                    United States",0.08,Cattle,Indiana
Summer Hill Farm,"Centerpoint, Indiana


                    United States",0.07,Cattle,Indiana
Windy Acres Farm,"West Harrison, Indiana


                    United States",0.07,Cattle,Indiana
"MOELLER, DAVID","Glenwood, Indiana


                    United States",0.07,Cattle,Indiana
"Scott, David","Connersville, Indiana


                    United States",0.07,Cattle,Indiana
"Metzger, Bradley","Nappanee, Indiana


                    United States",0.07,Cattle,Indiana
VOGEL DAIRY FARM LLC,"Milroy, Indiana


                    United States",0.07,Cattle,Indiana
Nose Farm,"La Fontaine, Indiana


                    United States",0.07,Cattle,Indiana
YOUNG FARM,"La Porte, Indiana


                    United States",0.07,Cattle,Indiana
MAPLE LANE FARM,"Shipshewana, Indiana


                    United States",0.09,Cattle,Indiana
"PHILLIPS, LARRY","Commiskey, Indiana


                    United States",0.09,Cattle,Indiana
Gentry Dairy Farm,"Logansport, Indiana


                    United States",0.09,Cattle,Indiana
"PRUSZ, DONALD","Holland, Indiana


                    United States",0.09,Cattle,Indiana
"Graber, Melvin","Loogootee, Indiana


                    United States",0.09,Cattle,Indiana
"Henry, Timothy","Tipton, Indiana


                    United States",0.09,Cattle,Indiana
Davis Seed Farms Inc,"Greens Fork, Indiana


                    United States",0.09,Cattle,Indiana
"Smith, Steven","Bremen, Indiana


                    United States",0.09,Cattle,Indiana
"MC GUIRE, JOHN","Roachdale, Indiana


                    United States",0.09,Cattle,Indiana
Knoy Farms,"Quincy, Indiana


                    United States",0.09,Cattle,Indiana
TAYLOR FARM,"Bainbridge, Indiana


                    United States",0.09,Cattle,Indiana
"Geyer, Craig","Bremen, Indiana


                    United States",0.09,Cattle,Indiana
Dempler Dempler & Dempler,"Madison, Indiana


                    United States",0.09,Cattle,Indiana
HILBERT FARMS,"West Harrison, Indiana


                    United States",0.09,Cattle,Indiana
Evers Dairy,"Bryant, Indiana


                    United States",0.09,Cattle,Indiana
"Volland, Greg","Columbus, Indiana


                    United States",0.09,Cattle,Indiana
"Stahl, Fred","Brownstown, Indiana


                    United States",0.09,Cattle,Indiana
"Schwoeppe, Charles Farm","Huntingburg, Indiana


                    United States",0.09,Cattle,Indiana
"Weyer, Alan","Ferdinand, Indiana


                    United States",0.09,Cattle,Indiana
"Hosford, James","Wawaka, Indiana


                    United States",0.09,Cattle,Indiana
"WALTHER, DENNIS","Claypool, Indiana


                    United States",0.09,Cattle,Indiana
Walton Farms,"Loogootee, Indiana


                    United States",0.09,Cattle,Indiana
"Foreman, James","New Salisbury, Indiana


                    United States",0.09,Cattle,Indiana
"BOWEN, DONALD","Colfax, Indiana


                    United States",0.09,Cattle,Indiana
"SHOVER FARM, DARRELL","Syracuse, Indiana


                    United States",0.09,Cattle,Indiana
"LOTTES, SCOTT J","Loogootee, Indiana


                    United States",0.09,Cattle,Indiana
Carrington Farms,"Russellville, Indiana


                    United States",0.09,Cattle,Indiana
HENDRIX ANGUS FARM,"French Lick, Indiana


                    United States",0.09,Cattle,Indiana
PHILLIP WHETSTONE,"Goshen, Indiana


                    United States",0.09,Cattle,Indiana
"Kaminski, Richard","New Carlisle, Indiana


                    United States",0.09,Cattle,Indiana
"GICK, ALAN","Fowler, Indiana


                    United States",0.09,Cattle,Indiana
OTTO GOAT DAIRY,"Millersburg, Indiana


                    United States",0.09,Cattle,Indiana
"DAVIS, MICHAEL K","Ramsey, Indiana


                    United States",0.09,Cattle,Indiana
"RICKARD, SANDY","Pekin, Indiana


                    United States",0.09,Cattle,Indiana
"Linnemeier, Henry C","Churubusco, Indiana


                    United States",0.09,Cattle,Indiana
ECKSTEIN  WELDING & FABRICATION,"Batesville, Indiana


                    United States",0.09,Cattle,Indiana
"Bidwell, Bryan","Pierceton, Indiana


                    United States",0.09,Cattle,Indiana
Metgzer Dairy Inc,"Kimmell, Indiana


                    United States",0.09,Cattle,Indiana
"Williams, Glenn","West Harrison, Indiana


                    United States",0.09,Cattle,Indiana
"Warkentine, Lyle","Angola, Indiana


                    United States",0.09,Cattle,Indiana
COURTCALL LLC,"Corydon, Indiana


                    United States",0.09,Cattle,Indiana
HEITZ Farm,"Huntingburg, Indiana


                    United States",0.09,Cattle,Indiana
"Wischmeier, Loren","Seymour, Indiana


                    United States",0.09,Cattle,Indiana
"HEATH, MARK","Cross Plains, Indiana


                    United States",0.09,Cattle,Indiana
"SHAFFER, CARL","Elizabeth, Indiana


                    United States",0.09,Cattle,Indiana
"Orme, Shawn","Arlington, Indiana


                    United States",0.09,Cattle,Indiana
"Biberstine, John and Ted","Berne, Indiana


                    United States",0.08,Cattle,Indiana
Pence Diamond Bar Farms Inc,"Edinburgh, Indiana


                    United States",0.08,Cattle,Indiana
ALBERT LAWLYES,"Perrysville, Indiana


                    United States",0.08,Cattle,Indiana
"Lamb, Bruce","Milford, Indiana


                    United States",0.08,Cattle,Indiana
KARL STEIN,"Fishers, Indiana


                    United States",0.1,Cattle,Indiana
"Galloway, Dwight","Covington, Indiana


                    United States",0.1,Cattle,Indiana
J G FULLER CORP,"Milan, Indiana


                    United States",0.1,Cattle,Indiana
H & H Feed Lots Inc,"Demotte, Indiana


                    United States",0.1,Cattle,Indiana
"Smith, Gary","Salem, Indiana


                    United States",0.1,Cattle,Indiana
"Nielsen, Eric","Medaryville, Indiana


                    United States",0.1,Cattle,Indiana
FOUR DRC FARM,"Fremont, Indiana


                    United States",0.1,Cattle,Indiana
"Stetter, Stanley","Saint Anthony, Indiana


                    United States",0.1,Cattle,Indiana
"Selman, D","Goshen, Indiana


                    United States",0.1,Cattle,Indiana
"Kestler, John","Batesville, Indiana


                    United States",0.1,Cattle,Indiana
ALLEN STIRN & SONS,"Metamora, Indiana


                    United States",0.09,Cattle,Indiana
"ROBESON, KEITH","Connersville, Indiana


                    United States",0.09,Cattle,Indiana
"HUNTER,  WALTER","Heltonville, Indiana


                    United States",0.09,Cattle,Indiana
Woods End Dairy Farm,"Bedford, Indiana


                    United States",0.09,Cattle,Indiana
"Smith, Thomas","Covington, Indiana


                    United States",0.09,Cattle,Indiana
"Morrow John & Bros., Inc.","Hebron, Indiana


                    United States",0.09,Cattle,Indiana
Werling Farm,"Decatur, Indiana


                    United States",0.09,Cattle,Indiana
DENNIS DEAN,"Schererville, Indiana


                    United States",0.09,Cattle,Indiana
"MARTIN, AMMON","Goshen, Indiana


                    United States",0.09,Cattle,Indiana
"BOLINGER, STEVE","Huntington, Indiana


                    United States",0.09,Cattle,Indiana
"Dewing Jr, Walt","Kentland, Indiana


                    United States",0.09,Cattle,Indiana
"Haan, Jeffery","Colburn, Indiana


                    United States",0.09,Cattle,Indiana
"Rouse, Mike & Teresa","Freetown, Indiana


                    United States",0.09,Cattle,Indiana
"TRAPP, LARRY","Camden, Indiana


                    United States",0.09,Cattle,Indiana
ALLEN IMHOFF,"Argos, Indiana


                    United States",0.09,Cattle,Indiana
"Miller, Vern Farms","Westpoint, Indiana


                    United States",0.09,Cattle,Indiana
"Eicher, Jim","Fremont, Indiana


                    United States",0.09,Cattle,Indiana
"Teeters, Delbert","Trafalgar, Indiana


                    United States",0.09,Cattle,Indiana
"Copeland, Dwayne","Mooresville, Indiana


                    United States",0.09,Cattle,Indiana
HOOVERVIEW FARM,"Elkhart, Indiana


                    United States",0.09,Cattle,Indiana
O'Connor Farms,"Columbus, Indiana


                    United States",0.09,Cattle,Indiana
ROWE LARRY D & NORMA,"North Vernon, Indiana


                    United States",0.09,Cattle,Indiana
Powers Hardwoods,"Angola, Indiana


                    United States",0.09,Cattle,Indiana
Harders' Farm,"Wheeler, Indiana


                    United States",0.09,Cattle,Indiana
MULLEN ROBERT,"Bedford, Indiana


                    United States",0.09,Cattle,Indiana
"Culy, Marvin","Hagerstown, Indiana


                    United States",0.09,Cattle,Indiana
"Boocher, Allan","South Whitley, Indiana


                    United States",0.09,Cattle,Indiana
Gearhart Tim,"Macy, Indiana


                    United States",0.09,Cattle,Indiana
"Reeves, Bruce","Bedford, Indiana


                    United States",0.09,Cattle,Indiana
"VOLZ, PATRICK","Sunman, Indiana


                    United States",0.09,Cattle,Indiana
"ROYER, SAM","Nappanee, Indiana


                    United States",0.09,Cattle,Indiana
"VERHAEGHE, JASON","Walkerton, Indiana


                    United States",0.09,Cattle,Indiana
"Trisler, John","Greenwood, Indiana


                    United States",0.09,Cattle,Indiana
PEGEE FARMS INC,"Dillsboro, Indiana


                    United States",0.09,Cattle,Indiana
ARROWHEAD FARMS,"Bargersville, Indiana


                    United States",0.09,Cattle,Indiana
Zaring Farms,"Fillmore, Indiana


                    United States",0.09,Cattle,Indiana
"FARRIS, JAMES","Vincennes, Indiana


                    United States",0.09,Cattle,Indiana
"Early, Mike","Rochester, Indiana


                    United States",0.09,Cattle,Indiana
"Ernst, Douglas Farm","Richmond, Indiana


                    United States",0.09,Cattle,Indiana
"WALKER, RANDY","Lebanon, Indiana


                    United States",0.09,Cattle,Indiana
"HILL, T","Yorktown, Indiana


                    United States",0.11,Cattle,Indiana
MORT'S DAIRY FARM,"Pierceton, Indiana


                    United States",0.1,Cattle,Indiana
"GARVIN, STEPHEN P","Cambridge City, Indiana


                    United States",0.1,Cattle,Indiana
"Bauman, Larry","Sunman, Indiana


                    United States",0.1,Cattle,Indiana
"MAPLE HILL HOLSTEINS, INC","Jamestown, Indiana


                    United States",0.1,Cattle,Indiana
"WAGNER, DORSEY R","Ramsey, Indiana


                    United States",0.1,Cattle,Indiana
"Emerson, Lawrence","Rome City, Indiana


                    United States",0.1,Cattle,Indiana
NEW SCHOONEBEEH DAIRY INC,"Wabash, Indiana


                    United States",0.1,Cattle,Indiana
"LARSON, KEITH","Indianapolis, Indiana


                    United States",0.1,Cattle,Indiana
"Backfish, Larry","Centerpoint, Indiana


                    United States",0.1,Cattle,Indiana
"DUNCAN, DAVID","Wingate, Indiana


                    United States",0.1,Cattle,Indiana
"Marlatt, Marty Farm","Attica, Indiana


                    United States",0.1,Cattle,Indiana
"WEAVER, JONATHAN","Tippecanoe, Indiana


                    United States",0.1,Cattle,Indiana
"Black Walnut Farms, LLC","Syracuse, Indiana


                    United States",0.1,Cattle,Indiana
"Mumford Hills, LLC","Griffin, Indiana


                    United States",0.1,Cattle,Indiana
"Woodward, Kendall","New Washington, Indiana


                    United States",0.1,Cattle,Indiana
"Miller, Lee A","Gaston, Indiana


                    United States",0.1,Cattle,Indiana
The Diekman Farm,"Oaktown, Indiana


                    United States",0.1,Cattle,Indiana
"Steiner, Karl","Geneva, Indiana


                    United States",0.1,Cattle,Indiana
"Muckerheide Farms, LLC","Greensburg, Indiana


                    United States",0.1,Cattle,Indiana
"Koehler, Larry","Centerpoint, Indiana


                    United States",0.1,Cattle,Indiana
"ZIMMERMAN, Brian","Sunman, Indiana


                    United States",0.1,Cattle,Indiana
"Hornung, Terry","Liberty, Indiana


                    United States",0.1,Cattle,Indiana
Knecht Soil Drainage,"Milroy, Indiana


                    United States",0.1,Cattle,Indiana
Timothy Spicer,"Covington, Indiana


                    United States",0.1,Cattle,Indiana
"Graves, Arnold","Bloomfield, Indiana


                    United States",0.1,Cattle,Indiana
"Long, Mike","Larwill, Indiana


                    United States",0.1,Cattle,Indiana
FEEDING FRIENDS INC,"Noblesville, Indiana


                    United States",0.1,Cattle,Indiana
PRAPO DAIRY FARM,"Franklin, Indiana


                    United States",0.1,Cattle,Indiana
ROLAND ACRES,"Silver Lake, Indiana


                    United States",0.1,Cattle,Indiana
"RICHARDSON, WILLIAM PAUL","Rushville, Indiana


                    United States",0.1,Cattle,Indiana
"REINHART, CARL","Bryant, Indiana


                    United States",0.1,Cattle,Indiana
"BECKORT, Paul","Laconia, Indiana


                    United States",0.1,Cattle,Indiana
"HARDING, ROBERT","Tell City, Indiana


                    United States",0.1,Cattle,Indiana
MILLER HEREFORDS,"Thorntown, Indiana


                    United States",0.1,Cattle,Indiana
"Giesler, Ronald","Ferdinand, Indiana


                    United States",0.1,Cattle,Indiana
"Martin, Dennis Farm","Goshen, Indiana


                    United States",0.1,Cattle,Indiana
"FRY, PHILLIP","Roachdale, Indiana


                    United States",0.1,Cattle,Indiana
Tanner Rainbow Inc,"Francesville, Indiana


                    United States",0.1,Cattle,Indiana
Hiss Farms,"Columbia City, Indiana


                    United States",0.1,Cattle,Indiana
"Haney, Shannon","Corydon, Indiana


                    United States",0.1,Cattle,Indiana
"MALOTT, JON","Mitchell, Indiana


                    United States",0.1,Cattle,Indiana
"Stansifer, Larry","Coal City, Indiana


                    United States",0.1,Cattle,Indiana
"HILBERT, SARAH","Hagerstown, Indiana


                    United States",0.1,Cattle,Indiana
"WEAVER, GLENN","Wakarusa, Indiana


                    United States",0.1,Cattle,Indiana
"Loughmiller, Donald","Brazil, Indiana


                    United States",0.1,Cattle,Indiana
"Martin, Neil","New Paris, Indiana


                    United States",0.1,Cattle,Indiana
Dillman's Dairy Farm,"Macy, Indiana


                    United States",0.1,Cattle,Indiana
"Beekman, Jay E","Huntington, Indiana


                    United States",0.1,Cattle,Indiana
RALPH BLANKENSHIP,"Veedersburg, Indiana


                    United States",0.1,Cattle,Indiana
"Hague, Daniel","Albion, Indiana


                    United States",0.12,Cattle,Indiana
JOY-R FARMS LLC,"Albion, Indiana


                    United States",0.11,Cattle,Indiana
"Klopfenstein, Roger","Howe, Indiana


                    United States",0.11,Cattle,Indiana
"HASENOUR, KENT","Jasper, Indiana


                    United States",0.11,Cattle,Indiana
"LILE, CRAIG","Walkerton, Indiana


                    United States",0.11,Cattle,Indiana
"Burnett, Martin","Bremen, Indiana


                    United States",0.11,Cattle,Indiana
"Brubaker, Blaine","Flora, Indiana


                    United States",0.11,Cattle,Indiana
"GRAY, ROBERT E","Madison, Indiana


                    United States",0.11,Cattle,Indiana
BERGER DAIRY 2,"Fort Wayne, Indiana


                    United States",0.11,Cattle,Indiana
"JACK RAHN, L.L.C.","Waveland, Indiana


                    United States",0.11,Cattle,Indiana
LOYAL ACRES INC,"Middlebury, Indiana


                    United States",0.11,Cattle,Indiana
"Hunsberger, Lowell","Wakarusa, Indiana


                    United States",0.11,Cattle,Indiana
ROBERT CANUP,"Merom, Indiana


                    United States",0.11,Cattle,Indiana
CATES FARMS,"Modoc, Indiana


                    United States",0.11,Cattle,Indiana
"RAWLES, RICK FARM","Albion, Indiana


                    United States",0.11,Cattle,Indiana
"RUSCH, JOSEPH JR","Vincennes, Indiana


                    United States",0.11,Cattle,Indiana
"Peetz Farms, Inc.","Osgood, Indiana


                    United States",0.11,Cattle,Indiana
Hackman Brothers,"Brownstown, Indiana


                    United States",0.11,Cattle,Indiana
SKI'S DAIRY KING L L C,"South Bend, Indiana


                    United States",0.11,Cattle,Indiana
"DENNIS L PEGGS, LLC","Rushville, Indiana


                    United States",0.11,Cattle,Indiana
"ECKERLE, EUGENE M","Brookville, Indiana


                    United States",0.11,Cattle,Indiana
"Wisler, Niley","Howe, Indiana


                    United States",0.11,Cattle,Indiana
"BRITTON, R","Solsberry, Indiana


                    United States",0.11,Cattle,Indiana
"Bachtel, Harold","Plymouth, Indiana


                    United States",0.11,Cattle,Indiana
Bosworth Farms,"Winchester, Indiana


                    United States",0.11,Cattle,Indiana
"RISSLER, BOB","Reelsville, Indiana


                    United States",0.11,Cattle,Indiana
"MTJ JERSEY, LLC","Eaton, Indiana


                    United States",0.11,Cattle,Indiana
"Billy Ray McCollum, Jr.","New Salisbury, Indiana


                    United States",0.11,Cattle,Indiana
"ANDERSON, BRUCE","Milroy, Indiana


                    United States",0.11,Cattle,Indiana
"Keith, Tommy","Crothersville, Indiana


                    United States",0.11,Cattle,Indiana
"Dawes, Wendel & Son","Urbana, Indiana


                    United States",0.11,Cattle,Indiana
"Michalski, Harry","New Carlisle, Indiana


                    United States",0.11,Cattle,Indiana
Grube Family L P,"Corunna, Indiana


                    United States",0.11,Cattle,Indiana
Westmont Development Corp,"Bushnell, Florida


                    United States",0.11,Cattle,Indiana
"Hamstra, Gene Sr Farms","Kouts, Indiana


                    United States",0.11,Cattle,Indiana
"GENTRY DAIRY FARMS, INC.","Pittsboro, Indiana


                    United States",0.11,Cattle,Indiana
"Rink, Michael","Goshen, Indiana


                    United States",0.11,Cattle,Indiana
Wolter Farms,"Greensburg, Indiana


                    United States",0.11,Cattle,Indiana
"WEST, CLARENCE","Denver, Indiana


                    United States",0.11,Cattle,Indiana
"Blough, David","Goshen, Indiana


                    United States",0.11,Cattle,Indiana
F J SCHMITT INC,"Huntingburg, Indiana


                    United States",0.11,Cattle,Indiana
RD FARMS,"Mishawaka, Indiana


                    United States",0.11,Cattle,Indiana
"Schmucker, Marion","Nappanee, Indiana


                    United States",0.11,Cattle,Indiana
"CALLOWAY, JERRY","Macy, Indiana


                    United States",0.11,Cattle,Indiana
C&A STALBAUM FARMS LLC,"North Judson, Indiana


                    United States",0.11,Cattle,Indiana
"MYERS, BRIAN","Morocco, Indiana


                    United States",0.11,Cattle,Indiana
"Ramer, Paul Farms","Argos, Indiana


                    United States",0.11,Cattle,Indiana
Giesting Farms,"Batesville, Indiana


                    United States",0.11,Cattle,Indiana
"LINDSEY, BEN","French Lick, Indiana


                    United States",0.11,Cattle,Indiana
"SCHEIBER, PAUL H","Tell City, Indiana


                    United States",0.11,Cattle,Indiana
JONES ROBOTIC DAIRY,"Star City, Indiana


                    United States",0.12,Cattle,Indiana
HARSH BROTHERS LLC,"Laurel, Indiana


                    United States",0.12,Cattle,Indiana
"Parcell, Nancy","Wakarusa, Indiana


                    United States",0.12,Cattle,Indiana
"Partridge, Ralph","Rockport, Indiana


                    United States",0.12,Cattle,Indiana
"ROCK, RICHARD E JEAN E","Kewanna, Indiana


                    United States",0.12,Cattle,Indiana
Glover's Dairy,"Franklin, Indiana


                    United States",0.12,Cattle,Indiana
"Parks, Rusty","Bloomfield, Indiana


                    United States",0.12,Cattle,Indiana
"Brown, John & Son Inc","Lowell, Indiana


                    United States",0.12,Cattle,Indiana
McKnight Dairies,"Mitchell, Indiana


                    United States",0.12,Cattle,Indiana
"KORNIAK, Edward","Rensselaer, Indiana


                    United States",0.12,Cattle,Indiana
K-B Cattle Co,"Rushville, Indiana


                    United States",0.12,Cattle,Indiana
"JACKSON, DUANE","Daleville, Indiana


                    United States",0.12,Cattle,Indiana
FRANK FARMS,"Decatur, Indiana


                    United States",0.12,Cattle,Indiana
WHITEMAN FAMILY FARM LIMITED LIABILITY COMPANY,"Glenwood, Indiana


                    United States",0.12,Cattle,Indiana
"Gilsinger, Gary","Logansport, Indiana


                    United States",0.12,Cattle,Indiana
STECKLER CREAMERY,"Dale, Indiana


                    United States",0.12,Cattle,Indiana
"Mock, Phillip","Syracuse, Indiana


                    United States",0.12,Cattle,Indiana
"M & C RENNER FARMS, LLC","Otwell, Indiana


                    United States",0.12,Cattle,Indiana
FLORA FARMS,"North Manchester, Indiana


                    United States",0.12,Cattle,Indiana
"AMOS, DONALD","Rushville, Indiana


                    United States",0.12,Cattle,Indiana
"creek, philip a","Liberty, Indiana


                    United States",0.12,Cattle,Indiana
RICK HEDRICK,"Rushville, Indiana


                    United States",0.12,Cattle,Indiana
"Hollander, Ronald G","Mooresville, Indiana


                    United States",0.12,Cattle,Indiana
"LINN DAIRY, INC.","Fort Wayne, Indiana


                    United States",0.12,Cattle,Indiana
Out Back Dairy,"Decatur, Indiana


                    United States",0.12,Cattle,Indiana
Bob O Lou Farms Inc,"Middlebury, Indiana


                    United States",0.12,Cattle,Indiana
"Kleaving, Wayne & Cleona","Tell City, Indiana


                    United States",0.12,Cattle,Indiana
"White, Robert","Delphi, Indiana


                    United States",0.12,Cattle,Indiana
"Rudicel, Robert","Lafayette, Indiana


                    United States",0.12,Cattle,Indiana
"Ramer, Rufus","Rochester, Indiana


                    United States",0.12,Cattle,Indiana
"brindley, charles f & lela m","Vevay, Indiana


                    United States",0.12,Cattle,Indiana
"KEISER, DENNIS","Clarks Hill, Indiana


                    United States",0.12,Cattle,Indiana
"PILE, MICKEY","Shelbyville, Indiana


                    United States",0.12,Cattle,Indiana
Peters Dairy Farm,"Warsaw, Indiana


                    United States",0.12,Cattle,Indiana
"RO-VERE HOLSTEINS, INC.","Campbellsburg, Indiana


                    United States",0.12,Cattle,Indiana
"HERMESCH, DALE","Greensburg, Indiana


                    United States",0.12,Cattle,Indiana
"Bosma, Larry Farm","Lafayette, Indiana


                    United States",0.12,Cattle,Indiana
"KURTZ, AUGUST","Angola, Indiana


                    United States",0.12,Cattle,Indiana
"CARNAHAN FARMS, L.L.C.","Butler, Indiana


                    United States",0.12,Cattle,Indiana
D & S Dairy,"Wakarusa, Indiana


                    United States",0.12,Cattle,Indiana
Shroyer Farms,"Albany, Indiana


                    United States",0.12,Cattle,Indiana
"Beer Cattle Co., Inc.","Berne, Indiana


                    United States",0.12,Cattle,Indiana
"BACHUS, TOM","Cedar Grove, Indiana


                    United States",0.12,Cattle,Indiana
LANE DAIRY FARM,"Pekin, Indiana


                    United States",0.12,Cattle,Indiana
"STULTZ, THOMAS","Terre Haute, Indiana


                    United States",0.12,Cattle,Indiana
"YARMUT DAIRY, LLC.","Huntington, Indiana


                    United States",0.12,Cattle,Indiana
"Gayer, Dan","Tell City, Indiana


                    United States",0.12,Cattle,Indiana
"Lemon, Roger","Kimmell, Indiana


                    United States",0.12,Cattle,Indiana
Martin E E Real Estate & Auction Inc,"Salem, Indiana


                    United States",0.12,Cattle,Indiana
"WILLIAMS, SAM","Oaktown, Indiana


                    United States",0.12,Cattle,Indiana
ANDY LEMLER,"Bourbon, Indiana


                    United States",0.13,Cattle,Indiana
"Chalfant, Gregory A","Winchester, Indiana


                    United States",0.13,Cattle,Indiana
"Faulstich, David","Plymouth, Indiana


                    United States",0.13,Cattle,Indiana
Pegg Farms,"Winchester, Indiana


                    United States",0.13,Cattle,Indiana
"CHARLES A PEGGS, LLC","Rushville, Indiana


                    United States",0.13,Cattle,Indiana
"Ramer, Marvin L","Nappanee, Indiana


                    United States",0.13,Cattle,Indiana
NICHOLSON DAIRY FARM,"Fountain City, Indiana


                    United States",0.13,Cattle,Indiana
"Young, Robert L","Springville, Indiana


                    United States",0.13,Cattle,Indiana
"PETERSON, ALAN","Dunkirk, Indiana


                    United States",0.13,Cattle,Indiana
"LAPLANT, JOSEPH H","Elizabeth, Indiana


                    United States",0.13,Cattle,Indiana
"Witmer, Timothy","Goshen, Indiana


                    United States",0.13,Cattle,Indiana
"BULTMAN, MARY E","Osgood, Indiana


                    United States",0.13,Cattle,Indiana
"Hershberger, Jerry","Kokomo, Indiana


                    United States",0.13,Cattle,Indiana
"NAYLOR, TOM","Glenwood, Indiana


                    United States",0.13,Cattle,Indiana
"Shields, Scott","Greensburg, Indiana


                    United States",0.13,Cattle,Indiana
"COBLE, RANDY","Burnettsville, Indiana


                    United States",0.13,Cattle,Indiana
"Peters, Robert","Brownstown, Indiana


                    United States",0.13,Cattle,Indiana
"Bense, Kenneth","Hope, Indiana


                    United States",0.13,Cattle,Indiana
Purlee Dairy Farm,"Pekin, Indiana


                    United States",0.13,Cattle,Indiana
Felger Enterprise Inc,"Fort Wayne, Indiana


                    United States",0.13,Cattle,Indiana
"COURTNEY, KEVIN L","Madison, Indiana


                    United States",0.13,Cattle,Indiana
P M and Sons Inc,"Kendallville, Indiana


                    United States",0.13,Cattle,Indiana
"DOUBLE G FARMS, INC.","Decatur, Indiana


                    United States",0.13,Cattle,Indiana
"WHITLOW, PHILIP","Corydon, Indiana


                    United States",0.13,Cattle,Indiana
"Braun, Arnold","Grandview, Indiana


                    United States",0.13,Cattle,Indiana
"Lindborg, Yon","Union Mills, Indiana


                    United States",0.13,Cattle,Indiana
Mehne Farms Inc,"Jasper, Indiana


                    United States",0.13,Cattle,Indiana
"Button, Melvin Farms","Winamac, Indiana


                    United States",0.13,Cattle,Indiana
"Ashbaugh, Don","Woodburn, Indiana


                    United States",0.13,Cattle,Indiana
"Hasenour, Stan","Huntingburg, Indiana


                    United States",0.13,Cattle,Indiana
"Bedel, Mark","Oldenburg, Indiana


                    United States",0.13,Cattle,Indiana
"CAPPEL, EUGENE","Sunman, Indiana


                    United States",0.13,Cattle,Indiana
"Nifong, Loren","Plymouth, Indiana


                    United States",0.13,Cattle,Indiana
STUDEBAKER FARMS,"South Whitley, Indiana


                    United States",0.13,Cattle,Indiana
FELDMAN FARMS,"Rochester, Indiana


                    United States",0.13,Cattle,Indiana
"REINHOLD, JAMES","Monterey, Indiana


                    United States",0.13,Cattle,Indiana
"DITMIRE,JEFF","Rochester, Indiana


                    United States",0.13,Cattle,Indiana
"MARTIN, DELYNN","Elkhart, Indiana


                    United States",0.13,Cattle,Indiana
"Spenn, Harrold","Fort Wayne, Indiana


                    United States",0.13,Cattle,Indiana
"Englert Ridge Farms, Inc.","Huntingburg, Indiana


                    United States",0.13,Cattle,Indiana
"BAHNEY FARMS, LLC","Macy, Indiana


                    United States",0.13,Cattle,Indiana
"Fuhrman, Ron & Eric","Hoagland, Indiana


                    United States",0.13,Cattle,Indiana
"CRD DAIRY FARM, LLC","Nappanee, Indiana


                    United States",0.13,Cattle,Indiana
"LANE, Ed Farm","Rensselaer, Indiana


                    United States",0.13,Cattle,Indiana
"Schwering, Raymond","Westport, Indiana


                    United States",0.13,Cattle,Indiana
Triple M Farm Corporation,"Morocco, Indiana


                    United States",0.13,Cattle,Indiana
MIDWAY FARMS INC,"Lagrange, Indiana


                    United States",0.13,Cattle,Indiana
"GINGERICH, WAYNE","Helmer, Indiana


                    United States",0.13,Cattle,Indiana
WILSON CATTLE CO,"Cloverdale, Indiana


                    United States",0.12,Cattle,Indiana
"Ferguson, Larry","Lamar, Indiana


                    United States",0.12,Cattle,Indiana
"Waitt, Paul Farms Inc","Sheridan, Indiana


                    United States",0.14,Cattle,Indiana
MILL STOR DAIRY FARM,"Etna Green, Indiana


                    United States",0.14,Cattle,Indiana
"Newkirk, Inc.","Seymour, Indiana


                    United States",0.14,Cattle,Indiana
"Martin, Joseph","Georgetown, Indiana


                    United States",0.14,Cattle,Indiana
TANGLEWOOD ACRES,"Goshen, Indiana


                    United States",0.14,Cattle,Indiana
"Kerlin, John","Marion, Indiana


                    United States",0.14,Cattle,Indiana
"Zimmerman, Amos","Goshen, Indiana


                    United States",0.14,Cattle,Indiana
"J & M ROBERTS FARMS, LLC","Syracuse, Indiana


                    United States",0.14,Cattle,Indiana
TROY KIPFER,"Bluffton, Indiana


                    United States",0.14,Cattle,Indiana
"franz, duane e","Monroeville, Indiana


                    United States",0.14,Cattle,Indiana
Risch Farms Inc,"Connersville, Indiana


                    United States",0.14,Cattle,Indiana
County Line Inc,"Campbellsburg, Indiana


                    United States",0.14,Cattle,Indiana
"HORMAN FARMS, INC.","New Haven, Indiana


                    United States",0.14,Cattle,Indiana
The Dairy,"New Castle, Indiana


                    United States",0.14,Cattle,Indiana
"Auld, Larry","Avilla, Indiana


                    United States",0.14,Cattle,Indiana
Blackburn farms,"Angola, Indiana


                    United States",0.14,Cattle,Indiana
"Hartman, Robert","Richmond, Indiana


                    United States",0.14,Cattle,Indiana
VICTOR BECKMAN,"Jasper, Indiana


                    United States",0.14,Cattle,Indiana
Hive-Lan Farm,"Kimmell, Indiana


                    United States",0.14,Cattle,Indiana
Fugate Stock Farms Inc,"Linden, Indiana


                    United States",0.14,Cattle,Indiana
"Kulp, Dave","New Paris, Indiana


                    United States",0.14,Cattle,Indiana
Yellow Creek Farm,"Goshen, Indiana


                    United States",0.14,Cattle,Indiana
"TOSCHLOG, GENE","Richmond, Indiana


                    United States",0.14,Cattle,Indiana
Edder Delight Dairy Inc,"Cannelburg, Indiana


                    United States",0.14,Cattle,Indiana
"WILCOX, ROBERT E","Campbellsburg, Indiana


                    United States",0.14,Cattle,Indiana
"Kamman, Jack","Huntingburg, Indiana


                    United States",0.14,Cattle,Indiana
"Gustafson, Keith","Valparaiso, Indiana


                    United States",0.14,Cattle,Indiana
Hill Farm,"Falmouth, Indiana


                    United States",0.14,Cattle,Indiana
"ESCHBACHER, DONALD P","Laconia, Indiana


                    United States",0.14,Cattle,Indiana
Muhlenkamp Farms,"Portland, Indiana


                    United States",0.14,Cattle,Indiana
"Homan, Ralph","Redkey, Indiana


                    United States",0.14,Cattle,Indiana
"Strange, Donald","Marion, Indiana


                    United States",0.14,Cattle,Indiana
Phares Farms,"Albion, Indiana


                    United States",0.14,Cattle,Indiana
KEITH SWANSON LLC,"Plymouth, Indiana


                    United States",0.14,Cattle,Indiana
"MILLER, GLEN RAY","Middlebury, Indiana


                    United States",0.14,Cattle,Indiana
HOPKINS Farm,"Twelve Mile, Indiana


                    United States",0.14,Cattle,Indiana
Frazier Farms,"Columbia City, Indiana


                    United States",0.14,Cattle,Indiana
FEEDING FRIENDS,"Fishers, Indiana


                    United States",0.14,Cattle,Indiana
D DICE,"Crawfordsville, Indiana


                    United States",0.14,Cattle,Indiana
WALTHER MATTHEW D,"Centerville, Indiana


                    United States",0.14,Cattle,Indiana
Kreiger Farm,"Valparaiso, Indiana


                    United States",0.14,Cattle,Indiana
SMOKER FARM,"Wanatah, Indiana


                    United States",0.13,Cattle,Indiana
Haining Farm Services,"Cedar Grove, Indiana


                    United States",0.13,Cattle,Indiana
DANIEL W DIPERT,"Walkerton, Indiana


                    United States",0.13,Cattle,Indiana
"Bergman, Glenn and Dale","Sunman, Indiana


                    United States",0.13,Cattle,Indiana
"Schmitt, Stan","Jasper, Indiana


                    United States",0.13,Cattle,Indiana
"SHIRK, PAUL W","Goshen, Indiana


                    United States",0.13,Cattle,Indiana
Beck's Bird Feeders,"Markleville, Indiana


                    United States",0.13,Cattle,Indiana
"SUGARWOOD FARMS, L.L.C.","Medora, Indiana


                    United States",0.13,Cattle,Indiana
BORKHOLDER DAIRY FARM,"Bremen, Indiana


                    United States",0.13,Cattle,Indiana
Nussbaum Farms Inc,"Monroe, Indiana


                    United States",0.16,Cattle,Indiana
ONE WORLD DREAMS,"Huntington, Indiana


                    United States",0.16,Cattle,Indiana
"Eash, Raymond","Middlebury, Indiana


                    United States",0.16,Cattle,Indiana
"Weller, Gregory","Garrett, Indiana


                    United States",0.16,Cattle,Indiana
"ALEXANDER, TERRY","New Harmony, Indiana


                    United States",0.16,Cattle,Indiana
"GROFF, MICHAEL J","Middlebury, Indiana


                    United States",0.16,Cattle,Indiana
SCHWENK FARMS LLC,"Jasper, Indiana


                    United States",0.16,Cattle,Indiana
"VAN WANZEELE, MIKE","New Carlisle, Indiana


                    United States",0.16,Cattle,Indiana
VALLEY VIEW FARMS,"Bloomington, Indiana


                    United States",0.15,Cattle,Indiana
"Boyer, Daniel","Tippecanoe, Indiana


                    United States",0.15,Cattle,Indiana
"Meyer, Thomas","Rensselaer, Indiana


                    United States",0.15,Cattle,Indiana
"MULZER, LARRY & DAVID","Evanston, Indiana


                    United States",0.15,Cattle,Indiana
TROUTMAN FARMS,"Shoals, Indiana


                    United States",0.15,Cattle,Indiana
"STAHL FARMS, INC.","Brownstown, Indiana


                    United States",0.15,Cattle,Indiana
"Kiefer, Jim","Huntington, Indiana


                    United States",0.15,Cattle,Indiana
ELMER ESH DAIRY FARM,"Greens Fork, Indiana


                    United States",0.15,Cattle,Indiana
SPRINGVILLE FEEDER AUCTION ASSOCIATION INC,"Springville, Indiana


                    United States",0.15,Cattle,Indiana
Dairy Enterprise LLC,"Larwill, Indiana


                    United States",0.15,Cattle,Indiana
Esteb Farm,"Franklin, Indiana


                    United States",0.15,Cattle,Indiana
"Otto, Marvin","Kokomo, Indiana


                    United States",0.15,Cattle,Indiana
Pecka Farms,"Newburgh, Indiana


                    United States",0.15,Cattle,Indiana
Malone Farms Inc,"Odon, Indiana


                    United States",0.15,Cattle,Indiana
"HAGENOW, PHILLIP M","Westville, Indiana


                    United States",0.15,Cattle,Indiana
"Finke, Marvin","Columbus, Indiana


                    United States",0.15,Cattle,Indiana
"SPRINGBROOK FARMS, INC.","Marshall, Indiana


                    United States",0.15,Cattle,Indiana
HUBER DAIRY FARM,"Saint Paul, Indiana


                    United States",0.15,Cattle,Indiana
Springbrook Farms Inc,"Marshall, Indiana


                    United States",0.15,Cattle,Indiana
"LIBERTY ACRES, INC.","La Fontaine, Indiana


                    United States",0.15,Cattle,Indiana
"Wagler, L B General Store","Montgomery, Indiana


                    United States",0.15,Cattle,Indiana
"J. MEYER DAIRY, INC.","Holland, Indiana


                    United States",0.15,Cattle,Indiana
DOWDEN FARMS LLC,"Wingate, Indiana


                    United States",0.15,Cattle,Indiana
White Livestock Auction,"Brookville, Indiana


                    United States",0.15,Cattle,Indiana
"VERVYNCKT, JIM","Plymouth, Indiana


                    United States",0.15,Cattle,Indiana
BENHAM BROTHERS CATTLE,"Corydon, Indiana


                    United States",0.15,Cattle,Indiana
"McGiffen, Wally","Vincennes, Indiana


                    United States",0.15,Cattle,Indiana
"Layer, David Farm","Walkerton, Indiana


                    United States",0.15,Cattle,Indiana
HOLLOWAY FARMS INC,"Arcadia, Indiana


                    United States",0.15,Cattle,Indiana
Meadors Ralph & Sons Inc,"Salem, Indiana


                    United States",0.15,Cattle,Indiana
"Hiss, Robert","Columbia City, Indiana


                    United States",0.15,Cattle,Indiana
"HESS, JOSEPH A JR","Elizabeth, Indiana


                    United States",0.15,Cattle,Indiana
"Wesner, Robert","Elnora, Indiana


                    United States",0.15,Cattle,Indiana
"ABE'S DAIRY, LLC","Wabash, Indiana


                    United States",0.15,Cattle,Indiana
"Moore, Dale","Salem, Indiana


                    United States",0.15,Cattle,Indiana
"KRIEGER, MARK","Universal, Indiana


                    United States",0.15,Cattle,Indiana
"Myers, Brett","Akron, Indiana


                    United States",0.15,Cattle,Indiana
Century Stock Farm,"Lagrange, Indiana


                    United States",0.15,Cattle,Indiana
"HOOLEY, STEVE","Lagrange, Indiana


                    United States",0.15,Cattle,Indiana
"BISCHOFF, PATRICIA A","Brookville, Indiana


                    United States",0.15,Cattle,Indiana
LONG LANE FARMS DAIRY LLC,"Williamsburg, Indiana


                    United States",0.14,Cattle,Indiana
"Meyer, Ralph","Westport, Indiana


                    United States",0.14,Cattle,Indiana
"PHILLIPS & ARNETT FARMS, INC.","Sullivan, Indiana


                    United States",0.17,Cattle,Indiana
WAIT FARMS,"Columbia City, Indiana


                    United States",0.17,Cattle,Indiana
Lindauer Dairy & Poultry LLC,"Ferdinand, Indiana


                    United States",0.17,Cattle,Indiana
"Martin, Ronald","Greenfield, Indiana


                    United States",0.17,Cattle,Indiana
"Schmeltz, James","Wakarusa, Indiana


                    United States",0.17,Cattle,Indiana
"BRENNER, JOE","Attica, Indiana


                    United States",0.17,Cattle,Indiana
"Hesters, Thomas","Walkerton, Indiana


                    United States",0.17,Cattle,Indiana
"Bahrns, Dean","Williamsport, Indiana


                    United States",0.17,Cattle,Indiana
"Neuenschwander Heifer Raising, Inc.","Bluffton, Indiana


                    United States",0.17,Cattle,Indiana
Baker Farms llc,"Warren, Indiana


                    United States",0.17,Cattle,Indiana
Four Quarters Dairy Inc,"Rochester, Indiana


                    United States",0.17,Cattle,Indiana
"McFarland, Kent Farm","Lewisville, Indiana


                    United States",0.17,Cattle,Indiana
"Cleaver, Gary","Delphi, Indiana


                    United States",0.17,Cattle,Indiana
"Shoemaker, Eugene","Vallonia, Indiana


                    United States",0.17,Cattle,Indiana
"Hiatt, Jack","Carlisle, Indiana


                    United States",0.17,Cattle,Indiana
"meyer, jerel INC","Holland, Indiana


                    United States",0.17,Cattle,Indiana
DELANE DAIRY FARM INC,"Hoagland, Indiana


                    United States",0.17,Cattle,Indiana
"NOBBE, WALTER","Connersville, Indiana


                    United States",0.17,Cattle,Indiana
"SHERFIELD, JEFFERY D.","Spencer, Indiana


                    United States",0.17,Cattle,Indiana
MULLIS BROS FARM,"Bristow, Indiana


                    United States",0.17,Cattle,Indiana
"EMILY FARMS, INC.","Corydon, Indiana


                    United States",0.17,Cattle,Indiana
"Rummel, Wayne","Nappanee, Indiana


                    United States",0.17,Cattle,Indiana
JAMES P VERSEMAN,"Greensburg, Indiana


                    United States",0.17,Cattle,Indiana
The Lads Corporation,"Jasper, Indiana


                    United States",0.17,Cattle,Indiana
JERNAS FARMS INC,"Knox, Indiana


                    United States",0.17,Cattle,Indiana
PUGSLEY FARMS,"Middletown, Indiana


                    United States",0.17,Cattle,Indiana
"Kochert, Robert Company","Lafayette, Indiana


                    United States",0.17,Cattle,Indiana
Ziliak Enterprises,"Haubstadt, Indiana


                    United States",0.17,Cattle,Indiana
"Broken Wagon Bison, Inc.","Hobart, Indiana


                    United States",0.17,Cattle,Indiana
Hagerstown Mobile Home Court West,"Hagerstown, Indiana


                    United States",0.17,Cattle,Indiana
PFEIFFER FARMS INC,"Connersville, Indiana


                    United States",0.17,Cattle,Indiana
"TEMPLETON, Daryl","Greensburg, Indiana


                    United States",0.16,Cattle,Indiana
ELGIN CATTLE COMPANY LLC,"Campbellsburg, Indiana


                    United States",0.16,Cattle,Indiana
"DAIRYLAND IBA, LLC","Warsaw, Indiana


                    United States",0.16,Cattle,Indiana
Ryan Bros Livestock,"Bloomington, Indiana


                    United States",0.16,Cattle,Indiana
"Houin, Floyd","Plymouth, Indiana


                    United States",0.16,Cattle,Indiana
"RIPPY FARMS, INC.","Pekin, Indiana


                    United States",0.16,Cattle,Indiana
"Bradmueller, A","Fort Wayne, Indiana


                    United States",0.16,Cattle,Indiana
FRED FARMS INC,"Rochester, Indiana


                    United States",0.16,Cattle,Indiana
"Hagest, Samuel","Borden, Indiana


                    United States",0.16,Cattle,Indiana
"EDMONDS, FREDRICK","Ridgeville, Indiana


                    United States",0.16,Cattle,Indiana
Wanniger Brother's Farm,"Saint Meinrad, Indiana


                    United States",0.16,Cattle,Indiana
"Martin, Allen D","Goshen, Indiana


                    United States",0.16,Cattle,Indiana
"ALFORD, DARRIN","Bennington, Indiana


                    United States",0.16,Cattle,Indiana
"BECKLEY, R","Oakland City, Indiana


                    United States",0.16,Cattle,Indiana
Rolling Prairie Dairy Farm,"Goshen, Indiana


                    United States",0.16,Cattle,Indiana
"Yoder, R E & Son","Shipshewana, Indiana


                    United States",0.16,Cattle,Indiana
ROCK POST FARMS INC,"Crawfordsville, Indiana


                    United States",0.16,Cattle,Indiana
"JEFFRIES, PAUL","Dillsboro, Indiana


                    United States",0.16,Cattle,Indiana
"Tysen, Scott","Wheatfield, Indiana


                    United States",0.16,Cattle,Indiana
SMITH JOHN D SONS,"Angola, Indiana


                    United States",0.19,Cattle,Indiana
"Wahlman, Richard","Butlerville, Indiana


                    United States",0.19,Cattle,Indiana
Ringo Farms,"Carbon, Indiana


                    United States",0.19,Cattle,Indiana
"MYERS, ORAL","Cambridge City, Indiana


                    United States",0.19,Cattle,Indiana
"STREITMATTER FARMS, INC.","Rensselaer, Indiana


                    United States",0.19,Cattle,Indiana
"Jacob, Hilary","Birdseye, Indiana


                    United States",0.19,Cattle,Indiana
WRIGHT BROTHERS FARMS INC.,"Pekin, Indiana


                    United States",0.19,Cattle,Indiana
"BURRIS, GREGORY A","Rushville, Indiana


                    United States",0.19,Cattle,Indiana
Retter Farms,"Ridgeville, Indiana


                    United States",0.19,Cattle,Indiana
SCHLENSKER HERITAGE FARM,"Evansville, Indiana


                    United States",0.19,Cattle,Indiana
"HERROLD FARMS, INC.","Kewanna, Indiana


                    United States",0.19,Cattle,Indiana
Howkinson's Farm,"Cedar Lake, Indiana


                    United States",0.19,Cattle,Indiana
"Stohlman, Duane","Albion, Indiana


                    United States",0.19,Cattle,Indiana
"THOMPSON, TERESA","Campbellsburg, Indiana


                    United States",0.19,Cattle,Indiana
"HANNA, RICHARD OR CAROLYN","Shirley, Indiana


                    United States",0.19,Cattle,Indiana
"WENGER, JAMES","Bluffton, Indiana


                    United States",0.19,Cattle,Indiana
N & W Farms Inc,"Mentone, Indiana


                    United States",0.19,Cattle,Indiana
"Wilson, Harold","Greensburg, Indiana


                    United States",0.19,Cattle,Indiana
"STUTZMAN, SANFORD","Petersburg, Indiana


                    United States",0.19,Cattle,Indiana
"DOWNS, JERRY","Dana, Indiana


                    United States",0.19,Cattle,Indiana
REDD Moesner Farms Inc,"Dale, Indiana


                    United States",0.19,Cattle,Indiana
Far View Farms,"Seymour, Indiana


                    United States",0.19,Cattle,Indiana
Southview Farms Inc,"South Whitley, Indiana


                    United States",0.19,Cattle,Indiana
Rice Land & Cattle Company,"Salem, Indiana


                    United States",0.18,Cattle,Indiana
MILLERS DAIRY FARM,"Fort Wayne, Indiana


                    United States",0.18,Cattle,Indiana
"Otte, Lester","Columbus, Indiana


                    United States",0.18,Cattle,Indiana
Lambert Farms,"Kouts, Indiana


                    United States",0.18,Cattle,Indiana
Swan Farms Inc,"Lagro, Indiana


                    United States",0.18,Cattle,Indiana
"DALLAS, Joe","Morgantown, Indiana


                    United States",0.18,Cattle,Indiana
Dove Farms,"Elnora, Indiana


                    United States",0.18,Cattle,Indiana
Feedlot Inc,"Fair Oaks, Indiana


                    United States",0.18,Cattle,Indiana
"DOOLEY, LARRY","English, Indiana


                    United States",0.18,Cattle,Indiana
DECKARD BUSSING,"Spencer, Indiana


                    United States",0.18,Cattle,Indiana
"HICKS FARMS, INC.","Covington, Indiana


                    United States",0.18,Cattle,Indiana
"Wesco, Dwight","Warren, Indiana


                    United States",0.18,Cattle,Indiana
"Darr, Dennis","Syracuse, Indiana


                    United States",0.18,Cattle,Indiana
Adams' Farm Service,"Sellersburg, Indiana


                    United States",0.18,Cattle,Indiana
ALL WRIGHT FARMS INC,"Muncie, Indiana


                    United States",0.18,Cattle,Indiana
"SCHEPMAN, STEVEN FARM INC","Seymour, Indiana


                    United States",0.18,Cattle,Indiana
Ziliak Farms Inc,"Haubstadt, Indiana


                    United States",0.18,Cattle,Indiana
VAAL FARMS,"Saint Meinrad, Indiana


                    United States",0.18,Cattle,Indiana
"Bender, Curtis","New Paris, Indiana


                    United States",0.18,Cattle,Indiana
"Niccum, Chris","Wabash, Indiana


                    United States",0.18,Cattle,Indiana
Countryside Acres Inc,"Decatur, Indiana


                    United States",0.17,Cattle,Indiana
ROSANNA WAGLER LLC,"Montgomery, Indiana


                    United States",0.17,Cattle,Indiana
"YOUNG, JOHN J","Salem, Indiana


                    United States",0.17,Cattle,Indiana
"Mefford, Cheryl","Vincennes, Indiana


                    United States",0.17,Cattle,Indiana
JEFFERY M MCCAMMON,"Montpelier, Indiana


                    United States",0.17,Cattle,Indiana
"FRANCIS LINDAUER & SONS, LLC","Ferdinand, Indiana


                    United States",0.17,Cattle,Indiana
"GOINGS, FORREST","New Richmond, Indiana


                    United States",0.17,Cattle,Indiana
"WILSTEM, INC.","Paoli, Indiana


                    United States",0.21,Cattle,Indiana
BRADLEY J TRESSLER,"Milroy, Indiana


                    United States",0.21,Cattle,Indiana
"Royer, Rex","Nappanee, Indiana


                    United States",0.21,Cattle,Indiana
"taber, lyle l","Wanatah, Indiana


                    United States",0.21,Cattle,Indiana
Gregg E Fischer LLC,"Veedersburg, Indiana


                    United States",0.21,Cattle,Indiana
"Kuhn, Darryl","Arlington, Indiana


                    United States",0.21,Cattle,Indiana
ROSKOVENSKY FARM LLC,"Clinton, Indiana


                    United States",0.21,Cattle,Indiana
"Ring, David","Huntingburg, Indiana


                    United States",0.21,Cattle,Indiana
Weber Brothers,"Sunman, Indiana


                    United States",0.21,Cattle,Indiana
"Sennette, Clark Farm","Waynetown, Indiana


                    United States",0.21,Cattle,Indiana
Perkins Brothers,"Wolcottville, Indiana


                    United States",0.21,Cattle,Indiana
Timothy Deneve Farms,"Claypool, Indiana


                    United States",0.21,Cattle,Indiana
Mills Brothers Farms,"Ladoga, Indiana


                    United States",0.21,Cattle,Indiana
WHITSITT FARMS INCORPORATED,"Huntingburg, Indiana


                    United States",0.21,Cattle,Indiana
Allsop Farms,"North Liberty, Indiana


                    United States",0.21,Cattle,Indiana
Graham Creek Farm,"Commiskey, Indiana


                    United States",0.2,Cattle,Indiana
Nelson and Sons Farm,"Burket, Indiana


                    United States",0.2,Cattle,Indiana
"Mounsey, Rick","Poneto, Indiana


                    United States",0.2,Cattle,Indiana
Hoffmans Hillcrest Farms Inc,"Columbia City, Indiana


                    United States",0.2,Cattle,Indiana
"MCCOY DAIRY FARM, L.L.C.","Columbia City, Indiana


                    United States",0.2,Cattle,Indiana
"Austin, Clyde","Frankfort, Indiana


                    United States",0.2,Cattle,Indiana
"John Rexing Farms, Inc.","Evansville, Indiana


                    United States",0.2,Cattle,Indiana
"Cobbs, Daryl","Huntington, Indiana


                    United States",0.2,Cattle,Indiana
Burkholder Rod,"Nappanee, Indiana


                    United States",0.2,Cattle,Indiana
SCHMITT'S DELITE DAIRY FARMS INC,"Wadesville, Indiana


                    United States",0.2,Cattle,Indiana
"Chard, Dale","Angola, Indiana


                    United States",0.2,Cattle,Indiana
Pasture's Delights LLC,"Decatur, Indiana


                    United States",0.2,Cattle,Indiana
Hagedorn Dairy Farm,"Tell City, Indiana


                    United States",0.2,Cattle,Indiana
"BIGGS, MARK","Greencastle, Indiana


                    United States",0.2,Cattle,Indiana
"HADENFELT, G","Chesterton, Indiana


                    United States",0.2,Cattle,Indiana
"Wenger, Andy","Goshen, Indiana


                    United States",0.2,Cattle,Indiana
"D. DOLES FARMS, INC.","Greensburg, Indiana


                    United States",0.2,Cattle,Indiana
"holsapple, bert","Orleans, Indiana


                    United States",0.2,Cattle,Indiana
J & S DAIRY LLC,"Monterey, Indiana


                    United States",0.2,Cattle,Indiana
BENTER FARMS,"Brownstown, Indiana


                    United States",0.2,Cattle,Indiana
BLESSING FARMS,"Fort Wayne, Indiana


                    United States",0.2,Cattle,Indiana
Duttlinger Enterprises Inc,"Wheatfield, Indiana


                    United States",0.2,Cattle,Indiana
R. G. LIMITED,"Kouts, Indiana


                    United States",0.2,Cattle,Indiana
DWIGHT MARTIN DAIRY FARMS,"Nappanee, Indiana


                    United States",0.2,Cattle,Indiana
"BEECHY, CHRISTY O","Topeka, Indiana


                    United States",0.2,Cattle,Indiana
"CYR, NORBERT","Fowler, Indiana


                    United States",0.2,Cattle,Indiana
DAIRY N FARM INC,"Plymouth, Indiana


                    United States",0.2,Cattle,Indiana
waukaru farms inc,"Rensselaer, Indiana


                    United States",0.2,Cattle,Indiana
"FEEDING FRIENDS CHILDREN'S FEEDING CLINIC AND THERAPY SERVICES, INC.","Indianapolis, Indiana


                    United States",0.2,Cattle,Indiana
DAY FARMS INC,"Salem, Indiana


                    United States",0.19,Cattle,Indiana
"BRICHFORD, MATTHEW JAY","Connersville, Indiana


                    United States",0.19,Cattle,Indiana
"Buckmaster, Ivan & Sons Inc","Ashley, Indiana


                    United States",0.19,Cattle,Indiana
"LAMBERT, JAMES N","Kouts, Indiana


                    United States",0.19,Cattle,Indiana
Lakehill Dairy Farm,"Albion, Indiana


                    United States",0.19,Cattle,Indiana
"SLOUGH, JAMIE R","Worthington, Indiana


                    United States",0.19,Cattle,Indiana
"Wischmeier, Louis and Henry","Columbus, Indiana


                    United States",0.23,Cattle,Indiana
Crosby Family Farms,"Francesville, Indiana


                    United States",0.23,Cattle,Indiana
"Strike, Daryl","Farmland, Indiana


                    United States",0.23,Cattle,Indiana
"WEAVER, BRUCE A","Flat Rock, Indiana


                    United States",0.23,Cattle,Indiana
Melcher Roger,"Fort Wayne, Indiana


                    United States",0.23,Cattle,Indiana
"Beer, Lee","Milford, Indiana


                    United States",0.23,Cattle,Indiana
"Reichert, Kevin","Lowell, Indiana


                    United States",0.23,Cattle,Indiana
"FOLTZ, GREGORY C","Michigan City, Indiana


                    United States",0.23,Cattle,Indiana
SCHAFER FARMS LLC,"La Crosse, Indiana


                    United States",0.23,Cattle,Indiana
"PURLEE, STEPHEN","Salem, Indiana


                    United States",0.23,Cattle,Indiana
Weaver Dairy Farms,"Bennington, Indiana


                    United States",0.23,Cattle,Indiana
"Becher, Stan","Berne, Indiana


                    United States",0.23,Cattle,Indiana
kelsay & son grain corp,"Whiteland, Indiana


                    United States",0.23,Cattle,Indiana
Rainbow View Farms Inc,"Sunman, Indiana


                    United States",0.23,Cattle,Indiana
"Hilger, John","Fort Wayne, Indiana


                    United States",0.23,Cattle,Indiana
"Gore, Lowell & John & Smith, Philip","Williams, Indiana


                    United States",0.22,Cattle,Indiana
"Rose, Alden Farms Inc","Connersville, Indiana


                    United States",0.22,Cattle,Indiana
"ELLIOTT, BILL","Ligonier, Indiana


                    United States",0.22,Cattle,Indiana
Fred,"Howe, Indiana


                    United States",0.22,Cattle,Indiana
"Homan, George & Patricia","Portland, Indiana


                    United States",0.22,Cattle,Indiana
"Casper, Chuck","Saint Croix, Indiana


                    United States",0.22,Cattle,Indiana
"BIRKEMEIER, GARY","Reelsville, Indiana


                    United States",0.22,Cattle,Indiana
"BEER DAIRY, INC.","Milford, Indiana


                    United States",0.22,Cattle,Indiana
G STOLTZFUS DAIRY FARM,"Williamsburg, Indiana


                    United States",0.22,Cattle,Indiana
"MARKS DAIRY FARM, INC.","Hanna, Indiana


                    United States",0.22,Cattle,Indiana
"Gray, Marlin R MD","Otwell, Indiana


                    United States",0.22,Cattle,Indiana
GRESSLAND FARMS INC,"Velpen, Indiana


                    United States",0.22,Cattle,Indiana
"LAMMERS, J B M INC","Huntingburg, Indiana


                    United States",0.22,Cattle,Indiana
"MITCHELL OPTICAL CO., INC.","Mitchell, Indiana


                    United States",0.22,Cattle,Indiana
"HEIDENREICH FARMS, INC.","Princeton, Indiana


                    United States",0.22,Cattle,Indiana
"BEILER, EDNA B","Fountain City, Indiana


                    United States",0.22,Cattle,Indiana
grubbs angus cattle,"Hillsboro, Indiana


                    United States",0.22,Cattle,Indiana
"Rudy, Clayton","Summitville, Indiana


                    United States",0.22,Cattle,Indiana
"HOGBACK HILL HOLSTEINS, LLC","Rome City, Indiana


                    United States",0.22,Cattle,Indiana
"Horn, Douglas","Bryant, Indiana


                    United States",0.22,Cattle,Indiana
"SCOTT GRAIN FARMS, INC.","Logansport, Indiana


                    United States",0.22,Cattle,Indiana
D.M. DAIRY FARMS LLC,"New Castle, Indiana


                    United States",0.22,Cattle,Indiana
"EICHER, LYNN","Fremont, Indiana


                    United States",0.22,Cattle,Indiana
"MESSMER, PAT","Huntingburg, Indiana


                    United States",0.22,Cattle,Indiana
"D3 FARMS, LLC","Salem, Indiana


                    United States",0.22,Cattle,Indiana
"Hirschy, Randy","Monroe, Indiana


                    United States",0.22,Cattle,Indiana
"Knepp, Eli","Loogootee, Indiana


                    United States",0.22,Cattle,Indiana
"ALEX, Gary","Clayton, Indiana


                    United States",0.22,Cattle,Indiana
BREWINGTON Farms,"Milan, Indiana


                    United States",0.22,Cattle,Indiana
"Mellencamp, David","Seymour, Indiana


                    United States",0.22,Cattle,Indiana
"Marks, Daniel","Hanna, Indiana


                    United States",0.22,Cattle,Indiana
"FOERG, SCOTT A","Logansport, Indiana


                    United States",0.22,Cattle,Indiana
"Kiesling, Larry","Loogootee, Indiana


                    United States",0.22,Cattle,Indiana
F B I FARMS INC,"Howe, Indiana


                    United States",0.22,Cattle,Indiana
Haupert Farms Inc,"North Manchester, Indiana


                    United States",0.21,Cattle,Indiana
Oak Ridge Farms Inc,"Logansport, Indiana


                    United States",0.24,Cattle,Indiana
UNITED DAIRY GROUP LLC,"Anderson, Indiana


                    United States",0.24,Cattle,Indiana
Drew Miller Farms Inc.,"Galveston, Indiana


                    United States",0.24,Cattle,Indiana
"Berlet, Jack","Walton, Indiana


                    United States",0.24,Cattle,Indiana
"OESCH, MIKE","Middlebury, Indiana


                    United States",0.24,Cattle,Indiana
Le me Johnson Farms INC,"Camden, Indiana


                    United States",0.24,Cattle,Indiana
MARK GOFFINET,"Tell City, Indiana


                    United States",0.24,Cattle,Indiana
"Hobson, Troy T","Heltonville, Indiana


                    United States",0.24,Cattle,Indiana
"BURNS, RICHARD A","Flora, Indiana


                    United States",0.24,Cattle,Indiana
Myers Triangle Farms Inc,"Howe, Indiana


                    United States",0.24,Cattle,Indiana
"Bontrager, Richard","Topeka, Indiana


                    United States",0.24,Cattle,Indiana
Forgey River View,"Logansport, Indiana


                    United States",0.24,Cattle,Indiana
"Otting,  Lorene","Seymour, Indiana


                    United States",0.24,Cattle,Indiana
"Storey, Jack Farm","Morocco, Indiana


                    United States",0.24,Cattle,Indiana
"HOFFMAN, GREGORY D","Birdseye, Indiana


                    United States",0.24,Cattle,Indiana
SHOCKNEY & SON INC,"Union City, Indiana


                    United States",0.24,Cattle,Indiana
"MUHLENKAMP, ALVIN","Portland, Indiana


                    United States",0.24,Cattle,Indiana
SPRING CREEK CATTLE CO. LLC,"Springville, Indiana


                    United States",0.24,Cattle,Indiana
Berning Dairy Farms,"Decatur, Indiana


                    United States",0.24,Cattle,Indiana
"KROMLAND, LLC","Rochester, Indiana


                    United States",0.24,Cattle,Indiana
"JACOB DAIRY, LLC","Birdseye, Indiana


                    United States",0.24,Cattle,Indiana
"Lancaster, R E Sons Inc","Trafalgar, Indiana


                    United States",0.24,Cattle,Indiana
"LOT HILL DAIRY FARM, LLC","Seymour, Indiana


                    United States",0.24,Cattle,Indiana
SUTTON FARMS,"Lowell, Indiana


                    United States",0.24,Cattle,Indiana
"DENNY, JOHN","Pekin, Indiana


                    United States",0.24,Cattle,Indiana
"BOOKS DAIRY & PRODUCE, INC.","Borden, Indiana


                    United States",0.24,Cattle,Indiana
DOERSTLER FARMS,"Greens Fork, Indiana


                    United States",0.24,Cattle,Indiana
RAMSAY FARM LLC,"Rockville, Indiana


                    United States",0.24,Cattle,Indiana
"CONRAD, Mark","Ossian, Indiana


                    United States",0.24,Cattle,Indiana
"DOUGLAS DESCHEPPER FARMS, INC.","Bremen, Indiana


                    United States",0.24,Cattle,Indiana
"CASE, SEBA","Rosedale, Indiana


                    United States",0.24,Cattle,Indiana
"Martin, Mike","Wakarusa, Indiana


                    United States",0.24,Cattle,Indiana
"Gamble, William","New Carlisle, Indiana


                    United States",0.24,Cattle,Indiana
"CAIN, ROGER","Greenfield, Indiana


                    United States",0.24,Cattle,Indiana
Dew Brook,"Berne, Indiana


                    United States",0.23,Cattle,Indiana
Serry Farms,"New Carlisle, Indiana


                    United States",0.23,Cattle,Indiana
"Sickafoose, Krik","Albion, Indiana


                    United States",0.23,Cattle,Indiana
"WESSELER, CHRISTOPHER A.","Liberty, Indiana


                    United States",0.23,Cattle,Indiana
"ARMBRUSTER, Dan","Syracuse, Indiana


                    United States",0.23,Cattle,Indiana
Garrett Dairy,"Franklin, Indiana


                    United States",0.23,Cattle,Indiana
"GIBSON, GARY","Shoals, Indiana


                    United States",0.23,Cattle,Indiana
"Center Feeds, LLC","Topeka, Indiana


                    United States",0.23,Cattle,Indiana
"Hagedorn, Randy Farm","Tell City, Indiana


                    United States",0.23,Cattle,Indiana
CREEKNOOK HOLSTEINS,"Goshen, Indiana


                    United States",0.23,Cattle,Indiana
Underhill Fancy Veal,"Greens Fork, Indiana


                    United States",0.23,Cattle,Indiana
"Fuhrmann, Ron","Hoagland, Indiana


                    United States",0.23,Cattle,Indiana
"MARTIN, BRENT E","Goshen, Indiana


                    United States",0.23,Cattle,Indiana
Robert Samuelson & Sons,"Plymouth, Indiana


                    United States",0.23,Cattle,Indiana
"TST FARMS, INC.","Brazil, Indiana


                    United States",0.23,Cattle,Indiana
"MONON VALLEY RANCH, INC.","Monon, Indiana


                    United States",0.23,Cattle,Indiana
MICHIGAN MILK PRODUCERS A,"Middlebury, Indiana


                    United States",0.31,Cattle,Indiana
Kurtz Enterprise,"New Haven, Indiana


                    United States",0.3,Cattle,Indiana
DIARY FARM,"Osceola, Indiana


                    United States",0.3,Cattle,Indiana
"OBERT FARMS, INC.","Fort Branch, Indiana


                    United States",0.29,Cattle,Indiana
"Ravellette, Charles","Oaktown, Indiana


                    United States",0.29,Cattle,Indiana
"Key, Barry","Swayzee, Indiana


                    United States",0.29,Cattle,Indiana
"REDDING, DAVID","Michigantown, Indiana


                    United States",0.29,Cattle,Indiana
"HOLLAND, Ted","Saint Paul, Indiana


                    United States",0.28,Cattle,Indiana
"Esh, Amos","Rockville, Indiana


                    United States",0.28,Cattle,Indiana
"Wyeth Farms, Inc.","North Salem, Indiana


                    United States",0.28,Cattle,Indiana
TREATY DAIRY LLC,"Macy, Indiana


                    United States",0.27,Cattle,Indiana
Herd Agri Enterprises,"Logansport, Indiana


                    United States",0.27,Cattle,Indiana
"Burgett, Thomas","Trafalgar, Indiana


                    United States",0.27,Cattle,Indiana
STEVE CARR,"Depauw, Indiana


                    United States",0.27,Cattle,Indiana
Dandy Breeze Dairy Farm Inc,"Sheridan, Indiana


                    United States",0.27,Cattle,Indiana
"Otten, Robert L Farms","Vincennes, Indiana


                    United States",0.27,Cattle,Indiana
IMS DAIRY LLP,"Nappanee, Indiana


                    United States",0.27,Cattle,Indiana
Four-Leaf Clover Dairy LLC,"Geneva, Indiana


                    United States",0.26,Cattle,Indiana
L & D Farms Inc,"Knox, Indiana


                    United States",0.26,Cattle,Indiana
"Yoder, Jerry","Ligonier, Indiana


                    United States",0.26,Cattle,Indiana
"BS FARMS, LLC","Bedford, Indiana


                    United States",0.26,Cattle,Indiana
"Goodwin, Randall","Wanatah, Indiana


                    United States",0.25,Cattle,Indiana
STEWART SELECT ANGUS LLC,"Greensburg, Indiana


                    United States",0.25,Cattle,Indiana
BRADLEY FARM ENTERPRISES LLC,"Trafalgar, Indiana


                    United States",0.25,Cattle,Indiana
"Snider Farms, LLP","New Paris, Indiana


                    United States",0.25,Cattle,Indiana
"CALF LAND, LLC","Fair Oaks, Indiana


                    United States",0.25,Cattle,Indiana
"Marrs, Steven","West Terre Haute, Indiana


                    United States",0.25,Cattle,Indiana
The Meyer Brothers,"Vincennes, Indiana


                    United States",0.25,Cattle,Indiana
Hoeing Livestock,"Rushville, Indiana


                    United States",0.25,Cattle,Indiana
"Kline, Dwight","Monterey, Indiana


                    United States",0.25,Cattle,Indiana
"Snel's, LLC","Denver, Indiana


                    United States",0.25,Cattle,Indiana
Butts Dairy Farm,"Cory, Indiana


                    United States",0.25,Cattle,Indiana
"VOLLMER FARMS, INC.","Jasper, Indiana


                    United States",0.25,Cattle,Indiana
Tri W Farms Inc,"Springport, Indiana


                    United States",0.25,Cattle,Indiana
"ONEEDA FARMS, LLC","Syracuse, Indiana


                    United States",0.25,Cattle,Indiana
Cormany Farms Inc,"Columbia City, Indiana


                    United States",0.25,Cattle,Indiana
FOREST GROVE DAIRY,"Middlebury, Indiana


                    United States",0.25,Cattle,Indiana
MOUGHLER BROTHERS INC,"Butler, Indiana


                    United States",0.25,Cattle,Indiana
"MCDONALD FARMS ON HONEY CREEK, LLC","Hardinsburg, Indiana


                    United States",0.25,Cattle,Indiana
LAKESHORE DISTRIBUTION INC,"Gary, Indiana


                    United States",0.25,Cattle,Indiana
"Rorig, Darin","Brownstown, Indiana


                    United States",0.25,Cattle,Indiana
"SPREEN FARMS, LLC","Williams, Indiana


                    United States",0.25,Cattle,Indiana
"OVERMYER, DALE","Rochester, Indiana


                    United States",0.25,Cattle,Indiana
"HICKERSON FAMILY FARMS, LLC","Greenfield, Indiana


                    United States",0.25,Cattle,Indiana
GREENMEADOW FARMS INC,"Liberty, Indiana


                    United States",0.25,Cattle,Indiana
Richard Darrell,"Goshen, Indiana


                    United States",0.25,Cattle,Indiana
"Hornbrook, Harold","Angola, Indiana


                    United States",0.25,Cattle,Indiana
Nowatzke Cattle Company,"Michigan City, Indiana


                    United States",0.25,Cattle,Indiana
BETH HOSTETLER,"Milford, Indiana


                    United States",0.25,Cattle,Indiana
Young Family Farms General Partnership,"Wolcottville, Indiana


                    United States",0.24,Cattle,Indiana
"OAKALLA VALLEY, INC.","Greencastle, Indiana


                    United States",0.46,Cattle,Indiana
VINCENT GEORGES AND SONS FARMS INCORPORATED,"Fort Branch, Indiana


                    United States",0.46,Cattle,Indiana
"KUEHNERT DAIRY, INC.","Fort Wayne, Indiana


                    United States",0.44,Cattle,Indiana
WILLEMSEN DAIRY LLC,"Anderson, Indiana


                    United States",0.44,Cattle,Indiana
WRIGHT LON,"Muncie, Indiana


                    United States",0.44,Cattle,Indiana
"Lawson Farms, Inc","Thorntown, Indiana


                    United States",0.44,Cattle,Indiana
"Maple Crest Farms, Inc.","Elkhart, Indiana


                    United States",0.43,Cattle,Indiana
"Rhoads, David Farm","New Ross, Indiana


                    United States",0.43,Cattle,Indiana
"ISOM, STEPHEN","Mitchell, Indiana


                    United States",0.43,Cattle,Indiana
"JACKSON DAIRY FARM, INC.","Marion, Indiana


                    United States",0.43,Cattle,Indiana
HAUSWALD FARMS LLC,"Corydon, Indiana


                    United States",0.43,Cattle,Indiana
"Hoevener, Harold","Crothersville, Indiana


                    United States",0.42,Cattle,Indiana
New Generation Dairy Inc,"Owensville, Indiana


                    United States",0.42,Cattle,Indiana
DEKOCK FEEDLOT INC,"Fair Oaks, Indiana


                    United States",0.42,Cattle,Indiana
"DAIRYBUSINESS, LLC","Indianapolis, Indiana


                    United States",0.41,Cattle,Indiana
"DEARDORFF, LORETTA ANN","Macy, Indiana


                    United States",0.4,Cattle,Indiana
"MOORE, ROBERT D.","Rensselaer, Indiana


                    United States",0.4,Cattle,Indiana
Gregory & Debora Smoker,"Wanatah, Indiana


                    United States",0.4,Cattle,Indiana
"SCHMUCKER, REBECCA","Hamilton, Indiana


                    United States",0.39,Cattle,Indiana
"Copp, Harold Farms Inc","Columbia City, Indiana


                    United States",0.39,Cattle,Indiana
GROW FARMS & FEEDLOTS INC,"Rensselaer, Indiana


                    United States",0.39,Cattle,Indiana
"Troyer, Harold","Albion, Indiana


                    United States",0.39,Cattle,Indiana
EASTSIDE DAIRY LLC,"Demotte, Indiana


                    United States",0.38,Cattle,Indiana
"Gamble Dairy Farm, LLC","New Carlisle, Indiana


                    United States",0.38,Cattle,Indiana
"GERLACH, F","Star City, Indiana


                    United States",0.38,Cattle,Indiana
"NOR-BERT FARMS, LLC","Bremen, Indiana


                    United States",0.38,Cattle,Indiana
W S ROBERTS & SONS INC,"Campbellsburg, Indiana


                    United States",0.38,Cattle,Indiana
"WILTFANG, GARRY","Rensselaer, Indiana


                    United States",0.38,Cattle,Indiana
"NEFF, CHAD","Howe, Indiana


                    United States",0.37,Cattle,Indiana
Hank Kuypers Inc,"Valparaiso, Indiana


                    United States",0.37,Cattle,Indiana
"MCCARTY, DANNY","Shoals, Indiana


                    United States",0.37,Cattle,Indiana
GRATE AND SONS DAIRY FARMS INC,"Waterloo, Indiana


                    United States",0.37,Cattle,Indiana
"HORSTMAN CATTLE COMPANY, L.L.C.","West Lafayette, Indiana


                    United States",0.37,Cattle,Indiana
"SHARMA-MEHAFFEY FARMS, LLC","Pence, Indiana


                    United States",0.36,Cattle,Indiana
"Ward, R & R Farms Inc","Crawfordsville, Indiana


                    United States",0.36,Cattle,Indiana
"GRABER, JAMES H","Montgomery, Indiana


                    United States",0.36,Cattle,Indiana
MJC PRECISION DAIRY SOLUTIONS LLC,"New Paris, Indiana


                    United States",0.36,Cattle,Indiana
Harger Farms Inc,"Noblesville, Indiana


                    United States",0.35,Cattle,Indiana
ARMES GRAIN & LIVESTOCK,"Washington, Indiana


                    United States",0.35,Cattle,Indiana
"Speer, Dan","Holton, Indiana


                    United States",0.35,Cattle,Indiana
"Morrow, Michael","Logansport, Indiana


                    United States",0.34,Cattle,Indiana
"SUNNY PARK DAIRY, INC.","Bluffton, Indiana


                    United States",0.34,Cattle,Indiana
"HOUMES, BRYAN","Veedersburg, Indiana


                    United States",0.33,Cattle,Indiana
"Guse, Donald","Wanatah, Indiana


                    United States",0.33,Cattle,Indiana
"Hertges, Ronald Inc","La Porte, Indiana


                    United States",0.33,Cattle,Indiana
"LAMBRING, LEROY","Brownstown, Indiana


                    United States",0.32,Cattle,Indiana
"Amish Country Dairy, LLP","Shipshewana, Indiana


                    United States",0.32,Cattle,Indiana
"BAIRD, BRIAN ALAN","Marysville, Indiana


                    United States",0.32,Cattle,Indiana
"SULPHUR CREEK VALLEY FARMS, LLC","French Lick, Indiana


                    United States",0.32,Cattle,Indiana
"MILKY WAY DAIRY, LLC","New Paris, Indiana


                    United States",0.31,Cattle,Indiana
"Benton Dairy, LLC","Ambia, Indiana


                    United States",5.11,Cattle,Indiana
FAIR OAKS DAIRY ADVENTURE,"Fair Oaks, Indiana


                    United States",3.44,Cattle,Indiana
"Prairies Edge Dairy Farms, LLC","Fair Oaks, Indiana


                    United States",2.96,Cattle,Indiana
"HOMESTEAD DAIRY, LLC","Plymouth, Indiana


                    United States",2.58,Cattle,Indiana
"Bos Dairy, Ltd","Fair Oaks, Indiana


                    United States",2.44,Cattle,Indiana
"Curtis Creek Dairy, LLC","Fair Oaks, Indiana


                    United States",2.42,Cattle,Indiana
Hand Industries Inc,"Warsaw, Indiana


                    United States",2.27,Cattle,Indiana
"WINDY RIDGE DAIRY, LLC","Fair Oaks, Indiana


                    United States",2.26,Cattle,Indiana
"Traders Point Farm Organics, Inc.","Zionsville, Indiana


                    United States",2.18,Cattle,Indiana
Brenneke Dairy Farm LLC,"Woodburn, Indiana


                    United States",1.5,Cattle,Indiana
Indiana Beef Cattle Association Inc,"Indianapolis, Indiana


                    United States",1.26,Cattle,Indiana
De Jong Family Farms LLC,"Twelve Mile, Indiana


                    United States",1.09,Cattle,Indiana
"PROVIDENCE DAIRY, LLC","Francesville, Indiana


                    United States",1.03,Cattle,Indiana
"MILCO DAIRY FARM, L.L.C.","Lewisville, Indiana


                    United States",1,Cattle,Indiana
"CRYSTAL SPRINGS CREAMERY, LLC","Osceola, Indiana


                    United States",0.98,Cattle,Indiana
"HERREMA DAIRY, LLC","Fair Oaks, Indiana


                    United States",0.97,Cattle,Indiana
HUDSON FARMS INC,"Roann, Indiana


                    United States",0.96,Cattle,Indiana
"JRM Associates, L.P.","Whiteland, Indiana


                    United States",0.95,Cattle,Indiana
NEU HOPE DAIRY INC,"Bluffton, Indiana


                    United States",0.93,Cattle,Indiana
Kennedy Farms,"Lamar, Indiana


                    United States",0.91,Cattle,Indiana
"Sunshine Dairy, LLC","Andrews, Indiana


                    United States",0.91,Cattle,Indiana
"Hidden View Dairy, LLC","Rensselaer, Indiana


                    United States",0.9,Cattle,Indiana
Frauhiger Livestock LLC,"Montpelier, Indiana


                    United States",0.9,Cattle,Indiana
Bowman Dairy Farms LLC,"Hagerstown, Indiana


                    United States",0.84,Cattle,Indiana
"E.J. Dairies, Inc.","Crown Point, Indiana


                    United States",0.83,Cattle,Indiana
"Nelson, Mike","Burket, Indiana


                    United States",0.81,Cattle,Indiana
"Irish Acres Dairy, LLC","Monroe, Indiana


                    United States",0.8,Cattle,Indiana
"RU-BARB HOLSTEINS, INC.","La Porte, Indiana


                    United States",0.76,Cattle,Indiana
"SEVEN HILLS DAIRY, LLC.","Goodland, Indiana


                    United States",0.66,Cattle,Indiana
Ault Farms Inc,"Rochester, Indiana


                    United States",0.65,Cattle,Indiana
"DMS DAIRY, LLC","Wakarusa, Indiana


                    United States",0.64,Cattle,Indiana
"New Holland Dairy, LLC","Anderson, Indiana


                    United States",0.62,Cattle,Indiana
"ESCHBACHER,KYLE A","Laconia, Indiana


                    United States",0.59,Cattle,Indiana
OAK BASIN DAIRY LLC,"Demotte, Indiana


                    United States",0.53,Cattle,Indiana
"UNION GO-DAIRY, LLC.","Winchester, Indiana


                    United States",0.52,Cattle,Indiana
"Next Generations Dairy, LLC","Berne, Indiana


                    United States",0.5,Cattle,Indiana
Triple M Dairy LLC,"La Porte, Indiana


                    United States",0.49,Cattle,Indiana
"BOS DAIRY, LLC","Fair Oaks, Indiana


                    United States",0.49,Cattle,Indiana
"MARTIN, LONNIE D","Mentone, Indiana


                    United States",0.49,Cattle,Indiana
HAYES SPRING VALLEY HIDEAWAY LLC,"Bloomington, Indiana


                    United States",0.49,Cattle,Indiana
Freyberger Farms Inc,"Dubois, Indiana


                    United States",0.49,Cattle,Indiana
SUPERIOR DAIRY LLC,"Garrett, Indiana


                    United States",0.49,Cattle,Indiana
Heartland Holsteins LLC,"Roann, Indiana


                    United States",0.48,Cattle,Indiana
"HAYNES DAIRY FARM, INC.","Garrett, Indiana


                    United States",0.48,Cattle,Indiana
"Griffey, Daniel","Milton, Indiana


                    United States",0.48,Cattle,Indiana
GENEVA DAIRY LLC,"Anderson, Indiana


                    United States",0.48,Cattle,Indiana
"Barker, Patrick","Kendallville, Indiana


                    United States",0.48,Cattle,Indiana
"NEW DAWN DAIRY, LLC","Huntington, Indiana


                    United States",0.48,Cattle,Indiana
"GUY DEBORD & SONS FARMS, INC.","Wheatland, Indiana


                    United States",0.46,Cattle,Indiana
"ADAM, SR, JOHN F","Sellersburg, Indiana


                    United States",0.46,Cattle,Indiana
"Rhodes, Larry","Carlinville, Illinois


                    United States",0.09,Cattle,Illinois
"Hertter, Victor","Golconda, Illinois


                    United States",0.09,Cattle,Illinois
"Eden, Kenneth","Stockton, Illinois


                    United States",0.09,Cattle,Illinois
"Webster, Leon","West Point, Illinois


                    United States",0.09,Cattle,Illinois
"Lewis, Jim","Wheeler, Illinois


                    United States",0.09,Cattle,Illinois
"ERNST, DWAYNE","Hillsboro, Illinois


                    United States",0.09,Cattle,Illinois
Boydstun Farms,"Saint Augustine, Illinois


                    United States",0.09,Cattle,Illinois
"Harrington, John","Cisne, Illinois


                    United States",0.09,Cattle,Illinois
"Kings, Dl Sons Farms","Thompsonville, Illinois


                    United States",0.09,Cattle,Illinois
"Schlipf, John  M","Gridley, Illinois


                    United States",0.09,Cattle,Illinois
"Burnham, James","Macomb, Illinois


                    United States",0.09,Cattle,Illinois
"Reed, Randy","Hoopeston, Illinois


                    United States",0.09,Cattle,Illinois
"Huelsmann, James","Trenton, Illinois


                    United States",0.09,Cattle,Illinois
"Ward, Greg","Findlay, Illinois


                    United States",0.09,Cattle,Illinois
"Vatthauer, Robert","Moweaqua, Illinois


                    United States",0.09,Cattle,Illinois
"Ottens, Donald","Chadwick, Illinois


                    United States",0.09,Cattle,Illinois
"Kloepping, Gary","Lanark, Illinois


                    United States",0.09,Cattle,Illinois
"Westjohn, Robert Farm","Sigel, Illinois


                    United States",0.09,Cattle,Illinois
"Farrell, John","Martinsville, Illinois


                    United States",0.09,Cattle,Illinois
"RATERMANN DAIRY, LLC","Breese, Illinois


                    United States",0.09,Cattle,Illinois
"Rehn,  Richard","Osco, Illinois


                    United States",0.09,Cattle,Illinois
"Reimer, Allen","Capron, Illinois


                    United States",0.09,Cattle,Illinois
"SEATON, JAMES","Casey, Illinois


                    United States",0.09,Cattle,Illinois
TRIMBLE FARMS,"Robinson, Illinois


                    United States",0.09,Cattle,Illinois
"SPORY, JANET L","Sutter, Illinois


                    United States",0.09,Cattle,Illinois
"LOGAN, PHILIP EDWARD","Dallas City, Illinois


                    United States",0.09,Cattle,Illinois
"DUDLEY, Mike","Petersburg, Illinois


                    United States",0.08,Cattle,Illinois
"Musser, James","Pearl City, Illinois


                    United States",0.08,Cattle,Illinois
"Young, Jay D","Greenville, Illinois


                    United States",0.08,Cattle,Illinois
Behrens Donald,"Savanna, Illinois


                    United States",0.08,Cattle,Illinois
"Kirchgessner, Dennis","Washburn, Illinois


                    United States",0.08,Cattle,Illinois
Sunny Brook Farms,"Belvidere, Illinois


                    United States",0.08,Cattle,Illinois
"Nelson, Dean R","Oneida, Illinois


                    United States",0.08,Cattle,Illinois
Tanglefoot Ranch,"Simpson, Illinois


                    United States",0.08,Cattle,Illinois
Thole Farms,"Galena, Illinois


                    United States",0.08,Cattle,Illinois
CEDAR LANE FARM,"Campbell Hill, Illinois


                    United States",0.08,Cattle,Illinois
"Schupbach, Charles","Sparta, Illinois


                    United States",0.08,Cattle,Illinois
"Helmink, Joe","Teutopolis, Illinois


                    United States",0.08,Cattle,Illinois
"Geppert, Stanley","Oakdale, Illinois


                    United States",0.08,Cattle,Illinois
"Heumann, Howard","Du Quoin, Illinois


                    United States",0.08,Cattle,Illinois
"BIRCH, GARRY D","Ingraham, Illinois


                    United States",0.08,Cattle,Illinois
"KOCHER, WERNER E.","Dundas, Illinois


                    United States",0.08,Cattle,Illinois
"Anderson, Larry","Malta, Illinois


                    United States",0.08,Cattle,Illinois
"Thomson, James","Utica, Illinois


                    United States",0.08,Cattle,Illinois
DAVE ROONE,"Geneseo, Illinois


                    United States",0.08,Cattle,Illinois
"Bueker, Dennis","Sigel, Illinois


                    United States",0.08,Cattle,Illinois
"Laforge, Wayne","New Holland, Illinois


                    United States",0.08,Cattle,Illinois
"Schweigert, Dan","Tremont, Illinois


                    United States",0.08,Cattle,Illinois
"Dunn, John","Gillespie, Illinois


                    United States",0.08,Cattle,Illinois
"Austin, R","Dix, Illinois


                    United States",0.08,Cattle,Illinois
"Bierman, Joe","Newton, Illinois


                    United States",0.09,Cattle,Illinois
"Altic, Charles","Hanna City, Illinois


                    United States",0.09,Cattle,Illinois
"BUCHOLZ, DAROLD","Saint Augustine, Illinois


                    United States",0.09,Cattle,Illinois
"Mosbacher, Steven","Prairie Du Rocher, Illinois


                    United States",0.09,Cattle,Illinois
"Winkelmann, Wayne","Petersburg, Illinois


                    United States",0.09,Cattle,Illinois
"lindsey, John","Makanda, Illinois


                    United States",0.09,Cattle,Illinois
"BUETTNER, KENNETH","La Moille, Illinois


                    United States",0.09,Cattle,Illinois
"PANN, HENRY","South Beloit, Illinois


                    United States",0.09,Cattle,Illinois
"Wesbecher, Harold","Evansville, Illinois


                    United States",0.09,Cattle,Illinois
Prairie View Farms,"Gridley, Illinois


                    United States",0.09,Cattle,Illinois
"Penczek, Jeff","Paris, Illinois


                    United States",0.09,Cattle,Illinois
"Harness, Brent","Sutter, Illinois


                    United States",0.09,Cattle,Illinois
ROBERT DAIRY FARM,"Red Bud, Illinois


                    United States",0.09,Cattle,Illinois
"TEGELER, DON L.","Teutopolis, Illinois


                    United States",0.09,Cattle,Illinois
"Hugo, Dan","Centralia, Illinois


                    United States",0.09,Cattle,Illinois
"Broadway, David","Golconda, Illinois


                    United States",0.09,Cattle,Illinois
"Hitchings, Jim","Waggoner, Illinois


                    United States",0.09,Cattle,Illinois
"Hingdon,Wesley","Gridley, Illinois


                    United States",0.09,Cattle,Illinois
Oak Knoll Ranch,"Fults, Illinois


                    United States",0.09,Cattle,Illinois
"Grant, Daryl","Kewanee, Illinois


                    United States",0.09,Cattle,Illinois
"ELIM ACRES, INC.","Lincoln, Illinois


                    United States",0.09,Cattle,Illinois
Fransin Dairy Farm,"Scales Mound, Illinois


                    United States",0.09,Cattle,Illinois
"Shelton, Tom","Seneca, Illinois


                    United States",0.09,Cattle,Illinois
Taplin Farms,"Pontiac, Illinois


                    United States",0.09,Cattle,Illinois
"Carlson, J P Feeders Inc","Loves Park, Illinois


                    United States",0.09,Cattle,Illinois
"RICHMOND, THOMAS R.","Hanover, Illinois


                    United States",0.09,Cattle,Illinois
Irish- D Farm,"Serena, Illinois


                    United States",0.09,Cattle,Illinois
"Huppe, Henry","Arenzville, Illinois


                    United States",0.09,Cattle,Illinois
"SPENGLER, BRANDON J","Sherrard, Illinois


                    United States",0.09,Cattle,Illinois
"Salger, Gene","Evansville, Illinois


                    United States",0.09,Cattle,Illinois
"Highland, Barry","Cornell, Illinois


                    United States",0.09,Cattle,Illinois
"Hall, Gene D","Colchester, Illinois


                    United States",0.09,Cattle,Illinois
"MILLER, D","Mount Carroll, Illinois


                    United States",0.09,Cattle,Illinois
"MOORE, DAVID","Huntley, Illinois


                    United States",0.09,Cattle,Illinois
LESLIE WUNDROW,"Poplar Grove, Illinois


                    United States",0.09,Cattle,Illinois
"Terstreip, Russell","Hull, Illinois


                    United States",0.09,Cattle,Illinois
"Rohrer, Keith","Avon, Illinois


                    United States",0.09,Cattle,Illinois
"Weiser, Donald","Walsh, Illinois


                    United States",0.09,Cattle,Illinois
"Finkes, William","Dow, Illinois


                    United States",0.09,Cattle,Illinois
"Hirons, Knox","Waltonville, Illinois


                    United States",0.09,Cattle,Illinois
"HORSTMANN, JAMES","New Baden, Illinois


                    United States",0.09,Cattle,Illinois
"Brinkman,   Leroy","Payson, Illinois


                    United States",0.09,Cattle,Illinois
"Bailey, Eric","Farina, Illinois


                    United States",0.09,Cattle,Illinois
"lindquist, mark","Lynn Center, Illinois


                    United States",0.09,Cattle,Illinois
"Ver Schoore, Tom","Taylor Ridge, Illinois


                    United States",0.09,Cattle,Illinois
"Knop, Kenneth","Campbell Hill, Illinois


                    United States",0.09,Cattle,Illinois
"Vandermyde, Frank","Morrison, Illinois


                    United States",0.09,Cattle,Illinois
"Barrow, Alvin","Palmyra, Illinois


                    United States",0.09,Cattle,Illinois
"Wettstein, Larry","Eureka, Illinois


                    United States",0.09,Cattle,Illinois
"Deters, James","Teutopolis, Illinois


                    United States",0.09,Cattle,Illinois
"Rodgers, Larry","Ava, Illinois


                    United States",0.09,Cattle,Illinois
"Terwilliger, James","Avon, Illinois


                    United States",0.09,Cattle,Illinois
"MORHARDT, HAROLD","Elizabeth, Illinois


                    United States",0.09,Cattle,Illinois
"WEXELL, JEFF","Cambridge, Illinois


                    United States",0.09,Cattle,Illinois
"BESHER, HENRY","Red Bud, Illinois


                    United States",0.09,Cattle,Illinois
highway angus farm,"Elmwood, Illinois


                    United States",0.09,Cattle,Illinois
"Meyer, Paul","Iuka, Illinois


                    United States",0.09,Cattle,Illinois
RICHLANE FARM,"Highland, Illinois


                    United States",0.09,Cattle,Illinois
"Morgan, Rick","Salem, Illinois


                    United States",0.09,Cattle,Illinois
"Bisby, Roger","Carthage, Illinois


                    United States",0.09,Cattle,Illinois
"POPKIN, VIRGINIA A.","Morrison, Illinois


                    United States",0.09,Cattle,Illinois
"Reiman, Roger","Ava, Illinois


                    United States",0.09,Cattle,Illinois
"Hihkle, Norman","Buncombe, Illinois


                    United States",0.09,Cattle,Illinois
"Kaufman, Mark","Effingham, Illinois


                    United States",0.09,Cattle,Illinois
"Meyer, Charles","Worden, Illinois


                    United States",0.09,Cattle,Illinois
"AMANN, HAROLD","Belleville, Illinois


                    United States",0.09,Cattle,Illinois
"KOESTER, DAVID","Dakota, Illinois


                    United States",0.09,Cattle,Illinois
"Nusbaum, Jeff","Coleta, Illinois


                    United States",0.09,Cattle,Illinois
PENDARVIS FARMS LTD.,"Prairie City, Illinois


                    United States",0.09,Cattle,Illinois
Reiss Brothers,"Fulton, Illinois


                    United States",0.09,Cattle,Illinois
"Attig, George","Reynolds, Illinois


                    United States",0.09,Cattle,Illinois
"Schaffer, Lynn","Fairbury, Illinois


                    United States",0.09,Cattle,Illinois
"Tebbe, Eugene","Breese, Illinois


                    United States",0.09,Cattle,Illinois
"Diekemper, Wayne","Carlyle, Illinois


                    United States",0.09,Cattle,Illinois
TWISTED Q BARBEQUE,"Homewood, Illinois


                    United States",0.09,Cattle,Illinois
"Herzog, Paul","Prairie Du Rocher, Illinois


                    United States",0.09,Cattle,Illinois
"TIPPETT, WILLIAM H","Galena, Illinois


                    United States",0.09,Cattle,Illinois
"Foiles, Garland","Medora, Illinois


                    United States",0.09,Cattle,Illinois
"Miller, TOM","Teutopolis, Illinois


                    United States",0.09,Cattle,Illinois
"SCHWARTZKOPF, CORY","Nashville, Illinois


                    United States",0.09,Cattle,Illinois
Law-Rae Manor Dairy Farm,"Manteno, Illinois


                    United States",0.09,Cattle,Illinois
"Smith, Brent","Saint Elmo, Illinois


                    United States",0.09,Cattle,Illinois
"Hutson, William","Niota, Illinois


                    United States",0.09,Cattle,Illinois
"Foulk, Franklin","Compton, Illinois


                    United States",0.09,Cattle,Illinois
"Yeast, Ronald","Atlanta, Illinois


                    United States",0.09,Cattle,Illinois
"Bennington, Michael","Dwight, Illinois


                    United States",0.09,Cattle,Illinois
"Gordley, Jerry","Cantrall, Illinois


                    United States",0.09,Cattle,Illinois
"J.B.'S RANCH, LLC","Lockport, Illinois


                    United States",0.09,Cattle,Illinois
"Flessner, Brian","Roberts, Illinois


                    United States",0.09,Cattle,Illinois
"MILLER, ALAN J.","Gridley, Illinois


                    United States",0.09,Cattle,Illinois
"KLEHM, ELMER","Tonica, Illinois


                    United States",0.09,Cattle,Illinois
"Weigmann, Kevin","Trenton, Illinois


                    United States",0.09,Cattle,Illinois
"Gregory, Steve","Alexis, Illinois


                    United States",0.09,Cattle,Illinois
"Heckert, Jeff","Addieville, Illinois


                    United States",0.09,Cattle,Illinois
"Riewerts, Dale","Geneseo, Illinois


                    United States",0.09,Cattle,Illinois
"Parks, Paul","Table Grove, Illinois


                    United States",0.09,Cattle,Illinois
"Biebel, Oliver","Mascoutah, Illinois


                    United States",0.09,Cattle,Illinois
"Peters, Berlin","Toledo, Illinois


                    United States",0.09,Cattle,Illinois
Windy River Cattle Co,"Apple River, Illinois


                    United States",0.09,Cattle,Illinois
WILLOW LEA STOCK FARM,"Woodstock, Illinois


                    United States",0.09,Cattle,Illinois
"Rainford, Roger","Frankfort, Illinois


                    United States",0.1,Cattle,Illinois
"Schultheis, Kenneth","Fults, Illinois


                    United States",0.1,Cattle,Illinois
DBA JULIO DIAZ LIMITED LIABILITY COMPANY,"Chicago, Illinois


                    United States",0.1,Cattle,Illinois
LEJ Cattle Company,"Elwood, Illinois


                    United States",0.1,Cattle,Illinois
"DEAN CHENOWETH FARM, INC.","Macomb, Illinois


                    United States",0.1,Cattle,Illinois
"Mueller, Alfred","Lenzburg, Illinois


                    United States",0.1,Cattle,Illinois
Groennert Brothers,"Nashville, Illinois


                    United States",0.1,Cattle,Illinois
"Johnson, Darrell","Oconee, Illinois


                    United States",0.1,Cattle,Illinois
"Bartel, Ronald","Harvard, Illinois


                    United States",0.1,Cattle,Illinois
"PLEASANT VIEW ACRES, INC.","Galva, Illinois


                    United States",0.1,Cattle,Illinois
"Lee, Lars","Poplar Grove, Illinois


                    United States",0.1,Cattle,Illinois
"Hoene, Henry","Effingham, Illinois


                    United States",0.1,Cattle,Illinois
"Link, Bradley","La Harpe, Illinois


                    United States",0.1,Cattle,Illinois
H & M Dairy,"Gridley, Illinois


                    United States",0.1,Cattle,Illinois
"Finke, Henry","Nashville, Illinois


                    United States",0.1,Cattle,Illinois
"Marcoot, Roger","Greenville, Illinois


                    United States",0.1,Cattle,Illinois
"Pinski, Benedict","Nashville, Illinois


                    United States",0.1,Cattle,Illinois
"Maul, Lester","Rankin, Illinois


                    United States",0.1,Cattle,Illinois
"Edler, Vincent L","Pearl City, Illinois


                    United States",0.1,Cattle,Illinois
"Traiteur, Dennis","Red Bud, Illinois


                    United States",0.1,Cattle,Illinois
"Bunnage, James","Ellery, Illinois


                    United States",0.1,Cattle,Illinois
"LINDELL, MICHAEL","Aledo, Illinois


                    United States",0.1,Cattle,Illinois
"Reed, Richard","Sterling, Illinois


                    United States",0.1,Cattle,Illinois
"Buente, Harley","Bonfield, Illinois


                    United States",0.1,Cattle,Illinois
"HULS, NANCY KAY","Carthage, Illinois


                    United States",0.1,Cattle,Illinois
PRAIRIE VIEW ACRES L.L.C.,"Mount Pulaski, Illinois


                    United States",0.1,Cattle,Illinois
"Benson, Eric","Morrison, Illinois


                    United States",0.1,Cattle,Illinois
"Boehm, Jeff","Cowden, Illinois


                    United States",0.1,Cattle,Illinois
"NORTH SHORE FEEDING SPECIALISTS, LLC","Deerfield, Illinois


                    United States",0.1,Cattle,Illinois
"Edelman, Warren","Fairbury, Illinois


                    United States",0.1,Cattle,Illinois
"BREMER, JEFF","Metropolis, Illinois


                    United States",0.1,Cattle,Illinois
"Long, Leonard","Sterling, Illinois


                    United States",0.1,Cattle,Illinois
"METEER, Lee","Blue Mound, Illinois


                    United States",0.1,Cattle,Illinois
Bell Farms,"Viola, Illinois


                    United States",0.1,Cattle,Illinois
"Timmermann, Alan","Breese, Illinois


                    United States",0.1,Cattle,Illinois
"Anderson, George","Pecatonica, Illinois


                    United States",0.1,Cattle,Illinois
"Kerr, Gerald","Dakota, Illinois


                    United States",0.1,Cattle,Illinois
"Dueringer, Larry","Melvin, Illinois


                    United States",0.1,Cattle,Illinois
"Hugenberg, D","Liberty, Illinois


                    United States",0.1,Cattle,Illinois
"Vantine, Roger","Gladstone, Illinois


                    United States",0.1,Cattle,Illinois
"Harrell, Jay","Stronghurst, Illinois


                    United States",0.1,Cattle,Illinois
"Wilson, Marlin","Sparta, Illinois


                    United States",0.1,Cattle,Illinois
"Browning, Keith","West Frankfort, Illinois


                    United States",0.1,Cattle,Illinois
"Brown, Roger","Altona, Illinois


                    United States",0.1,Cattle,Illinois
Zimmerman Brothers,"Orangeville, Illinois


                    United States",0.1,Cattle,Illinois
"Ward, Arthur & Diana M","Cobden, Illinois


                    United States",0.1,Cattle,Illinois
WILL BROTHERS PARTNERSHIP,"Montrose, Illinois


                    United States",0.1,Cattle,Illinois
"HOMANN, JIM","Altamont, Illinois


                    United States",0.1,Cattle,Illinois
"Lacey, Ed","Kinmundy, Illinois


                    United States",0.1,Cattle,Illinois
Rutledge Farms,"Bluford, Illinois


                    United States",0.1,Cattle,Illinois
MANSHOLT LIVESTOCK CO,"Alhambra, Illinois


                    United States",0.11,Cattle,Illinois
"Wesselmann, Andrew","Carlyle, Illinois


                    United States",0.11,Cattle,Illinois
"Eden, Clyde","Stockton, Illinois


                    United States",0.11,Cattle,Illinois
"Craig, Paul","Oconee, Illinois


                    United States",0.11,Cattle,Illinois
"Blunt, Michael","Sorento, Illinois


                    United States",0.11,Cattle,Illinois
"Weide, Ward","Lena, Illinois


                    United States",0.11,Cattle,Illinois
"HEIMERDINGER FARMS, INC.","Pearl City, Illinois


                    United States",0.11,Cattle,Illinois
BINGMAN FARMS,"Carmi, Illinois


                    United States",0.11,Cattle,Illinois
"Thiel, Harold","Pontiac, Illinois


                    United States",0.11,Cattle,Illinois
"Cole, Larry","Roberts, Illinois


                    United States",0.11,Cattle,Illinois
"Buswell, Darrel","Ipava, Illinois


                    United States",0.11,Cattle,Illinois
Staley Farm Inc,"Newton, Illinois


                    United States",0.1,Cattle,Illinois
"Reed, Terry Farms","Cambridge, Illinois


                    United States",0.1,Cattle,Illinois
"Hayer, Michael","Sparta, Illinois


                    United States",0.1,Cattle,Illinois
WING CREST DAIRY INCORPORATED,"Trenton, Illinois


                    United States",0.1,Cattle,Illinois
"Butler, Wayne","Dongola, Illinois


                    United States",0.1,Cattle,Illinois
Hinshaw Farm,"Hudson, Illinois


                    United States",0.1,Cattle,Illinois
"Woltes, Donald","Percy, Illinois


                    United States",0.1,Cattle,Illinois
"Meyer, Duane","Edwardsville, Illinois


                    United States",0.1,Cattle,Illinois
"Watson, Lewis","Olmsted, Illinois


                    United States",0.1,Cattle,Illinois
"STEELE, JOHN D","Elizabeth, Illinois


                    United States",0.1,Cattle,Illinois
"E. KNODLE FARMS, INC.","Fillmore, Illinois


                    United States",0.1,Cattle,Illinois
"Britton, Troy","Louisville, Illinois


                    United States",0.1,Cattle,Illinois
Cardinal Cattle,"Wyoming, Illinois


                    United States",0.1,Cattle,Illinois
"ZIMMERMAN, DAVID","El Paso, Illinois


                    United States",0.1,Cattle,Illinois
"Hanson, Theodore","Monmouth, Illinois


                    United States",0.1,Cattle,Illinois
"Hill, Brian","Tamaroa, Illinois


                    United States",0.1,Cattle,Illinois
"ANDRAS STOCK FARM, LLC","Manchester, Illinois


                    United States",0.1,Cattle,Illinois
"Bonne, Burdette","Monroe Center, Illinois


                    United States",0.1,Cattle,Illinois
"Nordsiek, Don","Arenzville, Illinois


                    United States",0.1,Cattle,Illinois
"Potthast, Betty","Carlyle, Illinois


                    United States",0.1,Cattle,Illinois
"Grant, John","Marion, Illinois


                    United States",0.1,Cattle,Illinois
"Mueller Farm, William G","Taylor Ridge, Illinois


                    United States",0.1,Cattle,Illinois
RO-AN FARMS,"Venedy, Illinois


                    United States",0.1,Cattle,Illinois
AG DAIRY,"Crystal Lake, Illinois


                    United States",0.1,Cattle,Illinois
"JACOBS CATTLE, INC.","Carlinville, Illinois


                    United States",0.1,Cattle,Illinois
"Reinkemeyer Acres, LLC","Saint Elizabeth, Missouri


                    United States",0.1,Cattle,Illinois
Carters Corner Dairy Inc,"Greenville, Illinois


                    United States",0.1,Cattle,Illinois
"CHENOWETH, DALE","Table Grove, Illinois


                    United States",0.1,Cattle,Illinois
"Krueger, Dale","Shipman, Illinois


                    United States",0.1,Cattle,Illinois
"BRENNEMAN, Nelson","Clayton, Illinois


                    United States",0.1,Cattle,Illinois
"Borntrager, Floyd","Mattoon, Illinois


                    United States",0.1,Cattle,Illinois
"Gray, Joe","Alto Pass, Illinois


                    United States",0.1,Cattle,Illinois
"Schultz, Arnold","Cerro Gordo, Illinois


                    United States",0.1,Cattle,Illinois
"McPheron, Bill","Decatur, Illinois


                    United States",0.1,Cattle,Illinois
HESSMAN DOUG,"Illinois City, Illinois


                    United States",0.1,Cattle,Illinois
"DEWALL, EVAN","Baileyville, Illinois


                    United States",0.1,Cattle,Illinois
Dowland Farms,"Greenfield, Illinois


                    United States",0.1,Cattle,Illinois
"Hoke, Edward","Clinton, Illinois


                    United States",0.1,Cattle,Illinois
"Crumrin, Jack","Martinsville, Illinois


                    United States",0.1,Cattle,Illinois
Coal Creek Farms,"Orion, Illinois


                    United States",0.11,Cattle,Illinois
"Bertelsen, Thomas","Little York, Illinois


                    United States",0.11,Cattle,Illinois
Aldens Farms,"Marengo, Illinois


                    United States",0.11,Cattle,Illinois
"Stitt, J R","Verona, Illinois


                    United States",0.11,Cattle,Illinois
"Lawfer, Ronald","Kent, Illinois


                    United States",0.11,Cattle,Illinois
"Snyder, Charles","Mount Sterling, Illinois


                    United States",0.11,Cattle,Illinois
Gal-o-roc,"Hennepin, Illinois


                    United States",0.11,Cattle,Illinois
T & T Cattle Co Inc,"Fairview, Illinois


                    United States",0.11,Cattle,Illinois
"Mize, William","Bunker Hill, Illinois


                    United States",0.11,Cattle,Illinois
"Steinacher, Peter","Carrollton, Illinois


                    United States",0.11,Cattle,Illinois
"Setterstrom, Robert","Orangeville, Illinois


                    United States",0.11,Cattle,Illinois
"STROHMAN, HEATH","Chana, Illinois


                    United States",0.11,Cattle,Illinois
"Bussmann, Larry","Moro, Illinois


                    United States",0.11,Cattle,Illinois
"Grebner, Marion","Glasford, Illinois


                    United States",0.11,Cattle,Illinois
"Doolittle, Thomas","Antioch, Illinois


                    United States",0.11,Cattle,Illinois
"Groezinger, Richard","Elizabeth, Illinois


                    United States",0.11,Cattle,Illinois
"Deters, Kenneth","Sigel, Illinois


                    United States",0.11,Cattle,Illinois
Monier Cattle Co,"Sparland, Illinois


                    United States",0.11,Cattle,Illinois
"Groezinger, Norm","Stockton, Illinois


                    United States",0.11,Cattle,Illinois
"Weaver, Clair","Dongola, Illinois


                    United States",0.11,Cattle,Illinois
PATTERSON FARMS,"Galatia, Illinois


                    United States",0.11,Cattle,Illinois
"NEISEN BROS., INC.","Quincy, Illinois


                    United States",0.11,Cattle,Illinois
"BUSHUR, LEONARD J","Effingham, Illinois


                    United States",0.11,Cattle,Illinois
"TJARDES FARMS, LLC","Gibson City, Illinois


                    United States",0.11,Cattle,Illinois
"Diedrich, David","Scales Mound, Illinois


                    United States",0.11,Cattle,Illinois
HADLEY HASHEIDER,"Okawville, Illinois


                    United States",0.11,Cattle,Illinois
"GRAY, JAMES LTD","Aledo, Illinois


                    United States",0.11,Cattle,Illinois
"Gillespie, Jim","Newton, Illinois


                    United States",0.11,Cattle,Illinois
"BERG, DEAN","Louisville, Illinois


                    United States",0.11,Cattle,Illinois
"Bowers, Alan R Sr & Jill Bowers","Nashville, Illinois


                    United States",0.11,Cattle,Illinois
"VANDERSNICK, PAULA","Annawan, Illinois


                    United States",0.11,Cattle,Illinois
KEITH R NEISEN,"Fowler, Illinois


                    United States",0.11,Cattle,Illinois
"Haas, Earl","Mascoutah, Illinois


                    United States",0.11,Cattle,Illinois
Wilkening Dairy,"Edwardsville, Illinois


                    United States",0.11,Cattle,Illinois
"Schrock, Earl & Clifford & William","Deer Grove, Illinois


                    United States",0.11,Cattle,Illinois
"Smith, Marty","Jewett, Illinois


                    United States",0.11,Cattle,Illinois
CURTIN LAND AND CATTLE LLC,"Blue Mound, Illinois


                    United States",0.11,Cattle,Illinois
"Egbert, Larry","Browning, Illinois


                    United States",0.11,Cattle,Illinois
"Hummel, Michael","Payson, Illinois


                    United States",0.11,Cattle,Illinois
Green Hillsides Dairy,"Sumner, Illinois


                    United States",0.11,Cattle,Illinois
"Porter, Brian","Ipava, Illinois


                    United States",0.11,Cattle,Illinois
"Mortland, Lionel","Hardin, Illinois


                    United States",0.11,Cattle,Illinois
Ok2 Farm LLC,"Chatsworth, Illinois


                    United States",0.11,Cattle,Illinois
"EBERSOLE, JOHN","Sterling, Illinois


                    United States",0.11,Cattle,Illinois
"Mosby, Jerry","Elizabethtown, Illinois


                    United States",0.11,Cattle,Illinois
"COOPER, JACOB ALLAN","Perry, Illinois


                    United States",0.11,Cattle,Illinois
"Olsen, Jeffrey","Prophetstown, Illinois


                    United States",0.11,Cattle,Illinois
"LURKINS, RONALD G","Sorento, Illinois


                    United States",0.11,Cattle,Illinois
"Buehne, James","Breese, Illinois


                    United States",0.11,Cattle,Illinois
Circle B,"Coffeen, Illinois


                    United States",0.11,Cattle,Illinois
"Urfer, James","Claremont, Illinois


                    United States",0.12,Cattle,Illinois
"YATES, JOHN","New Berlin, Illinois


                    United States",0.12,Cattle,Illinois
"Shike, Daryl","Alexis, Illinois


                    United States",0.12,Cattle,Illinois
"CREAMER, PATRICK","Assumption, Illinois


                    United States",0.12,Cattle,Illinois
"O'Connor, Ronald","Seymour, Illinois


                    United States",0.12,Cattle,Illinois
"Borgmann, Kenneth","Dakota, Illinois


                    United States",0.12,Cattle,Illinois
"Adams, Mike","Stillman Valley, Illinois


                    United States",0.12,Cattle,Illinois
"SMITH, JEFF","Petersburg, Illinois


                    United States",0.12,Cattle,Illinois
"Wilson, Kevin","Leaf River, Illinois


                    United States",0.12,Cattle,Illinois
"Beoletto, Robert F Inc","Canton, Illinois


                    United States",0.12,Cattle,Illinois
"Foley, Dennis","Scales Mound, Illinois


                    United States",0.12,Cattle,Illinois
Preston Farms,"Illinois City, Illinois


                    United States",0.12,Cattle,Illinois
BASS HOLSTEINS,"Orangeville, Illinois


                    United States",0.12,Cattle,Illinois
"Jansen Dairy, Inc.","Teutopolis, Illinois


                    United States",0.12,Cattle,Illinois
"Shoemaker,  Merle","Ridott, Illinois


                    United States",0.12,Cattle,Illinois
"Crider, Dan","Arrowsmith, Illinois


                    United States",0.12,Cattle,Illinois
"Strieker Seeds, LLC","Breese, Illinois


                    United States",0.12,Cattle,Illinois
"Drebes, Wayne","Fowler, Illinois


                    United States",0.12,Cattle,Illinois
"Eads, James","Oakland, Illinois


                    United States",0.12,Cattle,Illinois
Crackodon Dairy,"Stockton, Illinois


                    United States",0.12,Cattle,Illinois
"DRAINER, STANLEY","Jerseyville, Illinois


                    United States",0.12,Cattle,Illinois
"Yoder, Robert","Arthur, Illinois


                    United States",0.12,Cattle,Illinois
"Kaiser, Gary","Galena, Illinois


                    United States",0.12,Cattle,Illinois
Hillcroft Farm,"Anna, Illinois


                    United States",0.12,Cattle,Illinois
"Rhode, Wayne","Belvidere, Illinois


                    United States",0.12,Cattle,Illinois
"Rosenboom, Mark","Crescent City, Illinois


                    United States",0.12,Cattle,Illinois
Schneider Farm,"Venedy, Illinois


                    United States",0.12,Cattle,Illinois
"Breon, Larry","Batavia, Illinois


                    United States",0.11,Cattle,Illinois
"Elson, Joe","Windsor, Illinois


                    United States",0.11,Cattle,Illinois
"Siegworth, Greg","La Harpe, Illinois


                    United States",0.11,Cattle,Illinois
Yoder Brothers,"Avon, Illinois


                    United States",0.11,Cattle,Illinois
Engelkens Farms,"Freeport, Illinois


                    United States",0.11,Cattle,Illinois
"Holste, Tony","Altamont, Illinois


                    United States",0.11,Cattle,Illinois
"Gleckler, Harry","New Salem, Illinois


                    United States",0.11,Cattle,Illinois
"Maple, Paul","Payson, Illinois


                    United States",0.11,Cattle,Illinois
"SCHIRDING, HARRY","Petersburg, Illinois


                    United States",0.11,Cattle,Illinois
Chamberlain Farms,"Geneseo, Illinois


                    United States",0.11,Cattle,Illinois
DAIRY DELITE,"Aurora, Illinois


                    United States",0.11,Cattle,Illinois
Thorman Dairy Farms,"Macomb, Illinois


                    United States",0.11,Cattle,Illinois
"RANZ, LESTER M & ELEANOR","Trenton, Illinois


                    United States",0.11,Cattle,Illinois
"Neubauer, Carl Farms","Shirley, Illinois


                    United States",0.11,Cattle,Illinois
"RAUCH, JEFF","Montrose, Illinois


                    United States",0.11,Cattle,Illinois
Kollmann Farms,"Ashkum, Illinois


                    United States",0.11,Cattle,Illinois
"MOUNT, Robert","Vienna, Illinois


                    United States",0.11,Cattle,Illinois
"Lemenager, John","Clifton, Illinois


                    United States",0.11,Cattle,Illinois
Walter Farms,"Laura, Illinois


                    United States",0.11,Cattle,Illinois
Graybill Farms,"Freeport, Illinois


                    United States",0.11,Cattle,Illinois
Breckenridge Farms,"Sutter, Illinois


                    United States",0.11,Cattle,Illinois
"Crumrin, Dale","West Union, Illinois


                    United States",0.11,Cattle,Illinois
R Farms,"Pittsfield, Illinois


                    United States",0.11,Cattle,Illinois
"Hoelscher, Fred","Plymouth, Illinois


                    United States",0.13,Cattle,Illinois
"Johnson, Steven","Hebron, Illinois


                    United States",0.13,Cattle,Illinois
"SPANGLER, HOLLY ANN","Marietta, Illinois


                    United States",0.13,Cattle,Illinois
DAVID GLASGOW,"Scales Mound, Illinois


                    United States",0.13,Cattle,Illinois
"Wessel, Ronald","Centralia, Illinois


                    United States",0.13,Cattle,Illinois
Richard Wardynski,"Momence, Illinois


                    United States",0.13,Cattle,Illinois
"KUEHNER, EARL","Red Bud, Illinois


                    United States",0.13,Cattle,Illinois
"Zumbahlen, Tom","Effingham, Illinois


                    United States",0.13,Cattle,Illinois
"Turnbaugh, Greg","Mount Carroll, Illinois


                    United States",0.13,Cattle,Illinois
"D & V ROLLING ACRES, INC.","Good Hope, Illinois


                    United States",0.13,Cattle,Illinois
GARDENLEA JOHNSON FARMS,"Hebron, Illinois


                    United States",0.13,Cattle,Illinois
"hanold, pearley","Brighton, Illinois


                    United States",0.13,Cattle,Illinois
"Meier, Harvey","Troy, Illinois


                    United States",0.13,Cattle,Illinois
"PEPPER, JOHN","Poplar Grove, Illinois


                    United States",0.13,Cattle,Illinois
"Law, Alfred","Mount Carroll, Illinois


                    United States",0.13,Cattle,Illinois
KENNETH R MCCONACHIE,"Cutler, Illinois


                    United States",0.13,Cattle,Illinois
Kramper Dairy,"Marissa, Illinois


                    United States",0.13,Cattle,Illinois
"Tranel, Kerry","East Dubuque, Illinois


                    United States",0.13,Cattle,Illinois
"Furniss, Carl","Barry, Illinois


                    United States",0.13,Cattle,Illinois
"Smith, Mark","Campbell Hill, Illinois


                    United States",0.13,Cattle,Illinois
"Grove, Donald","Metamora, Illinois


                    United States",0.12,Cattle,Illinois
"Wagenknecht, Otto & Sons Mix Mill","Milledgeville, Illinois


                    United States",0.12,Cattle,Illinois
"DUTCH-MARIE DAIRY, INC.","Highland, Illinois


                    United States",0.12,Cattle,Illinois
"Bunger, Michael","Oregon, Illinois


                    United States",0.12,Cattle,Illinois
"Fosse, Lewis","Marion, Illinois


                    United States",0.12,Cattle,Illinois
"Livesay, Rick","Geneseo, Illinois


                    United States",0.12,Cattle,Illinois
"PLATZ, JOSEPH FRANKLIN","Sigel, Illinois


                    United States",0.12,Cattle,Illinois
"NEAL, SANDRA S.","Paris, Illinois


                    United States",0.12,Cattle,Illinois
"Koester, Jeffrey and Sheila","Scales Mound, Illinois


                    United States",0.12,Cattle,Illinois
DAN EASTERDAY,"Nokomis, Illinois


                    United States",0.12,Cattle,Illinois
"BREMER, BRIAN","Metropolis, Illinois


                    United States",0.12,Cattle,Illinois
PIERCE FARM,"Stockton, Illinois


                    United States",0.12,Cattle,Illinois
HERITAGE ENTERPRISES,"Macomb, Illinois


                    United States",0.12,Cattle,Illinois
Klopmeier William,"Bunker Hill, Illinois


                    United States",0.12,Cattle,Illinois
Hart Livestock,"Marietta, Illinois


                    United States",0.12,Cattle,Illinois
Black Hawk Farm,"Elizabeth, Illinois


                    United States",0.12,Cattle,Illinois
"HARRE, KEVIN","Nashville, Illinois


                    United States",0.12,Cattle,Illinois
"Spencer, Raymond","Crossville, Illinois


                    United States",0.12,Cattle,Illinois
"WAWE DAIRY FARM, INC.","Waterloo, Illinois


                    United States",0.12,Cattle,Illinois
"Kahrhoff, John","Carlyle, Illinois


                    United States",0.12,Cattle,Illinois
JD PORK LLC,"La Harpe, Illinois


                    United States",0.12,Cattle,Illinois
Mckee Farms,"Stockton, Illinois


                    United States",0.12,Cattle,Illinois
GENE WARMBIR LLC,"Clifton, Illinois


                    United States",0.12,Cattle,Illinois
"Johnston, Robert","Milan, Illinois


                    United States",0.12,Cattle,Illinois
"Miller, Urias","Tampico, Illinois


                    United States",0.12,Cattle,Illinois
"Butterfield, Dave & Kent","Sheridan, Illinois


                    United States",0.12,Cattle,Illinois
"Miller, Ben & Esther","Bluford, Illinois


                    United States",0.12,Cattle,Illinois
"Woessner, Brad","Shannon, Illinois


                    United States",0.12,Cattle,Illinois
"Kenny, Leo","Donnellson, Illinois


                    United States",0.12,Cattle,Illinois
"Severson, Ronald","Morris, Illinois


                    United States",0.12,Cattle,Illinois
"WINKELMANN, JAY WAYNE","Springfield, Illinois


                    United States",0.14,Cattle,Illinois
"Hortin, Tom","Albion, Illinois


                    United States",0.14,Cattle,Illinois
"Middendorf, John","East Dubuque, Illinois


                    United States",0.14,Cattle,Illinois
"RAPP, John","Belle Rive, Illinois


                    United States",0.14,Cattle,Illinois
"Wright, Ron","Sheffield, Illinois


                    United States",0.14,Cattle,Illinois
Cribben Valuation Service,"Somonauk, Illinois


                    United States",0.14,Cattle,Illinois
"Riddell, WIlliam","Sparland, Illinois


                    United States",0.14,Cattle,Illinois
"Sturgell, Terrell","Paris, Illinois


                    United States",0.14,Cattle,Illinois
"Goodbred, Larry","Tonica, Illinois


                    United States",0.14,Cattle,Illinois
"Poettker, Duane E","Aviston, Illinois


                    United States",0.14,Cattle,Illinois
"Fitzgerald, Dale","Belvidere, Illinois


                    United States",0.14,Cattle,Illinois
"Hickey, Roger","Davis Junction, Illinois


                    United States",0.14,Cattle,Illinois
"YODER, EARL W","Claremont, Illinois


                    United States",0.14,Cattle,Illinois
"Sauer, Stanley","Red Bud, Illinois


                    United States",0.14,Cattle,Illinois
"York, Lene","Centralia, Illinois


                    United States",0.14,Cattle,Illinois
"SCHNEIDER, PETE","East Dubuque, Illinois


                    United States",0.14,Cattle,Illinois
O X O HEREFORD RANCH,"Mokena, Illinois


                    United States",0.13,Cattle,Illinois
"VAUGHN, RONALD","Sheridan, Illinois


                    United States",0.13,Cattle,Illinois
MARK ROTHROCK,"Parkersburg, Illinois


                    United States",0.13,Cattle,Illinois
SHICK SHACK FARM,"Oakford, Illinois


                    United States",0.13,Cattle,Illinois
"Newby, Larry","Charleston, Illinois


                    United States",0.13,Cattle,Illinois
RANDY TUTHILL,"Wyoming, Illinois


                    United States",0.13,Cattle,Illinois
Tripp Farm,"Anna, Illinois


                    United States",0.13,Cattle,Illinois
"Dietrich, Randy","Leaf River, Illinois


                    United States",0.13,Cattle,Illinois
"THANEPOHN, PHILIP A","Newark, Illinois


                    United States",0.13,Cattle,Illinois
TERRY HESTER,"Mendon, Illinois


                    United States",0.13,Cattle,Illinois
"Serven, Duane","Saint Augustine, Illinois


                    United States",0.13,Cattle,Illinois
POOLE FARMS,"Polo, Illinois


                    United States",0.13,Cattle,Illinois
"SMITH, MICHAEL F.","Pleasant Hill, Illinois


                    United States",0.13,Cattle,Illinois
"FRANK, KENNETH","Scales Mound, Illinois


                    United States",0.13,Cattle,Illinois
"Achers, Marlou","Liberty, Illinois


                    United States",0.13,Cattle,Illinois
"Bluffside Dairy Farm, Inc.","Waterloo, Illinois


                    United States",0.13,Cattle,Illinois
"NUSBAUM, JOSEPH D","Sterling, Illinois


                    United States",0.13,Cattle,Illinois
Jackson Farms,"Fulton, Illinois


                    United States",0.13,Cattle,Illinois
"Gildig, Roger farms","New Baden, Illinois


                    United States",0.13,Cattle,Illinois
"DIERKS, DOUGLAS","Ava, Illinois


                    United States",0.13,Cattle,Illinois
"WESTENDORF, STEVEN L","Dieterich, Illinois


                    United States",0.13,Cattle,Illinois
"WILSON, JERRY D","Ava, Illinois


                    United States",0.13,Cattle,Illinois
"WILCOX, CHRIS","Waverly, Illinois


                    United States",0.13,Cattle,Illinois
"Bocker, Ron","Leaf River, Illinois


                    United States",0.13,Cattle,Illinois
"Britton, Irving","Villa Ridge, Illinois


                    United States",0.13,Cattle,Illinois
"Wollbrink, Lyle","Sutter, Illinois


                    United States",0.13,Cattle,Illinois
"Perkins, Donnie","Albion, Illinois


                    United States",0.13,Cattle,Illinois
BILL FRANK,"Mechanicsburg, Illinois


                    United States",0.13,Cattle,Illinois
"Fuhler, James","Breese, Illinois


                    United States",0.13,Cattle,Illinois
MISTY MOO HOLSTEINS,"Hebron, Illinois


                    United States",0.13,Cattle,Illinois
"Blaser, Blair","Reynolds, Illinois


                    United States",0.13,Cattle,Illinois
"Shriver, Timothy D","Ursa, Illinois


                    United States",0.13,Cattle,Illinois
"WALLER, ROBERT R","Carlock, Illinois


                    United States",0.13,Cattle,Illinois
"Williams, David","Martinsville, Illinois


                    United States",0.13,Cattle,Illinois
"Trieb, Robert & Marybelle","Tilden, Illinois


                    United States",0.15,Cattle,Illinois
BERRYVILLE FARMS,"Calhoun, Illinois


                    United States",0.15,Cattle,Illinois
Frank Voss Jr,"Fowler, Illinois


                    United States",0.15,Cattle,Illinois
"AKERS, JAMES E","Carthage, Illinois


                    United States",0.15,Cattle,Illinois
"Scgiffbauer, Douglas","Tonica, Illinois


                    United States",0.14,Cattle,Illinois
"Moldenhauer, Wayne","San Jose, Illinois


                    United States",0.14,Cattle,Illinois
"Haas, Ken","Elizabeth, Illinois


                    United States",0.14,Cattle,Illinois
"SMITH DAIRY FARM, INC.","Pinckneyville, Illinois


                    United States",0.14,Cattle,Illinois
Shrader Farms Inc,"Charleston, Illinois


                    United States",0.14,Cattle,Illinois
"Loy, Larry","Jerseyville, Illinois


                    United States",0.14,Cattle,Illinois
Riverside Beef LLC,"Bartelso, Illinois


                    United States",0.14,Cattle,Illinois
"R & D GENENBACHER FARMS, INC.","Fowler, Illinois


                    United States",0.14,Cattle,Illinois
"KOEHLER, STEVEN","Basco, Illinois


                    United States",0.14,Cattle,Illinois
"DOWELL, Rod Farm","Girard, Illinois


                    United States",0.14,Cattle,Illinois
"Ammann, Gerald","Pocahontas, Illinois


                    United States",0.14,Cattle,Illinois
"Toepper, Randy","Magnolia, Illinois


                    United States",0.14,Cattle,Illinois
"Winter, W","Winslow, Illinois


                    United States",0.14,Cattle,Illinois
"Reed, Lyle","Dakota, Illinois


                    United States",0.14,Cattle,Illinois
"Danner, John L","Mount Vernon, Illinois


                    United States",0.14,Cattle,Illinois
McMahon Farms,"Ogden, Illinois


                    United States",0.14,Cattle,Illinois
"Wolf Creek Swine Farms, Inc.","New Canton, Illinois


                    United States",0.14,Cattle,Illinois
"Gebhart, Jeffrey","Trenton, Illinois


                    United States",0.14,Cattle,Illinois
RANDY EBERT,"Ashton, Illinois


                    United States",0.14,Cattle,Illinois
Coartney Farms,"Ashmore, Illinois


                    United States",0.14,Cattle,Illinois
Stayton Dairy Farms Inc,"Waverly, Illinois


                    United States",0.14,Cattle,Illinois
"STREUTKER, RICHARD DBA RICH CARRIERS","Downs, Illinois


                    United States",0.14,Cattle,Illinois
"Hoerner, Shelby","Graymont, Illinois


                    United States",0.14,Cattle,Illinois
"Kastning, Charles","Capron, Illinois


                    United States",0.14,Cattle,Illinois
"Foster, Loren","Sherrard, Illinois


                    United States",0.14,Cattle,Illinois
"Koester Dairy, Inc.","Dakota, Illinois


                    United States",0.14,Cattle,Illinois
"Blout, Darrel & Allen","Ellisville, Illinois


                    United States",0.14,Cattle,Illinois
"Beeler, Russell","Sutter, Illinois


                    United States",0.14,Cattle,Illinois
"Huber, Dennis","Plainville, Illinois


                    United States",0.14,Cattle,Illinois
"Kidd, William","De Land, Illinois


                    United States",0.14,Cattle,Illinois
McLaughlin Simmentals,"Sherrard, Illinois


                    United States",0.14,Cattle,Illinois
"Hartstirn, Randall","Canton, Illinois


                    United States",0.14,Cattle,Illinois
"Bettenhausen, David","Peotone, Illinois


                    United States",0.14,Cattle,Illinois
Witte Brothers Farm,"Heyworth, Illinois


                    United States",0.14,Cattle,Illinois
TRAME THOMAS L MARYANN R,"Breese, Illinois


                    United States",0.14,Cattle,Illinois
"SCHROCK, MARK A","Ava, Illinois


                    United States",0.14,Cattle,Illinois
"Clark, Robert","Oblong, Illinois


                    United States",0.14,Cattle,Illinois
HUDDLESTUN BRAD140 CO,"Casey, Illinois


                    United States",0.14,Cattle,Illinois
"Fix, Lawrence","Belleville, Illinois


                    United States",0.14,Cattle,Illinois
"BOLAND, DAVID","Paris, Illinois


                    United States",0.14,Cattle,Illinois
"Buzzard, Stanley","Beecher City, Illinois


                    United States",0.14,Cattle,Illinois
"Reel, John","Carlock, Illinois


                    United States",0.14,Cattle,Illinois
"Wells, Steven","Cambridge, Illinois


                    United States",0.14,Cattle,Illinois
"Frederking, Mark","Nashville, Illinois


                    United States",0.14,Cattle,Illinois
"Mc Cleary, Robert","Mendon, Illinois


                    United States",0.14,Cattle,Illinois
"Latch, W. J.","Sumner, Illinois


                    United States",0.14,Cattle,Illinois
"Klokkenga, Alan","Emden, Illinois


                    United States",0.15,Cattle,Illinois
Kalmer Dairy,"New Baden, Illinois


                    United States",0.15,Cattle,Illinois
"Debatin, William J","Pocahontas, Illinois


                    United States",0.15,Cattle,Illinois
"BURNETT FARMS, INC.","Metropolis, Illinois


                    United States",0.15,Cattle,Illinois
MT DAIRY,"Chicago, Illinois


                    United States",0.15,Cattle,Illinois
"MAY, JEANNINE M","Princeton, Illinois


                    United States",0.15,Cattle,Illinois
"Buschschulte, Leo","Cutler, Illinois


                    United States",0.15,Cattle,Illinois
"Fisher, William","Kirkwood, Illinois


                    United States",0.15,Cattle,Illinois
Wenru Sons,"Mendon, Illinois


                    United States",0.15,Cattle,Illinois
"Plager, Michael","Pearl City, Illinois


                    United States",0.15,Cattle,Illinois
"Watt, David","Murrayville, Illinois


                    United States",0.15,Cattle,Illinois
"KOESTER FARM & INDUSTRY, LLC","Dakota, Illinois


                    United States",0.15,Cattle,Illinois
"OCHS, THEODORE F","West Liberty, Illinois


                    United States",0.15,Cattle,Illinois
Swanson Bros,"Geneseo, Illinois


                    United States",0.15,Cattle,Illinois
"RAGAN, LELAND","Barry, Illinois


                    United States",0.15,Cattle,Illinois
"LAMBRIGHT, WAYNE A","Ava, Illinois


                    United States",0.15,Cattle,Illinois
"SMITH, BRUCE D","Pleasant Hill, Illinois


                    United States",0.15,Cattle,Illinois
R&B OTTENSMEIER DAIRY,"Breese, Illinois


                    United States",0.15,Cattle,Illinois
"Four R Farms, Inc.","Findlay, Illinois


                    United States",0.15,Cattle,Illinois
"Jarden, C","Bunker Hill, Illinois


                    United States",0.15,Cattle,Illinois
Hall's Double JL Farms,"Cobden, Illinois


                    United States",0.15,Cattle,Illinois
Tree Lane Farms,"El Paso, Illinois


                    United States",0.15,Cattle,Illinois
"Eddinger, Don","Winchester, Illinois


                    United States",0.15,Cattle,Illinois
Blacklock Farms,"Vergennes, Illinois


                    United States",0.15,Cattle,Illinois
GEHRING FARM,"Galesburg, Illinois


                    United States",0.15,Cattle,Illinois
"Gardner, Dave","Richmond, Illinois


                    United States",0.15,Cattle,Illinois
"Schultz, Jack","Beaverville, Illinois


                    United States",0.15,Cattle,Illinois
"Mollet, Wayne","Highland, Illinois


                    United States",0.15,Cattle,Illinois
"Desmith, Kenneth","Atkinson, Illinois


                    United States",0.15,Cattle,Illinois
Edward's Farms LLC,"Monmouth, Illinois


                    United States",0.15,Cattle,Illinois
"WILLS, MICHAEL","Galena, Illinois


                    United States",0.15,Cattle,Illinois
"Virgin, David","Arenzville, Illinois


                    United States",0.15,Cattle,Illinois
"BRUMMET, JERRY","Ramsey, Illinois


                    United States",0.15,Cattle,Illinois
GOLD NUGGET FARMS,"Mount Carroll, Illinois


                    United States",0.15,Cattle,Illinois
Legacy Farms,"Witt, Illinois


                    United States",0.15,Cattle,Illinois
"Wys, Ron","Ipava, Illinois


                    United States",0.15,Cattle,Illinois
"Rohlwing, Ellen","Chebanse, Illinois


                    United States",0.15,Cattle,Illinois
MCINTYRE FARMS Inc,"Savanna, Illinois


                    United States",0.15,Cattle,Illinois
"RICHTER, MICHAEL W.","Breese, Illinois


                    United States",0.15,Cattle,Illinois
"MAPES, KATHY","Stockton, Illinois


                    United States",0.15,Cattle,Illinois
"Deters, Joseph","Sigel, Illinois


                    United States",0.15,Cattle,Illinois
"LENTZ, MATTHEW","Davis, Illinois


                    United States",0.15,Cattle,Illinois
"Smith, Randell","Annapolis, Illinois


                    United States",0.15,Cattle,Illinois
Bruns Dairy Farm,"Germantown, Illinois


                    United States",0.15,Cattle,Illinois
"Krieg, Galen","Basco, Illinois


                    United States",0.15,Cattle,Illinois
H & R Farms,"Du Quoin, Illinois


                    United States",0.15,Cattle,Illinois
"Goines, Richard","Karnak, Illinois


                    United States",0.15,Cattle,Illinois
"GUYER, DAVID K","Robinson, Illinois


                    United States",0.15,Cattle,Illinois
"Folgate, James","Dakota, Illinois


                    United States",0.15,Cattle,Illinois
"Yung, Richard","Alexis, Illinois


                    United States",0.15,Cattle,Illinois
"Bergfeld, Donald Dairy Farm","Teutopolis, Illinois


                    United States",0.17,Cattle,Illinois
Koester Dairy Farm,"Red Bud, Illinois


                    United States",0.17,Cattle,Illinois
Genesis Farms LLC,"West Peoria, Illinois


                    United States",0.17,Cattle,Illinois
"HENERT FARMS, INC.","Ashton, Illinois


                    United States",0.16,Cattle,Illinois
DeVries Farms,"Forreston, Illinois


                    United States",0.16,Cattle,Illinois
Maple Hills Holsteins,"Iuka, Illinois


                    United States",0.16,Cattle,Illinois
"THOLE, LUKE G","Greenville, Illinois


                    United States",0.16,Cattle,Illinois
HILLSIDE DAIRY INCSALGER,"Red Bud, Illinois


                    United States",0.16,Cattle,Illinois
"Dean,Bruce","Ava, Illinois


                    United States",0.16,Cattle,Illinois
Harrawood Farms,"Galatia, Illinois


                    United States",0.16,Cattle,Illinois
"Mc Cue, James","Coleta, Illinois


                    United States",0.16,Cattle,Illinois
Angus Weaver Farm Inc,"Brimfield, Illinois


                    United States",0.16,Cattle,Illinois
"Diffenderfer, Mark","Mc Connell, Illinois


                    United States",0.16,Cattle,Illinois
"BORK, MARSHALL R. JR.","Mount Carroll, Illinois


                    United States",0.16,Cattle,Illinois
Piel Farms,"Red Bud, Illinois


                    United States",0.16,Cattle,Illinois
"HOENE, PAUL","Sigel, Illinois


                    United States",0.16,Cattle,Illinois
"Murphy, Alan","Clinton, Illinois


                    United States",0.16,Cattle,Illinois
"Shupe, Robert","Warsaw, Illinois


                    United States",0.16,Cattle,Illinois
"Yandell, Steve","Tunnel Hill, Illinois


                    United States",0.16,Cattle,Illinois
"Ibendaul, John","Oakdale, Illinois


                    United States",0.16,Cattle,Illinois
"Walden, Wayne","Mode, Illinois


                    United States",0.16,Cattle,Illinois
"ALBRECHT FARMS, INC.","Ohio, Illinois


                    United States",0.16,Cattle,Illinois
"WARFIELD ENTERPRISES, INC.","Gibson City, Illinois


                    United States",0.16,Cattle,Illinois
"Cresap, Bruce Farms","White Heath, Illinois


                    United States",0.16,Cattle,Illinois
DON ALTHAUS,"Sublette, Illinois


                    United States",0.16,Cattle,Illinois
"DIEL FARMS, INC.","Noble, Illinois


                    United States",0.16,Cattle,Illinois
ROSER TRIPLE R FARMS,"Enfield, Illinois


                    United States",0.16,Cattle,Illinois
L & R LAND AND CATTLE COMPANY,"Chambersburg, Illinois


                    United States",0.16,Cattle,Illinois
BRUCE HAMANN,"Peotone, Illinois


                    United States",0.16,Cattle,Illinois
"Wilken, John","Carlyle, Illinois


                    United States",0.16,Cattle,Illinois
"VILLA ROSA, INC.","Greenville, Illinois


                    United States",0.16,Cattle,Illinois
"De Vries, Lloyd","Shannon, Illinois


                    United States",0.16,Cattle,Illinois
"Heaver, Jerry","Pittsfield, Illinois


                    United States",0.16,Cattle,Illinois
"Bell, Gregory","Viola, Illinois


                    United States",0.16,Cattle,Illinois
"Pingsterhaus, Randy","Breese, Illinois


                    United States",0.16,Cattle,Illinois
HAWKINSON BROS. INC.,"Galesburg, Illinois


                    United States",0.16,Cattle,Illinois
ALVIN BUSS,"Lenzburg, Illinois


                    United States",0.16,Cattle,Illinois
"KELLER, KATHERINE","Mount Carroll, Illinois


                    United States",0.16,Cattle,Illinois
"SNEEK, ROGER A.","Shannon, Illinois


                    United States",0.16,Cattle,Illinois
Kaeb Bros,"Cissna Park, Illinois


                    United States",0.16,Cattle,Illinois
Stewart Farms,"Vienna, Illinois


                    United States",0.16,Cattle,Illinois
GARY LOLLING,"Pecatonica, Illinois


                    United States",0.16,Cattle,Illinois
Allaman Angus Farms,"Monmouth, Illinois


                    United States",0.16,Cattle,Illinois
Griffith's Farms,"Geneseo, Illinois


                    United States",0.16,Cattle,Illinois
ROBERT L MILES,"Collison, Illinois


                    United States",0.16,Cattle,Illinois
"Marshall, Larry","Avon, Illinois


                    United States",0.16,Cattle,Illinois
Warner Farms,"Mount Vernon, Illinois


                    United States",0.16,Cattle,Illinois
BLYTHE Enterprise Inc,"La Harpe, Illinois


                    United States",0.16,Cattle,Illinois
"Cottom, Leroy","Ava, Illinois


                    United States",0.15,Cattle,Illinois
SIDDENS DAIRY FARM,"Mason, Illinois


                    United States",0.15,Cattle,Illinois
"HILMES, ALLEN","Breese, Illinois


                    United States",0.18,Cattle,Illinois
Fauth Polled Herefords,"New Athens, Illinois


                    United States",0.18,Cattle,Illinois
"JONES, Z CHARLES","Effingham, Illinois


                    United States",0.18,Cattle,Illinois
"Adam, Allan","New Windsor, Illinois


                    United States",0.18,Cattle,Illinois
Redfearn Trucking,"Galena, Illinois


                    United States",0.18,Cattle,Illinois
"Venhaus, Bob","Aviston, Illinois


                    United States",0.18,Cattle,Illinois
pittman REPAIR SERVICE,"Galatia, Illinois


                    United States",0.18,Cattle,Illinois
"IRON WHEEL RANCH, LLC","Dongola, Illinois


                    United States",0.18,Cattle,Illinois
"STAKER'S ACRES, INC.","Aledo, Illinois


                    United States",0.18,Cattle,Illinois
"BECKLINGER, KATHLEEN M","Marengo, Illinois


                    United States",0.18,Cattle,Illinois
"Anderson, Andy","Mount Carmel, Illinois


                    United States",0.18,Cattle,Illinois
"Goldsborough, Don","Rushville, Illinois


                    United States",0.18,Cattle,Illinois
Roand Farms,"Addieville, Illinois


                    United States",0.17,Cattle,Illinois
B & B Farm,"Villa Ridge, Illinois


                    United States",0.17,Cattle,Illinois
"Harvell, Morris & Wally","Steward, Illinois


                    United States",0.17,Cattle,Illinois
"Mc Ward, Shirley","Owaneco, Illinois


                    United States",0.17,Cattle,Illinois
"M.K.S. FARMS, INC.","New Douglas, Illinois


                    United States",0.17,Cattle,Illinois
"Bauman, Kevin","Sesser, Illinois


                    United States",0.17,Cattle,Illinois
STANLEY ADAMS,"Effingham, Illinois


                    United States",0.17,Cattle,Illinois
Sandrock Farms/Sauk & Valley Angus,"Rock Falls, Illinois


                    United States",0.17,Cattle,Illinois
"BOND, HARRY","Mount Vernon, Illinois


                    United States",0.17,Cattle,Illinois
"Stubbe, Bill","Dakota, Illinois


                    United States",0.17,Cattle,Illinois
"ALWARD, JOHN","Shipman, Illinois


                    United States",0.17,Cattle,Illinois
"Von DerHaar, Charles","Carlyle, Illinois


                    United States",0.17,Cattle,Illinois
"R-HOMESTEAD, LTD.","Nokomis, Illinois


                    United States",0.17,Cattle,Illinois
"Pride St. Louis, Inc","Bartelso, Illinois


                    United States",0.17,Cattle,Illinois
Reineke Farms,"Irving, Illinois


                    United States",0.17,Cattle,Illinois
Palm Trucking Inc,"Winnebago, Illinois


                    United States",0.17,Cattle,Illinois
"Snider, Willis","Lerna, Illinois


                    United States",0.17,Cattle,Illinois
"Volk, Lawrence","Mount Sterling, Illinois


                    United States",0.17,Cattle,Illinois
"Burroughs, Jerry","Iuka, Illinois


                    United States",0.17,Cattle,Illinois
"Leiland, Leigh","Bunker Hill, Illinois


                    United States",0.17,Cattle,Illinois
"Schlees, Art","Watseka, Illinois


                    United States",0.17,Cattle,Illinois
"WINDCREST DAIRY, INC.","Trenton, Illinois


                    United States",0.17,Cattle,Illinois
BUTLER FAMILY CORPORATION,"La Harpe, Illinois


                    United States",0.17,Cattle,Illinois
"DEGERENGEL, W & SON","Geneseo, Illinois


                    United States",0.17,Cattle,Illinois
LANDMARK FARM CO.,"Yates City, Illinois


                    United States",0.17,Cattle,Illinois
"Hurst, Richard","Dorsey, Illinois


                    United States",0.17,Cattle,Illinois
"NORTHLAND FARMS, LLC","Sterling, Illinois


                    United States",0.17,Cattle,Illinois
"DOMAGALLA, RANDY JOSEPH","Manhattan, Illinois


                    United States",0.17,Cattle,Illinois
"Devillez, W","Eldorado, Illinois


                    United States",0.17,Cattle,Illinois
CULLUM MINING COMPANY,"Rosiclare, Illinois


                    United States",0.17,Cattle,Illinois
"Hasemeyer, Clyde","Ellis Grove, Illinois


                    United States",0.17,Cattle,Illinois
Taralane Angus Farms,"Edwardsville, Illinois


                    United States",0.17,Cattle,Illinois
"Milliman, Richard","West Liberty, Illinois


                    United States",0.17,Cattle,Illinois
"Studyvin, John","Tremont, Illinois


                    United States",0.17,Cattle,Illinois
"Clodfelter, Ivan L","West Salem, Illinois


                    United States",0.17,Cattle,Illinois
Chosen Valley Farm,"Lena, Illinois


                    United States",0.17,Cattle,Illinois
"Smith, Charles","Rushville, Illinois


                    United States",0.17,Cattle,Illinois
"HOLLEWELL, REBECCA SUE","German Valley, Illinois


                    United States",0.17,Cattle,Illinois
"Harvey, Randy","Newton, Illinois


                    United States",0.19,Cattle,Illinois
"Gastler, Richard","Quincy, Illinois


                    United States",0.19,Cattle,Illinois
Koch Nook Dairy Farms,"Mount Sterling, Illinois


                    United States",0.19,Cattle,Illinois
Odell Larry G,"Ramsey, Illinois


                    United States",0.19,Cattle,Illinois
"HEUN, STEVEN","Fulton, Illinois


                    United States",0.19,Cattle,Illinois
"Hart, Jack","Marietta, Illinois


                    United States",0.19,Cattle,Illinois
RALEEN FARMS,"Bunker Hill, Illinois


                    United States",0.19,Cattle,Illinois
Waggener Bros,"Jacksonville, Illinois


                    United States",0.19,Cattle,Illinois
B D M Roskamp Farms,"Sutter, Illinois


                    United States",0.19,Cattle,Illinois
"FRESE, STEPHEN","Fowler, Illinois


                    United States",0.19,Cattle,Illinois
AUSTIN FARMS,"Durand, Illinois


                    United States",0.19,Cattle,Illinois
"ZIMMERMAN, INC.","Eureka, Illinois


                    United States",0.19,Cattle,Illinois
Hill Dairy,"Maple Park, Illinois


                    United States",0.19,Cattle,Illinois
"KLUEMKE, DENNIS FARM","Carlyle, Illinois


                    United States",0.19,Cattle,Illinois
"Sims, Kirk","New Windsor, Illinois


                    United States",0.19,Cattle,Illinois
"Spiegel, Fred","Kewanee, Illinois


                    United States",0.19,Cattle,Illinois
"KORDAIR FARMS, INC.","Germantown, Illinois


                    United States",0.19,Cattle,Illinois
"LYNNVUE FARM, LTD.","Nokomis, Illinois


                    United States",0.19,Cattle,Illinois
"Niedbalski, Ed Jr","Du Bois, Illinois


                    United States",0.19,Cattle,Illinois
Willman Farms,"Pittsfield, Illinois


                    United States",0.19,Cattle,Illinois
"FULLER FARMS, INC.","Bloomington, Illinois


                    United States",0.19,Cattle,Illinois
"LAKEVIEW PARTNER FARMS, LLC","Maple Park, Illinois


                    United States",0.19,Cattle,Illinois
"Kramer, Bill","Roseville, Illinois


                    United States",0.18,Cattle,Illinois
"HARTKE, MARY","Dieterich, Illinois


                    United States",0.18,Cattle,Illinois
"De Smith, David","Geneseo, Illinois


                    United States",0.18,Cattle,Illinois
EDWARD L ORRELL JR,"Shattuc, Illinois


                    United States",0.18,Cattle,Illinois
"KILGUS DAIRY, LLC","Fairbury, Illinois


                    United States",0.18,Cattle,Illinois
"Liefer, Harvey","Red Bud, Illinois


                    United States",0.18,Cattle,Illinois
"Fox, Donald","Coulterville, Illinois


                    United States",0.18,Cattle,Illinois
"Foor, Kimble","Lakewood, Illinois


                    United States",0.18,Cattle,Illinois
"Syrcle, Richard","Barry, Illinois


                    United States",0.18,Cattle,Illinois
Siebert Farms,"Hudson, Illinois


                    United States",0.18,Cattle,Illinois
"PLOTE, JANET MARIE","Leland, Illinois


                    United States",0.18,Cattle,Illinois
"Cunningham, Gene","Rushville, Illinois


                    United States",0.18,Cattle,Illinois
Kuberski Farms,"Du Bois, Illinois


                    United States",0.18,Cattle,Illinois
"BORRENPOHL, JOYCE","Addieville, Illinois


                    United States",0.18,Cattle,Illinois
"BEER'S ROBO HOLSTEINS, LLC","Mascoutah, Illinois


                    United States",0.18,Cattle,Illinois
"Dixon, George","Colchester, Illinois


                    United States",0.18,Cattle,Illinois
"Harmon, Mary","Pearl City, Illinois


                    United States",0.18,Cattle,Illinois
Diekemper Farm Inc,"Carlyle, Illinois


                    United States",0.18,Cattle,Illinois
"Brase, Kyle Farms","Edwardsville, Illinois


                    United States",0.18,Cattle,Illinois
"Steiner, Glen","Tremont, Illinois


                    United States",0.18,Cattle,Illinois
Long Brothers Farm,"Mackinaw, Illinois


                    United States",0.18,Cattle,Illinois
La Fraise Farms,"Flanagan, Illinois


                    United States",0.18,Cattle,Illinois
"Beckmann, Kenneth","Bartelso, Illinois


                    United States",0.18,Cattle,Illinois
Karl Lawfer,"Kent, Illinois


                    United States",0.18,Cattle,Illinois
Naese Family Dairy Farms,"Stockton, Illinois


                    United States",0.18,Cattle,Illinois
URBAN EDELMAN,"Onarga, Illinois


                    United States",0.18,Cattle,Illinois
"Swanson, Ray","Pecatonica, Illinois


                    United States",0.18,Cattle,Illinois
"Huels, Lester","Carlyle, Illinois


                    United States",0.18,Cattle,Illinois
STACRES INC.,"Illinois City, Illinois


                    United States",0.21,Cattle,Illinois
"Currier, Preston","Kewanee, Illinois


                    United States",0.21,Cattle,Illinois
"Ellison, Bryan","Belleville, Illinois


                    United States",0.21,Cattle,Illinois
Taylor Grain & Livestock Farm,"Virginia, Illinois


                    United States",0.21,Cattle,Illinois
Circle A Land and Livestock Inc,"Assumption, Illinois


                    United States",0.21,Cattle,Illinois
"Dilday, Jim","Rockwood, Illinois


                    United States",0.21,Cattle,Illinois
"Pytlinski, Rick","Ashley, Illinois


                    United States",0.21,Cattle,Illinois
"OLBRICH, BRIAN","Harvard, Illinois


                    United States",0.21,Cattle,Illinois
"Bremmer, Ronald","Pearl City, Illinois


                    United States",0.21,Cattle,Illinois
"Phelps, Robert L","Rockton, Illinois


                    United States",0.21,Cattle,Illinois
"Lartz, James","Lena, Illinois


                    United States",0.21,Cattle,Illinois
"LENKAITIS, ALBERT","Saint Charles, Illinois


                    United States",0.21,Cattle,Illinois
"KMR DAIRY, INC.","Onarga, Illinois


                    United States",0.21,Cattle,Illinois
"MARCOOT JERSEY FARM, INC.","Greenville, Illinois


                    United States",0.21,Cattle,Illinois
"GIROT, PAUL","Elizabeth, Illinois


                    United States",0.21,Cattle,Illinois
"Peter, Stanley","Liberty, Illinois


                    United States",0.21,Cattle,Illinois
"SCHUETZ, IRENBE","Breese, Illinois


                    United States",0.21,Cattle,Illinois
"Wiemers, Dan","Moro, Illinois


                    United States",0.21,Cattle,Illinois
"SEYLLER, RONALD D","Hampshire, Illinois


                    United States",0.21,Cattle,Illinois
"FCCTX, LLC, Cottle County Grass","Chicago, Illinois


                    United States",0.21,Cattle,Illinois
"ROECKER, JAMES A","Morton, Illinois


                    United States",0.21,Cattle,Illinois
Bellm Distributing,"Bunker Hill, Illinois


                    United States",0.2,Cattle,Illinois
"H. & R. JACOBSEN, INC.","Momence, Illinois


                    United States",0.2,Cattle,Illinois
Dauphin Farms,"Savanna, Illinois


                    United States",0.2,Cattle,Illinois
"G & S FARMS, INC.","Bartelso, Illinois


                    United States",0.2,Cattle,Illinois
"Laub, Thomas","Altona, Illinois


                    United States",0.2,Cattle,Illinois
Byrne Green Dairy,"Lena, Illinois


                    United States",0.2,Cattle,Illinois
MEYER VMS DAIRY INC.,"Breese, Illinois


                    United States",0.2,Cattle,Illinois
"Mueller, George Farms Co","Taylor Ridge, Illinois


                    United States",0.2,Cattle,Illinois
"Bettenhausen, Dale","Manhattan, Illinois


                    United States",0.2,Cattle,Illinois
"Mugrage, Gary","Cisne, Illinois


                    United States",0.2,Cattle,Illinois
"Clavin, Daniel P","Nokomis, Illinois


                    United States",0.2,Cattle,Illinois
"NORDMAN FEEDLOTS, INC.","Oregon, Illinois


                    United States",0.2,Cattle,Illinois
"Lidy, George","Wheeler, Illinois


                    United States",0.2,Cattle,Illinois
"Johnson, Steve","Shabbona, Illinois


                    United States",0.2,Cattle,Illinois
"Ranson, Robert","Kilbourne, Illinois


                    United States",0.2,Cattle,Illinois
"Von Bokel, Jefferey","Breese, Illinois


                    United States",0.2,Cattle,Illinois
"CUNNINGHAM, MICHAEL","Princeville, Illinois


                    United States",0.2,Cattle,Illinois
"MCCOY BROTHERS, LLC","Palestine, Illinois


                    United States",0.2,Cattle,Illinois
"Block, Daniel","Broadlands, Illinois


                    United States",0.2,Cattle,Illinois
"DEVORE, JAMES K","Mulberry Grove, Illinois


                    United States",0.2,Cattle,Illinois
"Bockel, Robert","Princeton, Illinois


                    United States",0.19,Cattle,Illinois
"Freedom Hills Ranches, LLC","Mount Carroll, Illinois


                    United States",0.19,Cattle,Illinois
"BADER, STEVEN E","Scales Mound, Illinois


                    United States",0.19,Cattle,Illinois
"COLGAN, KATHERINE S.","Savanna, Illinois


                    United States",0.19,Cattle,Illinois
"VONDER HAAR, AUGUST H","Breese, Illinois


                    United States",0.19,Cattle,Illinois
Jansen Dairy Farms Inc,"Teutopolis, Illinois


                    United States",0.19,Cattle,Illinois
"GLENDELL H. FARMS, LTD.","Waterloo, Illinois


                    United States",0.19,Cattle,Illinois
HEISNER DAIRY FARM,"Lindenwood, Illinois


                    United States",0.19,Cattle,Illinois
"SLATE POINT FARMS, INC.","Wheeler, Illinois


                    United States",0.19,Cattle,Illinois
"PEARCE, TREVOR L","Clay City, Illinois


                    United States",0.23,Cattle,Illinois
"THOLE AG, INC.","Aviston, Illinois


                    United States",0.23,Cattle,Illinois
"Frakes, Alexander","Carthage, Illinois


                    United States",0.23,Cattle,Illinois
"ACHESON, Alan","Rushville, Illinois


                    United States",0.23,Cattle,Illinois
"LUEKING DAIRY FARM, INC.","Centralia, Illinois


                    United States",0.23,Cattle,Illinois
"Kuenstler, Fred G","Olney, Illinois


                    United States",0.23,Cattle,Illinois
"WIENEN, TIM Farms","Galena, Illinois


                    United States",0.23,Cattle,Illinois
"Reno, Don","Medora, Illinois


                    United States",0.23,Cattle,Illinois
"Spinhirne, Richard","Lena, Illinois


                    United States",0.23,Cattle,Illinois
"ABEL PIONEER FARMS, INC.","Illiopolis, Illinois


                    United States",0.23,Cattle,Illinois
CIRCLE K FARMS,"Pocahontas, Illinois


                    United States",0.23,Cattle,Illinois
"ALAN & GLEN KOCH FARMS, INC.","Mount Sterling, Illinois


                    United States",0.23,Cattle,Illinois
"R & K BEEF, INC.","Pittsfield, Illinois


                    United States",0.22,Cattle,Illinois
Harre Steve,"Nashville, Illinois


                    United States",0.22,Cattle,Illinois
Paulus Farm Inc,"Lincoln, Illinois


                    United States",0.22,Cattle,Illinois
"Johnson, Dale","Stockton, Illinois


                    United States",0.22,Cattle,Illinois
"WILRA FARMS, INC.","Nashville, Illinois


                    United States",0.22,Cattle,Illinois
Colburn Brothers,"Alpha, Illinois


                    United States",0.22,Cattle,Illinois
"LUDWIG FARMSTEAD CREAMERY, LLC","Fithian, Illinois


                    United States",0.22,Cattle,Illinois
"McOmber, David","Lena, Illinois


                    United States",0.22,Cattle,Illinois
John's Electric Heating And Air Conditioning,"West Salem, Illinois


                    United States",0.22,Cattle,Illinois
"Kleiboeker, Herman","Shattuc, Illinois


                    United States",0.22,Cattle,Illinois
DANIEL L OBERT,"Liberty, Illinois


                    United States",0.22,Cattle,Illinois
"Willrett, James E","Malta, Illinois


                    United States",0.22,Cattle,Illinois
"JACK, STEVEN","Stronghurst, Illinois


                    United States",0.22,Cattle,Illinois
"Bizenberger, George","Trenton, Illinois


                    United States",0.22,Cattle,Illinois
TOM REICHERT & SONS,"Marion, Illinois


                    United States",0.22,Cattle,Illinois
"Schwartzkopf, Daniel B","Woodhull, Illinois


                    United States",0.22,Cattle,Illinois
Plott Farm,"Anna, Illinois


                    United States",0.22,Cattle,Illinois
"Yoder, Lester","Arthur, Illinois


                    United States",0.22,Cattle,Illinois
"Becker, Steve","Mc Leansboro, Illinois


                    United States",0.22,Cattle,Illinois
"Loepker, Dan","Bartelso, Illinois


                    United States",0.22,Cattle,Illinois
Rensing  Hog Farm Inc,"New Douglas, Illinois


                    United States",0.22,Cattle,Illinois
Farms Veath's,"Evansville, Illinois


                    United States",0.22,Cattle,Illinois
"PAUL BORROWMAN FARMS, INC.","Pittsfield, Illinois


                    United States",0.22,Cattle,Illinois
"Oppold, Stephen","Pearl City, Illinois


                    United States",0.22,Cattle,Illinois
"HARRINGTON FARMS, L.L.C.","Sheridan, Illinois


                    United States",0.22,Cattle,Illinois
TD FARMS,"Okawville, Illinois


                    United States",0.22,Cattle,Illinois
Cowser Field & Feedlot,"Bradford, Illinois


                    United States",0.22,Cattle,Illinois
"MELLIERE FARMS, INC.","Evansville, Illinois


                    United States",0.22,Cattle,Illinois
"HORTENSTINE LAND & LIVESTOCK, INC.","Ramsey, Illinois


                    United States",0.22,Cattle,Illinois
"Huelsmann, Vernon","Trenton, Illinois


                    United States",0.22,Cattle,Illinois
Belle PrairieTownship Road District,"Fairbury, Illinois


                    United States",0.22,Cattle,Illinois
"Meinhart, Gary","Wheeler, Illinois


                    United States",0.21,Cattle,Illinois
"Rojemann, Steven","East Dubuque, Illinois


                    United States",0.21,Cattle,Illinois
"LOTZ, DEAN","Saint Peter, Illinois


                    United States",0.21,Cattle,Illinois
SHRIVER BROTHERS LP,"Ursa, Illinois


                    United States",0.21,Cattle,Illinois
J D & D Probst Farm,"Effingham, Illinois


                    United States",0.21,Cattle,Illinois
"Pilman, David E","Newton, Illinois


                    United States",0.21,Cattle,Illinois
"HOBBS, J MARVIN & DEBRAH D","Good Hope, Illinois


                    United States",0.21,Cattle,Illinois
"WYATT, MARK","Chrisman, Illinois


                    United States",0.24,Cattle,Illinois
"Lott, Lawrence","Pearl City, Illinois


                    United States",0.24,Cattle,Illinois
"C & C Dairy, Inc.","Markham, Illinois


                    United States",0.24,Cattle,Illinois
FERRIS DARRELL,"Greenup, Illinois


                    United States",0.24,Cattle,Illinois
"INDIAN CREEK FARMS, INC.","Fairbury, Illinois


                    United States",0.24,Cattle,Illinois
"Homerding, Brian","Minooka, Illinois


                    United States",0.24,Cattle,Illinois
"ANTOKA FARMS, INC.","Palestine, Illinois


                    United States",0.24,Cattle,Illinois
"Waier, Kenneth","Mc Leansboro, Illinois


                    United States",0.24,Cattle,Illinois
"NIEDBALSKI, RONALD","Nashville, Illinois


                    United States",0.24,Cattle,Illinois
"Hopkins Jr, Frank","Gilson, Illinois


                    United States",0.24,Cattle,Illinois
"OFFENHEISER FARM RENTALS, LLC","Elizabeth, Illinois


                    United States",0.24,Cattle,Illinois
UDDER HILL DAIRY INC.,"Carthage, Illinois


                    United States",0.24,Cattle,Illinois
"Hermes Brothers Farms, Inc","Springfield, Illinois


                    United States",0.24,Cattle,Illinois
DIETZ DAIRY FARM,"Lebanon, Illinois


                    United States",0.24,Cattle,Illinois
"Heitzig, R","Jerseyville, Illinois


                    United States",0.24,Cattle,Illinois
"WITTE FARMS, INC.","Nashville, Illinois


                    United States",0.24,Cattle,Illinois
"Ravnaas, Martin W","Rochelle, Illinois


                    United States",0.24,Cattle,Illinois
Bauen Hoff Dairy,"Campbell Hill, Illinois


                    United States",0.24,Cattle,Illinois
Parker Dairy Farm,"New Athens, Illinois


                    United States",0.24,Cattle,Illinois
"NOLAND FARMS, INC.","Blue Mound, Illinois


                    United States",0.24,Cattle,Illinois
Carpenter's Acres Inc,"Nebo, Illinois


                    United States",0.24,Cattle,Illinois
"Baker, Mark","Orangeville, Illinois


                    United States",0.24,Cattle,Illinois
"JOHN C. ROSKAMP AND SONS, INC.","Sutter, Illinois


                    United States",0.24,Cattle,Illinois
"Schoon, John","Canton, Illinois


                    United States",0.24,Cattle,Illinois
"Donley, Paul","Capron, Illinois


                    United States",0.24,Cattle,Illinois
"King, Phil","Tremont, Illinois


                    United States",0.24,Cattle,Illinois
Meier Meadow,"Ridott, Illinois


                    United States",0.24,Cattle,Illinois
Kindred Farms,"Atlanta, Illinois


                    United States",0.24,Cattle,Illinois
"Baumgart, Robert","Mount Carmel, Illinois


                    United States",0.24,Cattle,Illinois
Niemerg Farms,"Teutopolis, Illinois


                    United States",0.24,Cattle,Illinois
Rankin Farm,"Atlanta, Illinois


                    United States",0.24,Cattle,Illinois
"Ackerman, Arlyn","Prophetstown, Illinois


                    United States",0.24,Cattle,Illinois
PYATT BROTHERS FARMS LLC,"Pinckneyville, Illinois


                    United States",0.24,Cattle,Illinois
"Yoder, Ivan","Clayton, Illinois


                    United States",0.24,Cattle,Illinois
"Schultz, Wayne","Stockton, Illinois


                    United States",0.24,Cattle,Illinois
"Mulder, David","German Valley, Illinois


                    United States",0.24,Cattle,Illinois
SWAGLER BROTHERS Farm INC,"Shattuc, Illinois


                    United States",0.23,Cattle,Illinois
Sunny Hill Farm,"Taylor Ridge, Illinois


                    United States",0.23,Cattle,Illinois
Durward Farms,"Thomson, Illinois


                    United States",0.23,Cattle,Illinois
"UPHOFF FARMS, INC.","Findlay, Illinois


                    United States",0.23,Cattle,Illinois
"Ohern, Larry J","Vermont, Illinois


                    United States",0.23,Cattle,Illinois
"Mackinson, Donald","Pontiac, Illinois


                    United States",0.23,Cattle,Illinois
"FLOTO FARMS, INC.","Mount Morris, Illinois


                    United States",0.23,Cattle,Illinois
"Knebel Circle K Farms, Inc.","Pocahontas, Illinois


                    United States",0.23,Cattle,Illinois
"RNJ CATTLE, LLC","Carlyle, Illinois


                    United States",0.23,Cattle,Illinois
"Curry, Ron","Mattoon, Illinois


                    United States",0.23,Cattle,Illinois
"BROOKS, ARNOLD","Prophetstown, Illinois


                    United States",0.23,Cattle,Illinois
"Meier Land and Cattle, LLC","Dakota, Illinois


                    United States",0.23,Cattle,Illinois
PRAIRIE GREEN DAIRY LIMITED LIABILITY COMPANY,"Lena, Illinois


                    United States",0.23,Cattle,Illinois
Wright Farm,"Pittsfield, Illinois


                    United States",0.23,Cattle,Illinois
Double A Dairy,"Bartelso, Illinois


                    United States",0.29,Cattle,Illinois
"Feldhake, James","Effingham, Illinois


                    United States",0.29,Cattle,Illinois
"Bryon, Murphy","Fairfield, Illinois


                    United States",0.29,Cattle,Illinois
"7-W ENTERPRISES, INC.","Highland, Illinois


                    United States",0.28,Cattle,Illinois
"Bohnert Jerseys, LLC","East Moline, Illinois


                    United States",0.28,Cattle,Illinois
"HOUSTON, TODD","Golden, Illinois


                    United States",0.28,Cattle,Illinois
"HART CATTLE & GRAIN FARM, LLC","Cuba, Illinois


                    United States",0.28,Cattle,Illinois
"Hutchinson, Darrell","Atkinson, Illinois


                    United States",0.28,Cattle,Illinois
DEERLAND DAIRY LLC,"Freeport, Illinois


                    United States",0.27,Cattle,Illinois
Double S Farms,"Fairbury, Illinois


                    United States",0.27,Cattle,Illinois
Triple H Farms,"Sycamore, Illinois


                    United States",0.27,Cattle,Illinois
Steak City Feed Lot,"Ohio, Illinois


                    United States",0.27,Cattle,Illinois
Korando Farms Partners,"Chester, Illinois


                    United States",0.27,Cattle,Illinois
"CLAVIN DAIRY FARMS, INC.","Rosamond, Illinois


                    United States",0.27,Cattle,Illinois
Leefers Farm Inc.,"Carlinville, Illinois


                    United States",0.27,Cattle,Illinois
"Orlet, Henry","Mascoutah, Illinois


                    United States",0.26,Cattle,Illinois
"Canning, Rolland","Marissa, Illinois


                    United States",0.26,Cattle,Illinois
Spaulding Farms,"Villa Ridge, Illinois


                    United States",0.26,Cattle,Illinois
Wilson Farms,"Murrayville, Illinois


                    United States",0.26,Cattle,Illinois
"BLACKETER, JAMES R","Coatsburg, Illinois


                    United States",0.25,Cattle,Illinois
"Kinzinger, Douglas L","New Athens, Illinois


                    United States",0.25,Cattle,Illinois
"Emmerich, John","Wheeler, Illinois


                    United States",0.25,Cattle,Illinois
"Westendorf, James & Larry","Dieterich, Illinois


                    United States",0.25,Cattle,Illinois
"Hilmes, Aaron F","Carlyle, Illinois


                    United States",0.25,Cattle,Illinois
Joan Schone Farms,"Jacksonville, Illinois


                    United States",0.25,Cattle,Illinois
"Kilgus Farmstead, Inc.","Fairbury, Illinois


                    United States",0.25,Cattle,Illinois
James and Sue Spencer Farm,"Yale, Illinois


                    United States",0.25,Cattle,Illinois
"Tessendorf, Tom","Kent, Illinois


                    United States",0.25,Cattle,Illinois
PROBSTLAND DAIRY INC,"Wheeler, Illinois


                    United States",0.25,Cattle,Illinois
"FAUPEL, DAVID","Donovan, Illinois


                    United States",0.25,Cattle,Illinois
"Becker, Kenneth","Carlyle, Illinois


                    United States",0.25,Cattle,Illinois
C & S DAIRY FARMS,"Ringwood, Illinois


                    United States",0.25,Cattle,Illinois
swanson cattle farms inc,"Woodhull, Illinois


                    United States",0.25,Cattle,Illinois
Beau Brehm L Ranch,"Belle Rive, Illinois


                    United States",0.25,Cattle,Illinois
"Kryder, Randal","Lena, Illinois


                    United States",0.25,Cattle,Illinois
Frees Brothers,"Red Bud, Illinois


                    United States",0.25,Cattle,Illinois
"Guest, Glen","Nashville, Illinois


                    United States",0.25,Cattle,Illinois
"MOHR, JAMES","La Harpe, Illinois


                    United States",0.25,Cattle,Illinois
"Swanson, Matthew","Mason City, Illinois


                    United States",0.25,Cattle,Illinois
"Gradert, Arlon","Geneseo, Illinois


                    United States",0.25,Cattle,Illinois
"DEBLOCK FARMS, INC.","Viola, Illinois


                    United States",0.25,Cattle,Illinois
"weaver, leonard","Benton, Illinois


                    United States",0.25,Cattle,Illinois
"SCIDMORE DAIRY, LLC","Chadwick, Illinois


                    United States",0.25,Cattle,Illinois
"TRIPLE V FARMS, INC.","Breese, Illinois


                    United States",0.25,Cattle,Illinois
"Harvel, Larry Gene","Clay City, Illinois


                    United States",0.25,Cattle,Illinois
"Nelson, Philip","Seneca, Illinois


                    United States",0.25,Cattle,Illinois
Serven Partnership,"Prairie City, Illinois


                    United States",0.24,Cattle,Illinois
SCAPEGOAT FARMS LLC,"Marengo, Illinois


                    United States",0.24,Cattle,Illinois
Ropp Farms,"Normal, Illinois


                    United States",0.24,Cattle,Illinois
Crawford Farms,"Dixon, Illinois


                    United States",0.24,Cattle,Illinois
"Suhre, Brent","Alhambra, Illinois


                    United States",0.4,Cattle,Illinois
"BRASE FARMS, INC.","Edwardsville, Illinois


                    United States",0.4,Cattle,Illinois
"BOEHNE FARMS OF SHABBONA, LLC","Shabbona, Illinois


                    United States",0.4,Cattle,Illinois
Church-Stout Farms,"Prophetstown, Illinois


                    United States",0.4,Cattle,Illinois
Fay Mar Dairy Farm Inc,"Oakdale, Illinois


                    United States",0.39,Cattle,Illinois
PAYNE BROS FARMS,"Galatia, Illinois


                    United States",0.39,Cattle,Illinois
"Siebring, Kol","Danforth, Illinois


                    United States",0.39,Cattle,Illinois
"ADAMS, ZEL","Robinson, Illinois


                    United States",0.38,Cattle,Illinois
"LARTZ, LEVI W.","Lena, Illinois


                    United States",0.38,Cattle,Illinois
"Rogers, Donald","Dixon, Illinois


                    United States",0.37,Cattle,Illinois
"LITTLE BROWN COW DAIRY, LLC","Delavan, Illinois


                    United States",0.37,Cattle,Illinois
Ven-Oka Farm Inc,"Okawville, Illinois


                    United States",0.37,Cattle,Illinois
Schnitker Brothers,"Hoyleton, Illinois


                    United States",0.36,Cattle,Illinois
Henrichs Feed & Farm Inc,"Breese, Illinois


                    United States",0.36,Cattle,Illinois
Stone Ridge Dairy,"Mansfield, Illinois


                    United States",0.36,Cattle,Illinois
"OSTERHAGE-MUELLER, INC.","Fults, Illinois


                    United States",0.36,Cattle,Illinois
"WILDERMUTH, RANDY","Port Byron, Illinois


                    United States",0.36,Cattle,Illinois
"Klauser, Eugene","Liberty, Illinois


                    United States",0.35,Cattle,Illinois
"Morhet, Keith","Benton, Illinois


                    United States",0.35,Cattle,Illinois
Yordy Farms,"Morton, Illinois


                    United States",0.34,Cattle,Illinois
"ABERLE FARMS, INC.","Tremont, Illinois


                    United States",0.34,Cattle,Illinois
"Emmerich Dairy, LLC","Wheeler, Illinois


                    United States",0.34,Cattle,Illinois
"SPECIAL K FARMS, INC.","Troy, Illinois


                    United States",0.33,Cattle,Illinois
Wienhoff Farm,"Millstadt, Illinois


                    United States",0.33,Cattle,Illinois
"KUHNERT FARMS, INC.","Ava, Illinois


                    United States",0.33,Cattle,Illinois
"Moore, Larry","Medora, Illinois


                    United States",0.33,Cattle,Illinois
"FRITZ, ROBERT","Harvard, Illinois


                    United States",0.33,Cattle,Illinois
"HAAS, SCOTT W.","Elizabeth, Illinois


                    United States",0.33,Cattle,Illinois
SALGER BROTHERS,"Red Bud, Illinois


                    United States",0.32,Cattle,Illinois
Zehrview Farms,"Graymont, Illinois


                    United States",0.32,Cattle,Illinois
Glen Vonbokel,"Carlyle, Illinois


                    United States",0.32,Cattle,Illinois
"FAMILY AF-AYR FARM, LLC","Caledonia, Illinois


                    United States",0.32,Cattle,Illinois
"SILVER CREEK DAIRY, LLC","Forest, Ohio


                    United States",0.32,Cattle,Illinois
"Beasley, Dale","Creal Springs, Illinois


                    United States",0.32,Cattle,Illinois
Herrmann Cattle Co.,"Earlville, Illinois


                    United States",0.31,Cattle,Illinois
Gueldener Farm Inc,"Moro, Illinois


                    United States",0.31,Cattle,Illinois
"Harms, Norman & Kevin","Fairbury, Illinois


                    United States",0.31,Cattle,Illinois
ROUTE 9 RED ANGUS LLC,"Mackinaw, Illinois


                    United States",0.31,Cattle,Illinois
"Kampwerth, Ryan","Aviston, Illinois


                    United States",0.31,Cattle,Illinois
"Kuberski, Paul Jr","Tamaroa, Illinois


                    United States",0.31,Cattle,Illinois
"Minnaert, Jerrod","Geneseo, Illinois


                    United States",0.31,Cattle,Illinois
"BORELL FARMS, LTD.","Amboy, Illinois


                    United States",0.31,Cattle,Illinois
"Gill Farms, Inc.","Clay City, Illinois


                    United States",0.31,Cattle,Illinois
"Wilson, James","Murrayville, Illinois


                    United States",0.3,Cattle,Illinois
"POTTHAST, MICHAEL F","Sorento, Illinois


                    United States",0.3,Cattle,Illinois
S & B Trucking LLC,"Metamora, Illinois


                    United States",0.3,Cattle,Illinois
MORRISON NWM DAIRY COOLER,"Chicago, Illinois


                    United States",0.3,Cattle,Illinois
"GREENWOOD FARMS, INC.","Coffeen, Illinois


                    United States",0.3,Cattle,Illinois
"Berning, John","East Dubuque, Illinois


                    United States",0.3,Cattle,Illinois
"ELITE DAIRY GENOMICS, LLC","Downers Grove, Illinois


                    United States",0.3,Cattle,Illinois
"Prairie Farms Dairy, Inc.","Edwardsville, Illinois


                    United States",1633.2,Cattle,Illinois
Potomac Corporation,"Wheeling, Illinois


                    United States",49.94,Cattle,Illinois
East Side Jersey Dairy Inc.,"Edwardsville, Illinois


                    United States",20.55,Cattle,Illinois
"HOFFMANN OBERWEIS DAIRY, LLC","Winnetka, Illinois


                    United States",2.83,Cattle,Illinois
"PHILLIPS CATTLE CO., INC.","Chicago, Illinois


                    United States",2.15,Cattle,Illinois
"BIRCHEN FARMS, INC.","Pearl City, Illinois


                    United States",1.37,Cattle,Illinois
"ROSENGREN FARMS, INC.","Rock Falls, Illinois


                    United States",1.3,Cattle,Illinois
"RICE DAIRY RISK SERVICES, LLC","Chicago, Illinois


                    United States",1,Cattle,Illinois
Marcoot Jersey Creamery LLC,"Greenville, Illinois


                    United States",0.95,Cattle,Illinois
Lohrberg Lumber,"Waterloo, Illinois


                    United States",0.93,Cattle,Illinois
WGF LLC,"Kirkland, Illinois


                    United States",0.88,Cattle,Illinois
"Joseph Mcmahon Dairy Service, Inc.","Huntley, Illinois


                    United States",0.85,Cattle,Illinois
"Barber Milk, LLC","Birmingham, Alabama


                    United States",0.72,Cattle,Illinois
Book Cattle and Grain LLC,"Harvard, Illinois


                    United States",0.72,Cattle,Illinois
"HUTCHINS JR., CHARLES GREG","Decatur, Illinois


                    United States",0.71,Cattle,Illinois
"ROLLING LAWNS FARM, LLC","Greenville, Illinois


                    United States",0.62,Cattle,Illinois
"GILLMAN, BRUCE R.","Sherman, Illinois


                    United States",0.61,Cattle,Illinois
"HUNTER-HAVEN FARMS, INC.","Pearl City, Illinois


                    United States",0.59,Cattle,Illinois
"M. D. HARMON, INC.","Xenia, Illinois


                    United States",0.58,Cattle,Illinois
Mc Grew Feedlot EQUIPMENT,"Avon, Illinois


                    United States",0.54,Cattle,Illinois
Grand View Farms Lp,"Marine, Illinois


                    United States",0.54,Cattle,Illinois
"Finley, Scott","Sumner, Illinois


                    United States",0.51,Cattle,Illinois
Slippery Hill Farms,"Lenzburg, Illinois


                    United States",0.51,Cattle,Illinois
"Weston, Jim","Rossville, Illinois


                    United States",0.5,Cattle,Illinois
"BOB'S DAIRY SERVICE, INC.","Franklin Park, Illinois


                    United States",0.5,Cattle,Illinois
"WEILER FARMS, INC.","Claremont, Illinois


                    United States",0.49,Cattle,Illinois
"Jo-Eng Dairy Farms, Inc.","German Valley, Illinois


                    United States",0.49,Cattle,Illinois
"KRAUSE DAIRY, LLC","Cerro Gordo, Illinois


                    United States",0.49,Cattle,Illinois
"Ormiston, Kenneth Lee Jr","Paris, Illinois


                    United States",0.47,Cattle,Illinois
Funk Farms,"Shirley, Illinois


                    United States",0.47,Cattle,Illinois
Jarden Farms,"Bunker Hill, Illinois


                    United States",0.47,Cattle,Illinois
"B. Willenborg Farms, Inc.","Vandalia, Illinois


                    United States",0.47,Cattle,Illinois
"LARSON FARMS NORTH, LLC","Maple Park, Illinois


                    United States",0.47,Cattle,Illinois
"WONDER GREEN, INC.","Carlinville, Illinois


                    United States",0.47,Cattle,Illinois
"Goines, Jesse G","Grantsburg, Illinois


                    United States",0.46,Cattle,Illinois
Varel Dairy Inc,"Bartelso, Illinois


                    United States",0.46,Cattle,Illinois
ARENTSEN DAIRY INC.,"Albers, Illinois


                    United States",0.45,Cattle,Illinois
"Foglesong, Steven","Astoria, Illinois


                    United States",0.45,Cattle,Illinois
OVERTON FAMILY FARMS INC.,"Mattoon, Illinois


                    United States",0.45,Cattle,Illinois
"S HAAS FARMS, LLC","Elizabeth, Illinois


                    United States",0.45,Cattle,Illinois
"Premier Dairy Farms, LLC","Ringwood, Illinois


                    United States",0.45,Cattle,Illinois
"GAF-FINE FARMS, INC.","Greenville, Illinois


                    United States",0.44,Cattle,Illinois
Schneider Farms,"Venedy, Illinois


                    United States",0.43,Cattle,Illinois
"HUGHES SEED FARMS, INC.","Woodstock, Illinois


                    United States",0.43,Cattle,Illinois
Heritage Farms Grains And Dairy Nc,"Bushnell, Illinois


                    United States",0.43,Cattle,Illinois
"MEIER MEADOWS, LLC","Ridott, Illinois


                    United States",0.42,Cattle,Illinois
"STOECKER FARMS, INC.","Litchfield, Illinois


                    United States",0.42,Cattle,Illinois
"Overton, Monte","Mattoon, Illinois


                    United States",0.41,Cattle,Illinois
"Kleiboeker, Allen Farm","Carlyle, Illinois


                    United States",0.41,Cattle,Illinois
"CIRCLE G FARMS & FEEDLOTS, INC.","Oregon, Illinois


                    United States",0.41,Cattle,Illinois
